DEZE GEGEVENS MOGEN VRIJ WORDEN GEBRUIKT MITS DE VOLGENDE BRONVERMELDING WORDT GEGEVEN:
KONINKLIJK NEDERLANDS METEOROLOGISCH INSTITUUT (KNMI)

THESE DATA CAN BE USED FREELY PROVIDED THAT THE FOLLOWING SOURCE IS ACKNOWLEDGED:
ROYAL NETHERLANDS METEOROLOGICAL INSTITUTE

STN      = stationsnummer/stationnumber
YYYYMMDD = datum/date (YYYY=jaar/year MM=maand/month DD=dag/day)
RD       = 24-uur som van de neerslag in tiende millimeters van 08.00 voorafgaande dag- 08.00 UTC huidige dag/
           daily precipitation amount in 0.1 mm over the period 08.00 preceding day - 08.00 UTC present day
SX       = codecijfer sneeuwdek om 08.00 uur UTC/code for the snow cover at 08.00 UTC:

           codecijfer/code    sneeuwdikte/snow cover
           1                                    1 cm
           ...                                   ...
           996                                996 cm

           997 gebroken sneeuwdek/broken snow cover < 1 cm
           998 gebroken sneeuwdek/broken snow cover >=1 cm
           999 sneeuwhopen/snow dunes

5 spaties betekent een ontbrekende waarde/5 spaces represents a missing value

STN,YYYYMMDD,   RD,   SX,
474,19710101,    0,    8,
474,19710102,   22,    8,
474,19710103,    9,    2,
474,19710104,    0,    2,
474,19710105,    0,    2,
474,19710106,    0,    2,
474,19710107,    0,    2,
474,19710108,    7,    0,
474,19710109,   15,    0,
474,19710110,    0,    0,
474,19710111,    0,    0,
474,19710112,    0,    0,
474,19710113,    2,    0,
474,19710114,    0,    0,
474,19710115,    0,    0,
474,19710116,    8,    0,
474,19710117,    1,    0,
474,19710118,    1,    0,
474,19710119,   15,    0,
474,19710120,    5,    0,
474,19710121,   35,    0,
474,19710122,   10,    0,
474,19710123,   31,    0,
474,19710124,  115,    0,
474,19710125,   54,    0,
474,19710126,   85,    0,
474,19710127,   77,    0,
474,19710128,   10,    0,
474,19710129,   20,    0,
474,19710130,   30,    0,
474,19710131,   55,    0,
474,19710201,    0,    0,
474,19710202,    0,    0,
474,19710203,   62,    0,
474,19710204,    1,    0,
474,19710205,    0,    0,
474,19710206,    1,    0,
474,19710207,   10,    0,
474,19710208,    1,    0,
474,19710209,    0,    0,
474,19710210,    0,    0,
474,19710211,    1,    0,
474,19710212,    0,    0,
474,19710213,   55,    0,
474,19710214,    8,    0,
474,19710215,    1,    0,
474,19710216,  130,    0,
474,19710217,    0,    0,
474,19710218,   67,    0,
474,19710219,    1,    0,
474,19710220,    1,    0,
474,19710221,   30,    0,
474,19710222,    7,    0,
474,19710223,    7,    0,
474,19710224,    0,    0,
474,19710225,    2,    0,
474,19710226,   14,    0,
474,19710227,    0,    0,
474,19710228,    0,    0,
474,19710301,    0,  997,
474,19710302,    1,  997,
474,19710303,   30,    4,
474,19710304,    0,    4,
474,19710305,    0,    4,
474,19710306,   12,    4,
474,19710307,    0,    4,
474,19710308,    3,  997,
474,19710309,   10,  997,
474,19710310,    0,    0,
474,19710311,    3,    0,
474,19710312,   55,    0,
474,19710313,    1,    0,
474,19710314,    0,    0,
474,19710315,   21,    0,
474,19710316,   31,    0,
474,19710317,   42,    0,
474,19710318,   81,    0,
474,19710319,   20,    0,
474,19710320,    1,    0,
474,19710321,    0,    0,
474,19710322,    0,    0,
474,19710323,    0,    0,
474,19710324,   23,    0,
474,19710325,   14,    0,
474,19710326,   33,    0,
474,19710327,    3,    0,
474,19710328,    4,    0,
474,19710329,    0,    0,
474,19710330,    0,    0,
474,19710331,    0,    0,
474,19710401,    0,    0,
474,19710402,    0,    0,
474,19710403,    0,    0,
474,19710404,    0,    0,
474,19710405,    0,    0,
474,19710406,    1,    0,
474,19710407,    0,    0,
474,19710408,    0,    0,
474,19710409,    0,    0,
474,19710410,    0,    0,
474,19710411,    0,    0,
474,19710412,    0,    0,
474,19710413,    0,    0,
474,19710414,    0,    0,
474,19710415,    0,    0,
474,19710416,    0,    0,
474,19710417,   75,    0,
474,19710418,    1,    0,
474,19710419,    0,    0,
474,19710420,    0,    0,
474,19710421,    0,    0,
474,19710422,    0,    0,
474,19710423,    6,    0,
474,19710424,   61,    0,
474,19710425,   25,    0,
474,19710426,    0,    0,
474,19710427,    0,    0,
474,19710428,    7,    0,
474,19710429,    0,    0,
474,19710430,    0,    0,
474,19710501,    0,    0,
474,19710502,    0,    0,
474,19710503,    0,    0,
474,19710504,    0,    0,
474,19710505,    0,    0,
474,19710506,    0,    0,
474,19710507,    0,    0,
474,19710508,    7,    0,
474,19710509,    1,    0,
474,19710510,   46,    0,
474,19710511,    0,    0,
474,19710512,    0,    0,
474,19710513,    1,    0,
474,19710514,    0,    0,
474,19710515,    0,    0,
474,19710516,   10,    0,
474,19710517,  110,    0,
474,19710518,   32,    0,
474,19710519,    0,    0,
474,19710520,    0,    0,
474,19710521,    0,    0,
474,19710522,    0,    0,
474,19710523,    4,    0,
474,19710524,  106,    0,
474,19710525,    7,    0,
474,19710526,    0,    0,
474,19710527,    0,    0,
474,19710528,   21,    0,
474,19710529,  123,    0,
474,19710530,    0,    0,
474,19710531,    0,    0,
474,19710601,    0,    0,
474,19710602,    0,    0,
474,19710603,    7,    0,
474,19710604,    0,    0,
474,19710605,    0,    0,
474,19710606,    0,    0,
474,19710607,    0,    0,
474,19710608,    0,    0,
474,19710609,    0,    0,
474,19710610,    0,    0,
474,19710611,  165,    0,
474,19710612,    0,    0,
474,19710613,    0,    0,
474,19710614,    0,    0,
474,19710615,  204,    0,
474,19710616,   80,    0,
474,19710617,    7,    0,
474,19710618,    8,    0,
474,19710619,  162,    0,
474,19710620,   56,    0,
474,19710621,   86,    0,
474,19710622,   58,    0,
474,19710623,    0,    0,
474,19710624,    0,    0,
474,19710625,    0,    0,
474,19710626,    0,    0,
474,19710627,   37,    0,
474,19710628,   42,    0,
474,19710629,   15,    0,
474,19710630,  127,    0,
474,19710701,    0,    0,
474,19710702,    0,    0,
474,19710703,    0,    0,
474,19710704,    0,    0,
474,19710705,    0,    0,
474,19710706,    0,    0,
474,19710707,    0,    0,
474,19710708,    0,    0,
474,19710709,    0,    0,
474,19710710,    0,    0,
474,19710711,    0,    0,
474,19710712,    0,    0,
474,19710713,    0,    0,
474,19710714,    0,    0,
474,19710715,    0,    0,
474,19710716,    2,    0,
474,19710717,    0,    0,
474,19710718,    8,    0,
474,19710719,    1,    0,
474,19710720,    3,    0,
474,19710721,    0,    0,
474,19710722,   28,    0,
474,19710723,   97,    0,
474,19710724,   94,    0,
474,19710725,   15,    0,
474,19710726,    0,    0,
474,19710727,    0,    0,
474,19710728,    0,    0,
474,19710729,   92,    0,
474,19710730,    1,    0,
474,19710731,    0,    0,
474,19710801,    0,    0,
474,19710802,    0,    0,
474,19710803,    0,    0,
474,19710804,  133,    0,
474,19710805,   48,    0,
474,19710806,   57,    0,
474,19710807,   11,    0,
474,19710808,   24,    0,
474,19710809,    0,    0,
474,19710810,    1,    0,
474,19710811,  120,    0,
474,19710812,   49,    0,
474,19710813,    1,    0,
474,19710814,    2,    0,
474,19710815,   40,    0,
474,19710816,    0,    0,
474,19710817,    0,    0,
474,19710818,    0,    0,
474,19710819,    5,    0,
474,19710820,    4,    0,
474,19710821,   12,    0,
474,19710822,    0,    0,
474,19710823,    2,    0,
474,19710824,    7,    0,
474,19710825,    0,    0,
474,19710826,    0,    0,
474,19710827,   31,    0,
474,19710828,    2,    0,
474,19710829,    1,    0,
474,19710830,    1,    0,
474,19710831,   13,    0,
474,19710901,    0,    0,
474,19710902,    0,    0,
474,19710903,    0,    0,
474,19710904,    0,    0,
474,19710905,    0,    0,
474,19710906,    0,    0,
474,19710907,    0,    0,
474,19710908,    0,    0,
474,19710909,    0,    0,
474,19710910,    0,    0,
474,19710911,    0,    0,
474,19710912,    0,    0,
474,19710913,    0,    0,
474,19710914,    2,    0,
474,19710915,   15,    0,
474,19710916,    0,    0,
474,19710917,    0,    0,
474,19710918,    0,    0,
474,19710919,    0,    0,
474,19710920,    2,    0,
474,19710921,    1,    0,
474,19710922,    0,    0,
474,19710923,    1,    0,
474,19710924,   46,    0,
474,19710925,   76,    0,
474,19710926,   22,    0,
474,19710927,   38,    0,
474,19710928,   14,    0,
474,19710929,    0,    0,
474,19710930,    0,    0,
474,19711001,    0,    0,
474,19711002,    1,    0,
474,19711003,    1,    0,
474,19711004,   10,    0,
474,19711005,    0,    0,
474,19711006,    0,    0,
474,19711007,    0,    0,
474,19711008,    0,    0,
474,19711009,    0,    0,
474,19711010,    0,    0,
474,19711011,    0,    0,
474,19711012,    0,    0,
474,19711013,   24,    0,
474,19711014,   63,    0,
474,19711015,    8,    0,
474,19711016,    1,    0,
474,19711017,    0,    0,
474,19711018,   10,    0,
474,19711019,   94,    0,
474,19711020,   64,    0,
474,19711021,    5,    0,
474,19711022,    0,    0,
474,19711023,    0,    0,
474,19711024,    1,    0,
474,19711025,    0,    0,
474,19711026,    0,    0,
474,19711027,    0,    0,
474,19711028,    0,    0,
474,19711029,    0,    0,
474,19711030,    0,    0,
474,19711031,    1,    0,
474,19711101,    1,    0,
474,19711102,    0,    0,
474,19711103,    0,    0,
474,19711104,    0,    0,
474,19711105,    0,    0,
474,19711106,   11,    0,
474,19711107,    6,    0,
474,19711108,   60,    0,
474,19711109,   26,    0,
474,19711110,   11,    0,
474,19711111,    4,    0,
474,19711112,    1,    0,
474,19711113,    6,    0,
474,19711114,    7,    0,
474,19711115,    1,    0,
474,19711116,    0,    0,
474,19711117,   15,    0,
474,19711118,  108,    0,
474,19711119,  165,    0,
474,19711120,   13,    0,
474,19711121,  143,    0,
474,19711122,   68,    0,
474,19711123,  120,    0,
474,19711124,   38,    0,
474,19711125,    2,    0,
474,19711126,   16,    0,
474,19711127,   15,    0,
474,19711128,    3,    0,
474,19711129,   19,    0,
474,19711130,    5,    0,
474,19711201,   31,    0,
474,19711202,    1,    0,
474,19711203,    0,    0,
474,19711204,    0,    0,
474,19711205,    0,    0,
474,19711206,    1,    0,
474,19711207,    0,    0,
474,19711208,    0,    0,
474,19711209,    5,    0,
474,19711210,   16,    0,
474,19711211,    0,    0,
474,19711212,    0,    0,
474,19711213,    1,    0,
474,19711214,    1,    0,
474,19711215,    1,    0,
474,19711216,    0,    0,
474,19711217,    1,    0,
474,19711218,    1,    0,
474,19711219,    0,    0,
474,19711220,   61,    0,
474,19711221,   23,    0,
474,19711222,   43,    0,
474,19711223,   67,    0,
474,19711224,    0,    0,
474,19711225,    0,    0,
474,19711226,    0,    0,
474,19711227,    0,    0,
474,19711228,   22,    0,
474,19711229,    4,    0,
474,19711230,    1,    0,
474,19711231,    0,    0,
474,19720101,    0,    0,
474,19720102,    0,    0,
474,19720103,    0,    0,
474,19720104,    1,    0,
474,19720105,    0,    0,
474,19720106,    1,    0,
474,19720107,    1,    0,
474,19720108,    0,    0,
474,19720109,    1,    0,
474,19720110,    0,    0,
474,19720111,    7,    0,
474,19720112,   68,    0,
474,19720113,    1,    0,
474,19720114,    2,    0,
474,19720115,    0,    0,
474,19720116,    1,    0,
474,19720117,    0,    0,
474,19720118,    0,    0,
474,19720119,    0,    0,
474,19720120,   27,    0,
474,19720121,   17,    0,
474,19720122,    0,    0,
474,19720123,    2,    0,
474,19720124,    2,    0,
474,19720125,   61,    0,
474,19720126,    0,    0,
474,19720127,   73,    0,
474,19720128,    8,    0,
474,19720129,    0,    0,
474,19720130,    0,    0,
474,19720131,    2,    1,
474,19720201,   11,    4,
474,19720202,    8,    2,
474,19720203,   10,    0,
474,19720204,   53,    0,
474,19720205,    0,    0,
474,19720206,    0,    0,
474,19720207,    9,    0,
474,19720208,  109,    0,
474,19720209,    0,    0,
474,19720210,    0,    0,
474,19720211,   25,    0,
474,19720212,   77,    0,
474,19720213,    8,    0,
474,19720214,    1,    0,
474,19720215,    2,    0,
474,19720216,    0,    0,
474,19720217,    0,    0,
474,19720218,    0,    0,
474,19720219,    0,    0,
474,19720220,    0,    0,
474,19720221,    6,    0,
474,19720222,   94,    0,
474,19720223,    0,    0,
474,19720224,    1,    0,
474,19720225,    0,    0,
474,19720226,    0,    0,
474,19720227,    2,    0,
474,19720228,    0,    0,
474,19720229,    0,    0,
474,19720301,    0,    0,
474,19720302,    1,    0,
474,19720303,   19,    0,
474,19720304,   75,    0,
474,19720305,    0,    0,
474,19720306,    5,    0,
474,19720307,   60,    0,
474,19720308,    0,    0,
474,19720309,    0,    0,
474,19720310,    0,    0,
474,19720311,   50,    2,
474,19720312,    2,    0,
474,19720313,    0,    0,
474,19720314,    0,    0,
474,19720315,    0,    0,
474,19720316,    0,    0,
474,19720317,    0,    0,
474,19720318,    0,    0,
474,19720319,    0,    0,
474,19720320,    0,    0,
474,19720321,    0,    0,
474,19720322,    0,    0,
474,19720323,    0,    0,
474,19720324,    0,    0,
474,19720325,    0,    0,
474,19720326,    7,    0,
474,19720327,   15,    0,
474,19720328,   64,    0,
474,19720329,    6,    0,
474,19720330,    0,    0,
474,19720331,   23,    0,
474,19720401,   44,    0,
474,19720402,   35,    0,
474,19720403,   20,    0,
474,19720404,    0,    0,
474,19720405,   83,    0,
474,19720406,   20,    0,
474,19720407,   21,    0,
474,19720408,    3,    0,
474,19720409,    9,    0,
474,19720410,   10,    0,
474,19720411,   46,    0,
474,19720412,    8,    0,
474,19720413,    0,    0,
474,19720414,    8,    0,
474,19720415,   63,    0,
474,19720416,   21,    0,
474,19720417,   20,    0,
474,19720418,    0,    0,
474,19720419,   11,    0,
474,19720420,   31,    0,
474,19720421,    0,    0,
474,19720422,    0,    0,
474,19720423,    0,    0,
474,19720424,    0,    0,
474,19720425,    0,    0,
474,19720426,    0,    0,
474,19720427,    3,    0,
474,19720428,    4,    0,
474,19720429,    2,    0,
474,19720430,   98,    0,
474,19720501,    4,    0,
474,19720502,    0,    0,
474,19720503,    0,    0,
474,19720504,    0,    0,
474,19720505,    4,    0,
474,19720506,    0,    0,
474,19720507,   11,    0,
474,19720508,    0,    0,
474,19720509,   14,    0,
474,19720510,   20,    0,
474,19720511,   24,    0,
474,19720512,   47,    0,
474,19720513,   18,    0,
474,19720514,   20,    0,
474,19720515,    0,    0,
474,19720516,    0,    0,
474,19720517,   56,    0,
474,19720518,   68,    0,
474,19720519,   10,    0,
474,19720520,    0,    0,
474,19720521,    0,    0,
474,19720522,    0,    0,
474,19720523,    0,    0,
474,19720524,    7,    0,
474,19720525,   27,    0,
474,19720526,   13,    0,
474,19720527,   24,    0,
474,19720528,  115,    0,
474,19720529,   63,    0,
474,19720530,    0,    0,
474,19720531,    0,    0,
474,19720601,    3,    0,
474,19720602,    0,    0,
474,19720603,    0,    0,
474,19720604,   10,    0,
474,19720605,   22,    0,
474,19720606,   54,    0,
474,19720607,    2,    0,
474,19720608,   48,    0,
474,19720609,    0,    0,
474,19720610,   41,    0,
474,19720611,   11,    0,
474,19720612,    0,    0,
474,19720613,   22,    0,
474,19720614,    0,    0,
474,19720615,    0,    0,
474,19720616,    9,    0,
474,19720617,    1,    0,
474,19720618,    0,    0,
474,19720619,   49,    0,
474,19720620,   10,    0,
474,19720621,    0,    0,
474,19720622,   18,    0,
474,19720623,   84,    0,
474,19720624,    1,    0,
474,19720625,    0,    0,
474,19720626,    0,    0,
474,19720627,   16,    0,
474,19720628,   49,    0,
474,19720629,    0,    0,
474,19720630,    0,    0,
474,19720701,   24,    0,
474,19720702,   35,    0,
474,19720703,  112,    0,
474,19720704,    4,    0,
474,19720705,    0,    0,
474,19720706,  155,    0,
474,19720707,    0,    0,
474,19720708,   27,    0,
474,19720709,   65,    0,
474,19720710,   57,    0,
474,19720711,    0,    0,
474,19720712,    0,    0,
474,19720713,    0,    0,
474,19720714,    0,    0,
474,19720715,    0,    0,
474,19720716,    0,    0,
474,19720717,    0,    0,
474,19720718,    0,    0,
474,19720719,    0,    0,
474,19720720,  217,    0,
474,19720721,  228,    0,
474,19720722,    3,    0,
474,19720723,    0,    0,
474,19720724,  270,    0,
474,19720725,    0,    0,
474,19720726,    3,    0,
474,19720727,    1,    0,
474,19720728,  180,    0,
474,19720729,    0,    0,
474,19720730,    0,    0,
474,19720731,    0,    0,
474,19720801,   12,    0,
474,19720802,    4,    0,
474,19720803,   34,    0,
474,19720804,    3,    0,
474,19720805,   15,    0,
474,19720806,    0,    0,
474,19720807,    0,    0,
474,19720808,   23,    0,
474,19720809,   38,    0,
474,19720810,    0,    0,
474,19720811,    3,    0,
474,19720812,    0,    0,
474,19720813,  113,    0,
474,19720814,    0,    0,
474,19720815,    4,    0,
474,19720816,    0,    0,
474,19720817,    0,    0,
474,19720818,  120,    0,
474,19720819,   16,    0,
474,19720820,   17,    0,
474,19720821,   24,    0,
474,19720822,    3,    0,
474,19720823,    3,    0,
474,19720824,    0,    0,
474,19720825,    0,    0,
474,19720826,    0,    0,
474,19720827,    0,    0,
474,19720828,    0,    0,
474,19720829,    0,    0,
474,19720830,    0,    0,
474,19720831,    0,    0,
474,19720901,    0,    0,
474,19720902,    0,    0,
474,19720903,    0,    0,
474,19720904,    0,    0,
474,19720905,    0,    0,
474,19720906,    0,    0,
474,19720907,    0,    0,
474,19720908,    5,    0,
474,19720909,    9,    0,
474,19720910,  230,    0,
474,19720911,   17,    0,
474,19720912,   11,    0,
474,19720913,   22,    0,
474,19720914,   22,    0,
474,19720915,   23,    0,
474,19720916,   39,    0,
474,19720917,   45,    0,
474,19720918,   21,    0,
474,19720919,   18,    0,
474,19720920,    0,    0,
474,19720921,    0,    0,
474,19720922,    0,    0,
474,19720923,    0,    0,
474,19720924,    0,    0,
474,19720925,    0,    0,
474,19720926,    0,    0,
474,19720927,    4,    0,
474,19720928,    1,    0,
474,19720929,    0,    0,
474,19720930,    0,    0,
474,19721001,    0,    0,
474,19721002,    0,    0,
474,19721003,    0,    0,
474,19721004,    0,    0,
474,19721005,    0,    0,
474,19721006,    0,    0,
474,19721007,    0,    0,
474,19721008,    0,    0,
474,19721009,    3,    0,
474,19721010,    0,    0,
474,19721011,    0,    0,
474,19721012,    0,    0,
474,19721013,    0,    0,
474,19721014,    0,    0,
474,19721015,    0,    0,
474,19721016,    0,    0,
474,19721017,    0,    0,
474,19721018,    0,    0,
474,19721019,    0,    0,
474,19721020,   22,    0,
474,19721021,  122,    0,
474,19721022,   54,    0,
474,19721023,   52,    0,
474,19721024,    0,    0,
474,19721025,    0,    0,
474,19721026,    0,    0,
474,19721027,    5,    0,
474,19721028,  166,    0,
474,19721029,    2,    0,
474,19721030,    0,    0,
474,19721031,    1,    0,
474,19721101,    5,    0,
474,19721102,    0,    0,
474,19721103,    0,    0,
474,19721104,    3,    0,
474,19721105,    5,    0,
474,19721106,   22,    0,
474,19721107,    6,    0,
474,19721108,   60,    0,
474,19721109,    0,    0,
474,19721110,    0,    0,
474,19721111,  115,    0,
474,19721112,   13,    0,
474,19721113,  143,    0,
474,19721114,   22,    0,
474,19721115,  118,    0,
474,19721116,    3,    0,
474,19721117,    4,    0,
474,19721118,   17,    0,
474,19721119,    8,    0,
474,19721120,    8,    0,
474,19721121,   85,    0,
474,19721122,   13,    0,
474,19721123,    8,    0,
474,19721124,   40,    0,
474,19721125,   14,    0,
474,19721126,   50,    0,
474,19721127,    0,    0,
474,19721128,    0,    0,
474,19721129,    4,    0,
474,19721130,   24,    0,
474,19721201,    4,    0,
474,19721202,    0,    0,
474,19721203,    6,    0,
474,19721204,    0,    0,
474,19721205,   24,    0,
474,19721206,   22,    0,
474,19721207,   28,    0,
474,19721208,    2,    0,
474,19721209,    0,    0,
474,19721210,   66,    0,
474,19721211,   38,    0,
474,19721212,    0,    0,
474,19721213,    9,    0,
474,19721214,    6,    0,
474,19721215,    0,    0,
474,19721216,    0,    0,
474,19721217,    0,    0,
474,19721218,    1,    0,
474,19721219,    0,    0,
474,19721220,    0,    0,
474,19721221,    0,    0,
474,19721222,    0,    0,
474,19721223,    0,    0,
474,19721224,    0,    0,
474,19721225,    0,    0,
474,19721226,    0,    0,
474,19721227,    0,    0,
474,19721228,    0,    0,
474,19721229,    0,    0,
474,19721230,    0,    0,
474,19721231,    0,    0,
474,19730101,    0,    0,
474,19730102,    0,    0,
474,19730103,    0,    0,
474,19730104,    2,    0,
474,19730105,    0,    0,
474,19730106,    2,    0,
474,19730107,    0,    0,
474,19730108,    4,    0,
474,19730109,    5,    0,
474,19730110,    4,    0,
474,19730111,    0,    0,
474,19730112,    0,    0,
474,19730113,    0,    0,
474,19730114,    0,    0,
474,19730115,   10,    0,
474,19730116,   33,    0,
474,19730117,    1,    0,
474,19730118,    0,    0,
474,19730119,    0,    0,
474,19730120,    0,    0,
474,19730121,   30,    0,
474,19730122,   15,    0,
474,19730123,   35,    0,
474,19730124,    7,    0,
474,19730125,    4,    0,
474,19730126,   10,    0,
474,19730127,   77,    0,
474,19730128,   11,    0,
474,19730129,    2,    0,
474,19730130,    8,    0,
474,19730131,   42,    0,
474,19730201,    0,    0,
474,19730202,   13,    0,
474,19730203,    0,    0,
474,19730204,    0,    0,
474,19730205,    0,    0,
474,19730206,    0,    0,
474,19730207,    3,    0,
474,19730208,   18,    0,
474,19730209,   95,    0,
474,19730210,    4,    0,
474,19730211,   56,    0,
474,19730212,   47,    0,
474,19730213,  126,    0,
474,19730214,   42,    0,
474,19730215,    0,    0,
474,19730216,   12,    0,
474,19730217,    0,    0,
474,19730218,    7,    0,
474,19730219,   14,    0,
474,19730220,    0,    0,
474,19730221,    0,    0,
474,19730222,   13,    0,
474,19730223,    0,    0,
474,19730224,   52,  997,
474,19730225,   50,  997,
474,19730226,    0,    0,
474,19730227,    5,    0,
474,19730228,    0,    0,
474,19730301,    1,    0,
474,19730302,   36,    0,
474,19730303,    0,    0,
474,19730304,    4,    0,
474,19730305,    0,    0,
474,19730306,    4,    0,
474,19730307,   70,    0,
474,19730308,    3,    0,
474,19730309,    0,    0,
474,19730310,    1,    0,
474,19730311,    0,    0,
474,19730312,    0,    0,
474,19730313,    0,    0,
474,19730314,    0,    0,
474,19730315,    0,    0,
474,19730316,    2,    0,
474,19730317,    2,    0,
474,19730318,    0,    0,
474,19730319,    1,    0,
474,19730320,    0,    0,
474,19730321,    0,    0,
474,19730322,    0,    0,
474,19730323,    0,    0,
474,19730324,    0,    0,
474,19730325,    0,    0,
474,19730326,    0,    0,
474,19730327,    0,    0,
474,19730328,    0,    0,
474,19730329,    9,    0,
474,19730330,    1,    0,
474,19730331,    4,    0,
474,19730401,    0,    0,
474,19730402,  141,    0,
474,19730403,  120,    0,
474,19730404,    1,    0,
474,19730405,   21,    0,
474,19730406,    1,    0,
474,19730407,   27,    0,
474,19730408,   12,    0,
474,19730409,    0,    0,
474,19730410,    0,    0,
474,19730411,    9,    0,
474,19730412,   16,    0,
474,19730413,    9,    0,
474,19730414,    0,    0,
474,19730415,   18,    0,
474,19730416,    4,    0,
474,19730417,    3,    0,
474,19730418,    5,    0,
474,19730419,    8,    0,
474,19730420,   23,    0,
474,19730421,   44,    0,
474,19730422,   36,    0,
474,19730423,    0,    0,
474,19730424,   50,    0,
474,19730425,    0,    0,
474,19730426,    0,    0,
474,19730427,    0,    0,
474,19730428,    0,    0,
474,19730429,   14,    0,
474,19730430,    0,    0,
474,19730501,   99,    0,
474,19730502,    2,    0,
474,19730503,    0,    0,
474,19730504,   60,    0,
474,19730505,   70,    0,
474,19730506,   10,    0,
474,19730507,   76,    0,
474,19730508,    0,    0,
474,19730509,    2,    0,
474,19730510,   60,    0,
474,19730511,   17,    0,
474,19730512,    0,    0,
474,19730513,    0,    0,
474,19730514,   43,    0,
474,19730515,    0,    0,
474,19730516,    0,    0,
474,19730517,    0,    0,
474,19730518,    0,    0,
474,19730519,    0,    0,
474,19730520,  124,    0,
474,19730521,    1,    0,
474,19730522,   49,    0,
474,19730523,    0,    0,
474,19730524,   34,    0,
474,19730525,    0,    0,
474,19730526,    0,    0,
474,19730527,    0,    0,
474,19730528,    0,    0,
474,19730529,   29,    0,
474,19730530,    8,    0,
474,19730531,   18,    0,
474,19730601,    4,    0,
474,19730602,   58,    0,
474,19730603,  152,    0,
474,19730604,   21,    0,
474,19730605,    0,    0,
474,19730606,    0,    0,
474,19730607,    0,    0,
474,19730608,    0,    0,
474,19730609,    0,    0,
474,19730610,    0,    0,
474,19730611,    0,    0,
474,19730612,    0,    0,
474,19730613,    0,    0,
474,19730614,    0,    0,
474,19730615,    0,    0,
474,19730616,    0,    0,
474,19730617,    0,    0,
474,19730618,    6,    0,
474,19730619,    0,    0,
474,19730620,    0,    0,
474,19730621,   77,    0,
474,19730622,    0,    0,
474,19730623,    0,    0,
474,19730624,    0,    0,
474,19730625,    0,    0,
474,19730626,    0,    0,
474,19730627,    0,    0,
474,19730628,   64,    0,
474,19730629,   19,    0,
474,19730630,    0,    0,
474,19730701,    0,    0,
474,19730702,    0,    0,
474,19730703,    0,    0,
474,19730704,    0,    0,
474,19730705,    1,    0,
474,19730706,    0,    0,
474,19730707,  299,    0,
474,19730708,    0,    0,
474,19730709,    0,    0,
474,19730710,    0,    0,
474,19730711,   24,    0,
474,19730712,   24,    0,
474,19730713,    5,    0,
474,19730714,    0,    0,
474,19730715,    6,    0,
474,19730716,  229,    0,
474,19730717,   48,    0,
474,19730718,    0,    0,
474,19730719,    0,    0,
474,19730720,    8,    0,
474,19730721,   91,    0,
474,19730722,  114,    0,
474,19730723,    5,    0,
474,19730724,    0,    0,
474,19730725,    0,    0,
474,19730726,    9,    0,
474,19730727,    5,    0,
474,19730728,   83,    0,
474,19730729,    0,    0,
474,19730730,    0,    0,
474,19730731,    0,    0,
474,19730801,    0,    0,
474,19730802,    0,    0,
474,19730803,    0,    0,
474,19730804,    0,    0,
474,19730805,   71,    0,
474,19730806,   83,    0,
474,19730807,   26,    0,
474,19730808,  117,    0,
474,19730809,    0,    0,
474,19730810,    0,    0,
474,19730811,    0,    0,
474,19730812,    0,    0,
474,19730813,    0,    0,
474,19730814,    0,    0,
474,19730815,    0,    0,
474,19730816,    0,    0,
474,19730817,    0,    0,
474,19730818,    0,    0,
474,19730819,    0,    0,
474,19730820,    0,    0,
474,19730821,    1,    0,
474,19730822,    0,    0,
474,19730823,    0,    0,
474,19730824,    0,    0,
474,19730825,    0,    0,
474,19730826,    0,    0,
474,19730827,    0,    0,
474,19730828,   15,    0,
474,19730829,    0,    0,
474,19730830,   61,    0,
474,19730831,    0,    0,
474,19730901,    0,    0,
474,19730902,   60,    0,
474,19730903,    2,    0,
474,19730904,    0,    0,
474,19730905,    1,    0,
474,19730906,    0,    0,
474,19730907,    2,    0,
474,19730908,    1,    0,
474,19730909,    0,    0,
474,19730910,    4,    0,
474,19730911,    0,    0,
474,19730912,    0,    0,
474,19730913,    0,    0,
474,19730914,    0,    0,
474,19730915,    0,    0,
474,19730916,    0,    0,
474,19730917,    0,    0,
474,19730918,   41,    0,
474,19730919,   69,    0,
474,19730920,  105,    0,
474,19730921,    4,    0,
474,19730922,  216,    0,
474,19730923,   62,    0,
474,19730924,   22,    0,
474,19730925,    0,    0,
474,19730926,    9,    0,
474,19730927,  173,    0,
474,19730928,   76,    0,
474,19730929,  101,    0,
474,19730930,  217,    0,
474,19731001,   79,    0,
474,19731002,    1,    0,
474,19731003,    0,    0,
474,19731004,    0,    0,
474,19731005,    0,    0,
474,19731006,    0,    0,
474,19731007,    0,    0,
474,19731008,    0,    0,
474,19731009,    0,    0,
474,19731010,   51,    0,
474,19731011,  112,    0,
474,19731012,    3,    0,
474,19731013,    0,    0,
474,19731014,    0,    0,
474,19731015,    0,    0,
474,19731016,   22,    0,
474,19731017,   73,    0,
474,19731018,   45,    0,
474,19731019,   48,    0,
474,19731020,  391,    0,
474,19731021,   95,    0,
474,19731022,   54,    0,
474,19731023,   91,    0,
474,19731024,    0,    0,
474,19731025,    0,    0,
474,19731026,    0,    0,
474,19731027,    0,    0,
474,19731028,    0,    0,
474,19731029,    0,    0,
474,19731030,    0,    0,
474,19731031,    0,    0,
474,19731101,    0,    0,
474,19731102,    0,    0,
474,19731103,    0,    0,
474,19731104,    1,    0,
474,19731105,   32,    0,
474,19731106,  129,    0,
474,19731107,   66,    0,
474,19731108,    0,    0,
474,19731109,    0,    0,
474,19731110,  105,    0,
474,19731111,   74,    0,
474,19731112,    3,    0,
474,19731113,  102,    0,
474,19731114,   35,    0,
474,19731115,   35,    0,
474,19731116,    1,    0,
474,19731117,    2,    0,
474,19731118,    0,    0,
474,19731119,    0,    0,
474,19731120,    1,    0,
474,19731121,    0,    0,
474,19731122,    1,    0,
474,19731123,    6,    0,
474,19731124,    0,    0,
474,19731125,   14,    0,
474,19731126,   20,    0,
474,19731127,   57,  997,
474,19731128,   35,    0,
474,19731129,   89,    8,
474,19731130,   21,  997,
474,19731201,   63,    2,
474,19731202,    4,    2,
474,19731203,   31,  997,
474,19731204,   14,    0,
474,19731205,   12,    0,
474,19731206,   10,    0,
474,19731207,    7,    0,
474,19731208,  106,    0,
474,19731209,   11,    0,
474,19731210,    1,    0,
474,19731211,    0,    0,
474,19731212,   42,    0,
474,19731213,   53,    0,
474,19731214,   29,    0,
474,19731215,   26,    0,
474,19731216,   72,    0,
474,19731217,   33,    0,
474,19731218,    0,    0,
474,19731219,    0,    0,
474,19731220,    0,    0,
474,19731221,    2,    0,
474,19731222,    1,    0,
474,19731223,    2,    0,
474,19731224,    3,    0,
474,19731225,    0,    0,
474,19731226,    1,    0,
474,19731227,    9,    0,
474,19731228,    2,    0,
474,19731229,    3,    0,
474,19731230,    0,    0,
474,19731231,    5,    0,
474,19740101,    0,    0,
474,19740102,    0,    0,
474,19740103,    0,    0,
474,19740104,   13,    0,
474,19740105,    1,    0,
474,19740106,   16,    0,
474,19740107,    0,    0,
474,19740108,   38,    0,
474,19740109,   15,    0,
474,19740110,   41,    0,
474,19740111,   32,    0,
474,19740112,   42,    0,
474,19740113,    0,    0,
474,19740114,   55,    0,
474,19740115,    3,    0,
474,19740116,   13,    0,
474,19740117,   83,    0,
474,19740118,    7,    0,
474,19740119,    2,    0,
474,19740120,    0,    0,
474,19740121,    0,    0,
474,19740122,    0,    0,
474,19740123,    2,    0,
474,19740124,   37,    0,
474,19740125,    0,    0,
474,19740126,    0,    0,
474,19740127,   23,    0,
474,19740128,   16,    0,
474,19740129,   39,    0,
474,19740130,    3,    0,
474,19740131,    0,    0,
474,19740201,    0,    0,
474,19740202,    0,    0,
474,19740203,    0,    0,
474,19740204,    2,    0,
474,19740205,   13,    0,
474,19740206,   33,    0,
474,19740207,   39,    0,
474,19740208,   13,    0,
474,19740209,   74,    0,
474,19740210,   63,    0,
474,19740211,   25,    0,
474,19740212,   29,    0,
474,19740213,    2,    0,
474,19740214,   25,    0,
474,19740215,    3,    0,
474,19740216,   50,    0,
474,19740217,    0,    0,
474,19740218,    0,    0,
474,19740219,    0,    0,
474,19740220,    0,    0,
474,19740221,    0,    0,
474,19740222,    1,    0,
474,19740223,   52,    0,
474,19740224,    2,    0,
474,19740225,    0,    0,
474,19740226,    0,    0,
474,19740227,    0,    0,
474,19740228,    0,    0,
474,19740301,    0,    0,
474,19740302,   43,    0,
474,19740303,   40,    0,
474,19740304,    7,    0,
474,19740305,   10,    0,
474,19740306,   50,    0,
474,19740307,    0,    0,
474,19740308,    0,    0,
474,19740309,    0,    0,
474,19740310,    0,    0,
474,19740311,    0,    0,
474,19740312,  111,    0,
474,19740313,   51,    0,
474,19740314,    0,    0,
474,19740315,   46,    0,
474,19740316,   54,    0,
474,19740317,    7,    0,
474,19740318,   85,    0,
474,19740319,    1,    0,
474,19740320,    0,    0,
474,19740321,   21,    0,
474,19740322,    0,    0,
474,19740323,    0,    0,
474,19740324,    0,    0,
474,19740325,   14,    0,
474,19740326,    0,    0,
474,19740327,    0,    0,
474,19740328,    0,    0,
474,19740329,    0,    0,
474,19740330,    0,    0,
474,19740331,    0,    0,
474,19740401,    0,    0,
474,19740402,    0,    0,
474,19740403,    0,    0,
474,19740404,    0,    0,
474,19740405,    0,    0,
474,19740406,    0,    0,
474,19740407,    0,    0,
474,19740408,    0,    0,
474,19740409,    0,    0,
474,19740410,    0,    0,
474,19740411,    0,    0,
474,19740412,   17,    0,
474,19740413,   10,    0,
474,19740414,    0,    0,
474,19740415,    0,    0,
474,19740416,    0,    0,
474,19740417,    1,    0,
474,19740418,    0,    0,
474,19740419,    0,    0,
474,19740420,    0,    0,
474,19740421,    0,    0,
474,19740422,    0,    0,
474,19740423,    0,    0,
474,19740424,   22,    0,
474,19740425,    0,    0,
474,19740426,   39,    0,
474,19740427,    0,    0,
474,19740428,   14,    0,
474,19740429,    0,    0,
474,19740430,   51,    0,
474,19740501,    0,    0,
474,19740502,    0,    0,
474,19740503,   18,    0,
474,19740504,    2,    0,
474,19740505,    2,    0,
474,19740506,    0,    0,
474,19740507,   11,    0,
474,19740508,    0,    0,
474,19740509,    0,    0,
474,19740510,    0,    0,
474,19740511,   96,    0,
474,19740512,    6,    0,
474,19740513,    0,    0,
474,19740514,   24,    0,
474,19740515,    0,    0,
474,19740516,    0,    0,
474,19740517,    0,    0,
474,19740518,    0,    0,
474,19740519,    0,    0,
474,19740520,    0,    0,
474,19740521,    0,    0,
474,19740522,   12,    0,
474,19740523,   16,    0,
474,19740524,    0,    0,
474,19740525,   31,    0,
474,19740526,    0,    0,
474,19740527,    0,    0,
474,19740528,    0,    0,
474,19740529,   14,    0,
474,19740530,    0,    0,
474,19740531,    3,    0,
474,19740601,    0,    0,
474,19740602,    0,    0,
474,19740603,   73,    0,
474,19740604,    7,    0,
474,19740605,    0,    0,
474,19740606,    0,    0,
474,19740607,   24,    0,
474,19740608,    3,    0,
474,19740609,  187,    0,
474,19740610,   69,    0,
474,19740611,   75,    0,
474,19740612,    0,    0,
474,19740613,    0,    0,
474,19740614,    0,    0,
474,19740615,    0,    0,
474,19740616,    0,    0,
474,19740617,    0,    0,
474,19740618,    2,    0,
474,19740619,    0,    0,
474,19740620,    0,    0,
474,19740621,    1,    0,
474,19740622,    0,    0,
474,19740623,    0,    0,
474,19740624,    0,    0,
474,19740625,    0,    0,
474,19740626,    0,    0,
474,19740627,  132,    0,
474,19740628,    0,    0,
474,19740629,    0,    0,
474,19740630,    0,    0,
474,19740701,   19,    0,
474,19740702,   18,    0,
474,19740703,  103,    0,
474,19740704,    5,    0,
474,19740705,  119,    0,
474,19740706,    6,    0,
474,19740707,    6,    0,
474,19740708,    0,    0,
474,19740709,    0,    0,
474,19740710,    0,    0,
474,19740711,    6,    0,
474,19740712,    0,    0,
474,19740713,   60,    0,
474,19740714,  125,    0,
474,19740715,    4,    0,
474,19740716,   30,    0,
474,19740717,  117,    0,
474,19740718,    1,    0,
474,19740719,    0,    0,
474,19740720,    6,    0,
474,19740721,    0,    0,
474,19740722,    0,    0,
474,19740723,  102,    0,
474,19740724,    4,    0,
474,19740725,    0,    0,
474,19740726,   10,    0,
474,19740727,   13,    0,
474,19740728,    0,    0,
474,19740729,    1,    0,
474,19740730,    0,    0,
474,19740731,   16,    0,
474,19740801,    0,    0,
474,19740802,    1,    0,
474,19740803,    0,    0,
474,19740804,    0,    0,
474,19740805,  243,    0,
474,19740806,    1,    0,
474,19740807,    0,    0,
474,19740808,   29,    0,
474,19740809,    9,    0,
474,19740810,    3,    0,
474,19740811,   23,    0,
474,19740812,   15,    0,
474,19740813,  112,    0,
474,19740814,   10,    0,
474,19740815,    0,    0,
474,19740816,    0,    0,
474,19740817,   18,    0,
474,19740818,    1,    0,
474,19740819,   86,    0,
474,19740820,    0,    0,
474,19740821,    0,    0,
474,19740822,    0,    0,
474,19740823,    0,    0,
474,19740824,    0,    0,
474,19740825,    0,    0,
474,19740826,    0,    0,
474,19740827,    0,    0,
474,19740828,   10,    0,
474,19740829,    0,    0,
474,19740830,    0,    0,
474,19740831,    0,    0,
474,19740901,    5,    0,
474,19740902,   26,    0,
474,19740903,   70,    0,
474,19740904,    7,    0,
474,19740905,  306,    0,
474,19740906,  155,    0,
474,19740907,   70,    0,
474,19740908,   63,    0,
474,19740909,   74,    0,
474,19740910,   66,    0,
474,19740911,    1,    0,
474,19740912,    0,    0,
474,19740913,   97,    0,
474,19740914,    2,    0,
474,19740915,    0,    0,
474,19740916,    0,    0,
474,19740917,    0,    0,
474,19740918,    0,    0,
474,19740919,    0,    0,
474,19740920,    0,    0,
474,19740921,    0,    0,
474,19740922,   26,    0,
474,19740923,   24,    0,
474,19740924,   62,    0,
474,19740925,   53,    0,
474,19740926,  130,    0,
474,19740927,  180,    0,
474,19740928,  113,    0,
474,19740929,   42,    0,
474,19740930,   82,    0,
474,19741001,   91,    0,
474,19741002,  110,    0,
474,19741003,    1,    0,
474,19741004,  311,    0,
474,19741005,  156,    0,
474,19741006,   50,    0,
474,19741007,   98,    0,
474,19741008,   10,    0,
474,19741009,    0,    0,
474,19741010,   34,    0,
474,19741011,    0,    0,
474,19741012,   67,    0,
474,19741013,   57,    0,
474,19741014,   10,    0,
474,19741015,    0,    0,
474,19741016,    1,    0,
474,19741017,    0,    0,
474,19741018,    0,    0,
474,19741019,  157,    0,
474,19741020,   20,    0,
474,19741021,  133,    0,
474,19741022,  216,    0,
474,19741023,  169,    0,
474,19741024,   12,    0,
474,19741025,    2,    0,
474,19741026,   20,    0,
474,19741027,    6,    0,
474,19741028,   10,    0,
474,19741029,   60,    0,
474,19741030,   40,    0,
474,19741031,  122,    0,
474,19741101,   29,    0,
474,19741102,   15,    0,
474,19741103,    0,    0,
474,19741104,   74,    0,
474,19741105,    0,    0,
474,19741106,    0,    0,
474,19741107,    0,    0,
474,19741108,    1,    0,
474,19741109,   20,    0,
474,19741110,    9,    0,
474,19741111,    0,    0,
474,19741112,   43,    0,
474,19741113,   16,    0,
474,19741114,   16,    0,
474,19741115,  121,    0,
474,19741116,  111,    0,
474,19741117,   52,    0,
474,19741118,    0,    0,
474,19741119,   16,    0,
474,19741120,   20,    0,
474,19741121,   25,    0,
474,19741122,   55,    0,
474,19741123,   88,    0,
474,19741124,   32,    0,
474,19741125,   52,    0,
474,19741126,    7,    0,
474,19741127,    1,    0,
474,19741128,   49,    0,
474,19741129,   85,    0,
474,19741130,   10,    0,
474,19741201,   41,    0,
474,19741202,    0,    0,
474,19741203,    2,    0,
474,19741204,    0,    0,
474,19741205,   18,    0,
474,19741206,   15,    0,
474,19741207,   15,    0,
474,19741208,   11,    0,
474,19741209,    0,    0,
474,19741210,    0,    0,
474,19741211,  100,    0,
474,19741212,   85,    0,
474,19741213,   82,    0,
474,19741214,    6,    0,
474,19741215,   18,    0,
474,19741216,    0,    0,
474,19741217,   81,    0,
474,19741218,    0,    0,
474,19741219,   11,    0,
474,19741220,    4,    0,
474,19741221,    0,    0,
474,19741222,    0,    0,
474,19741223,    1,    0,
474,19741224,    0,    0,
474,19741225,   39,    0,
474,19741226,  100,    0,
474,19741227,   60,    0,
474,19741228,   23,    0,
474,19741229,    0,    0,
474,19741230,    2,    0,
474,19741231,   16,    0,
474,19750101,    9,    0,
474,19750102,    7,    0,
474,19750103,    1,    0,
474,19750104,    2,    0,
474,19750105,    4,    0,
474,19750106,    0,    0,
474,19750107,   78,    0,
474,19750108,   37,    0,
474,19750109,    1,    0,
474,19750110,    0,    0,
474,19750111,    0,    0,
474,19750112,    0,    0,
474,19750113,    1,    0,
474,19750114,    0,    0,
474,19750115,    3,    0,
474,19750116,    7,    0,
474,19750117,  131,    0,
474,19750118,   94,    0,
474,19750119,   28,    0,
474,19750120,    0,    0,
474,19750121,   45,    0,
474,19750122,   13,    0,
474,19750123,  140,    0,
474,19750124,   15,    0,
474,19750125,    3,    0,
474,19750126,   52,    0,
474,19750127,   40,    0,
474,19750128,   95,    0,
474,19750129,   75,    0,
474,19750130,   11,    0,
474,19750131,    0,    0,
474,19750201,   47,    0,
474,19750202,    0,    0,
474,19750203,    1,    0,
474,19750204,    0,    0,
474,19750205,    1,    0,
474,19750206,    0,    0,
474,19750207,    0,    0,
474,19750208,    0,    0,
474,19750209,    0,    0,
474,19750210,    0,    0,
474,19750211,    7,    0,
474,19750212,   16,    0,
474,19750213,   21,    0,
474,19750214,   51,    0,
474,19750215,    0,    0,
474,19750216,    0,    0,
474,19750217,    0,    0,
474,19750218,   24,    0,
474,19750219,   48,    0,
474,19750220,    2,    0,
474,19750221,    0,    0,
474,19750222,    0,    0,
474,19750223,    0,    0,
474,19750224,    0,    0,
474,19750225,    0,    0,
474,19750226,    0,    0,
474,19750227,    0,    0,
474,19750228,    0,    0,
474,19750301,    0,    0,
474,19750302,    0,    0,
474,19750303,   23,    0,
474,19750304,    2,    0,
474,19750305,    9,    0,
474,19750306,   15,    0,
474,19750307,   29,    0,
474,19750308,   71,    0,
474,19750309,   12,    0,
474,19750310,   62,    0,
474,19750311,   22,    0,
474,19750312,   14,    0,
474,19750313,   12,    0,
474,19750314,    0,    0,
474,19750315,   39,    0,
474,19750316,   29,    0,
474,19750317,    1,    0,
474,19750318,    8,    0,
474,19750319,    0,    0,
474,19750320,   30,    0,
474,19750321,   23,    0,
474,19750322,    1,    0,
474,19750323,   83,    0,
474,19750324,   17,    0,
474,19750325,   18,    0,
474,19750326,   49,    0,
474,19750327,   71,  997,
474,19750328,   93,    0,
474,19750329,    0,    0,
474,19750330,   11,    0,
474,19750331,    6,    0,
474,19750401,   21,    0,
474,19750402,   24,    0,
474,19750403,   19,    0,
474,19750404,   14,    0,
474,19750405,  138,    0,
474,19750406,    5,    0,
474,19750407,    0,    0,
474,19750408,   73,    0,
474,19750409,   34,    0,
474,19750410,    7,    0,
474,19750411,    6,    0,
474,19750412,    0,    0,
474,19750413,    0,    0,
474,19750414,   27,    0,
474,19750415,   20,    0,
474,19750416,   14,    0,
474,19750417,    0,    0,
474,19750418,   65,    0,
474,19750419,    0,    0,
474,19750420,   17,    0,
474,19750421,    0,    0,
474,19750422,    0,    0,
474,19750423,    0,    0,
474,19750424,    0,    0,
474,19750425,    0,    0,
474,19750426,    0,    0,
474,19750427,    0,    0,
474,19750428,   15,    0,
474,19750429,    0,    0,
474,19750430,   50,    0,
474,19750501,    0,    0,
474,19750502,    0,    0,
474,19750503,   69,    0,
474,19750504,    0,    0,
474,19750505,    3,    0,
474,19750506,    0,    0,
474,19750507,    0,    0,
474,19750508,   22,    0,
474,19750509,    0,    0,
474,19750510,    0,    0,
474,19750511,   60,    0,
474,19750512,    0,    0,
474,19750513,    3,    0,
474,19750514,   21,    0,
474,19750515,    5,    0,
474,19750516,    9,    0,
474,19750517,  107,    0,
474,19750518,    0,    0,
474,19750519,    0,    0,
474,19750520,    0,    0,
474,19750521,    0,    0,
474,19750522,    0,    0,
474,19750523,    0,    0,
474,19750524,   14,    0,
474,19750525,    0,    0,
474,19750526,    0,    0,
474,19750527,    0,    0,
474,19750528,    0,    0,
474,19750529,    0,    0,
474,19750530,    0,    0,
474,19750531,    9,    0,
474,19750601,    7,    0,
474,19750602,    0,    0,
474,19750603,  115,    0,
474,19750604,   12,    0,
474,19750605,    0,    0,
474,19750606,    0,    0,
474,19750607,    0,    0,
474,19750608,    0,    0,
474,19750609,    0,    0,
474,19750610,    0,    0,
474,19750611,    0,    0,
474,19750612,    0,    0,
474,19750613,    0,    0,
474,19750614,    0,    0,
474,19750615,   81,    0,
474,19750616,   61,    0,
474,19750617,    2,    0,
474,19750618,   20,    0,
474,19750619,    0,    0,
474,19750620,    0,    0,
474,19750621,    0,    0,
474,19750622,    5,    0,
474,19750623,   68,    0,
474,19750624,  144,    0,
474,19750625,    1,    0,
474,19750626,    0,    0,
474,19750627,    0,    0,
474,19750628,    0,    0,
474,19750629,    1,    0,
474,19750630,   13,    0,
474,19750701,    0,    0,
474,19750702,    0,    0,
474,19750703,    0,    0,
474,19750704,    0,    0,
474,19750705,    0,    0,
474,19750706,    0,    0,
474,19750707,    0,    0,
474,19750708,    0,    0,
474,19750709,  133,    0,
474,19750710,    0,    0,
474,19750711,   49,    0,
474,19750712,   21,    0,
474,19750713,    3,    0,
474,19750714,    1,    0,
474,19750715,    1,    0,
474,19750716,    0,    0,
474,19750717,    0,    0,
474,19750718,   13,    0,
474,19750719,   10,    0,
474,19750720,   58,    0,
474,19750721,   25,    0,
474,19750722,    0,    0,
474,19750723,    3,    0,
474,19750724,   47,    0,
474,19750725,   97,    0,
474,19750726,    0,    0,
474,19750727,    0,    0,
474,19750728,    1,    0,
474,19750729,    1,    0,
474,19750730,    0,    0,
474,19750731,    0,    0,
474,19750801,    0,    0,
474,19750802,    0,    0,
474,19750803,    0,    0,
474,19750804,    0,    0,
474,19750805,    0,    0,
474,19750806,    0,    0,
474,19750807,    0,    0,
474,19750808,    0,    0,
474,19750809,    0,    0,
474,19750810,    0,    0,
474,19750811,    0,    0,
474,19750812,    1,    0,
474,19750813,    2,    0,
474,19750814,    0,    0,
474,19750815,    0,    0,
474,19750816,   40,    0,
474,19750817,   12,    0,
474,19750818,    0,    0,
474,19750819,    0,    0,
474,19750820,   12,    0,
474,19750821,    6,    0,
474,19750822,  247,    0,
474,19750823,   17,    0,
474,19750824,    0,    0,
474,19750825,   18,    0,
474,19750826,   16,    0,
474,19750827,    0,    0,
474,19750828,    0,    0,
474,19750829,    0,    0,
474,19750830,    0,    0,
474,19750831,    0,    0,
474,19750901,    0,    0,
474,19750902,    0,    0,
474,19750903,    0,    0,
474,19750904,    0,    0,
474,19750905,    0,    0,
474,19750906,    0,    0,
474,19750907,    0,    0,
474,19750908,    0,    0,
474,19750909,    0,    0,
474,19750910,    1,    0,
474,19750911,  117,    0,
474,19750912,   32,    0,
474,19750913,   97,    0,
474,19750914,   92,    0,
474,19750915,   48,    0,
474,19750916,   55,    0,
474,19750917,    4,    0,
474,19750918,   68,    0,
474,19750919,    0,    0,
474,19750920,    1,    0,
474,19750921,    2,    0,
474,19750922,    0,    0,
474,19750923,    0,    0,
474,19750924,   15,    0,
474,19750925,    0,    0,
474,19750926,  132,    0,
474,19750927,   71,    0,
474,19750928,  114,    0,
474,19750929,    0,    0,
474,19750930,   48,    0,
474,19751001,   20,    0,
474,19751002,   25,    0,
474,19751003,   62,    0,
474,19751004,    0,    0,
474,19751005,   11,    0,
474,19751006,    0,    0,
474,19751007,   13,    0,
474,19751008,    0,    0,
474,19751009,   15,    0,
474,19751010,   40,    0,
474,19751011,   20,    0,
474,19751012,    8,    0,
474,19751013,    0,    0,
474,19751014,   14,    0,
474,19751015,    0,    0,
474,19751016,    2,    0,
474,19751017,    0,    0,
474,19751018,    0,    0,
474,19751019,    0,    0,
474,19751020,    0,    0,
474,19751021,    0,    0,
474,19751022,    1,    0,
474,19751023,    1,    0,
474,19751024,    0,    0,
474,19751025,    1,    0,
474,19751026,    0,    0,
474,19751027,    0,    0,
474,19751028,    0,    0,
474,19751029,    0,    0,
474,19751030,    1,    0,
474,19751031,    1,    0,
474,19751101,    4,    0,
474,19751102,   29,    0,
474,19751103,    0,    0,
474,19751104,   22,    0,
474,19751105,    0,    0,
474,19751106,   17,    0,
474,19751107,   89,    0,
474,19751108,    9,    0,
474,19751109,    0,    0,
474,19751110,    0,    0,
474,19751111,    0,    0,
474,19751112,    1,    0,
474,19751113,    0,    0,
474,19751114,    0,    0,
474,19751115,    0,    0,
474,19751116,  156,    0,
474,19751117,  200,    0,
474,19751118,   18,    0,
474,19751119,    7,    0,
474,19751120,   38,    0,
474,19751121,   14,    0,
474,19751122,   28,    0,
474,19751123,    0,    0,
474,19751124,    0,    0,
474,19751125,    0,    0,
474,19751126,   49,    0,
474,19751127,   76,    0,
474,19751128,   88,    0,
474,19751129,  149,    0,
474,19751130,    0,    0,
474,19751201,    0,    0,
474,19751202,  127,    0,
474,19751203,   25,    0,
474,19751204,    9,    0,
474,19751205,    4,    0,
474,19751206,    3,    0,
474,19751207,    0,    0,
474,19751208,    4,    0,
474,19751209,   10,    0,
474,19751210,    0,    0,
474,19751211,    4,    0,
474,19751212,    0,    0,
474,19751213,   59,    0,
474,19751214,    2,    0,
474,19751215,    0,    0,
474,19751216,    0,    0,
474,19751217,    3,    0,
474,19751218,    0,    0,
474,19751219,    4,    0,
474,19751220,    3,    0,
474,19751221,    0,    0,
474,19751222,    0,    0,
474,19751223,    0,    0,
474,19751224,    7,    0,
474,19751225,   58,    0,
474,19751226,   62,    0,
474,19751227,    0,    0,
474,19751228,    0,    0,
474,19751229,    0,    0,
474,19751230,    0,    0,
474,19751231,    3,    0,
474,19760101,  123,    0,
474,19760102,   91,    0,
474,19760103,   55,    0,
474,19760104,    4,    0,
474,19760105,   28,    0,
474,19760106,   60,    0,
474,19760107,    1,    0,
474,19760108,    0,    0,
474,19760109,    0,    0,
474,19760110,   84,    0,
474,19760111,   50,    0,
474,19760112,    0,    0,
474,19760113,    0,    0,
474,19760114,   10,    0,
474,19760115,   32,    0,
474,19760116,    3,    0,
474,19760117,    3,    0,
474,19760118,    3,    0,
474,19760119,    9,    0,
474,19760120,   24,    0,
474,19760121,   19,    0,
474,19760122,    8,    0,
474,19760123,   11,    0,
474,19760124,   16,    0,
474,19760125,   36,    0,
474,19760126,    9,    0,
474,19760127,  105,    0,
474,19760128,    0,    0,
474,19760129,    0,    0,
474,19760130,    0,    0,
474,19760131,    0,    0,
474,19760201,    0,    0,
474,19760202,    0,    0,
474,19760203,    0,    0,
474,19760204,    0,    0,
474,19760205,    0,    0,
474,19760206,    0,    0,
474,19760207,    0,    0,
474,19760208,    0,    0,
474,19760209,    1,    0,
474,19760210,   39,    0,
474,19760211,   11,    0,
474,19760212,    6,    0,
474,19760213,   75,    0,
474,19760214,   14,    0,
474,19760215,    0,    0,
474,19760216,    0,    0,
474,19760217,    0,    0,
474,19760218,    0,    0,
474,19760219,    0,    0,
474,19760220,    0,    0,
474,19760221,    0,    0,
474,19760222,    0,    0,
474,19760223,    0,    0,
474,19760224,    0,    0,
474,19760225,    3,    0,
474,19760226,    0,    0,
474,19760227,    0,    0,
474,19760228,    0,    0,
474,19760229,    0,    0,
474,19760301,   31,    0,
474,19760302,    0,    0,
474,19760303,    0,    0,
474,19760304,    0,    0,
474,19760305,    0,    0,
474,19760306,    0,    0,
474,19760307,    0,    0,
474,19760308,    0,    0,
474,19760309,    4,    1,
474,19760310,    2,    0,
474,19760311,    0,    0,
474,19760312,    0,    0,
474,19760313,  103,    0,
474,19760314,   14,    0,
474,19760315,    3,    0,
474,19760316,    2,    0,
474,19760317,    0,    0,
474,19760318,   39,    0,
474,19760319,    0,    0,
474,19760320,    0,    0,
474,19760321,    0,    0,
474,19760322,    0,    0,
474,19760323,    0,    0,
474,19760324,    0,    0,
474,19760325,   45,    0,
474,19760326,   26,    0,
474,19760327,   13,    0,
474,19760328,    4,    0,
474,19760329,    0,    0,
474,19760330,    1,    0,
474,19760331,    0,    0,
474,19760401,    0,    0,
474,19760402,    0,    0,
474,19760403,    2,    0,
474,19760404,    0,    0,
474,19760405,    0,    0,
474,19760406,    0,    0,
474,19760407,    0,    0,
474,19760408,   18,    0,
474,19760409,    0,    0,
474,19760410,    0,    0,
474,19760411,    0,    0,
474,19760412,    0,    0,
474,19760413,    0,    0,
474,19760414,    5,    0,
474,19760415,    1,    0,
474,19760416,    0,    0,
474,19760417,    0,    0,
474,19760418,    0,    0,
474,19760419,    0,    0,
474,19760420,    0,    0,
474,19760421,    0,    0,
474,19760422,    0,    0,
474,19760423,    6,    0,
474,19760424,    1,    0,
474,19760425,    0,    0,
474,19760426,    0,    0,
474,19760427,    0,    0,
474,19760428,    0,    0,
474,19760429,    0,    0,
474,19760430,    0,    0,
474,19760501,    0,    0,
474,19760502,    6,    0,
474,19760503,    1,    0,
474,19760504,   28,    0,
474,19760505,    0,    0,
474,19760506,    0,    0,
474,19760507,    0,    0,
474,19760508,    0,    0,
474,19760509,    2,    0,
474,19760510,    0,    0,
474,19760511,    0,    0,
474,19760512,    7,    0,
474,19760513,   22,    0,
474,19760514,    0,    0,
474,19760515,    0,    0,
474,19760516,    0,    0,
474,19760517,    0,    0,
474,19760518,   11,    0,
474,19760519,   20,    0,
474,19760520,    2,    0,
474,19760521,   26,    0,
474,19760522,    0,    0,
474,19760523,    0,    0,
474,19760524,    0,    0,
474,19760525,    0,    0,
474,19760526,    2,    0,
474,19760527,    8,    0,
474,19760528,    0,    0,
474,19760529,    0,    0,
474,19760530,    0,    0,
474,19760531,    2,    0,
474,19760601,    1,    0,
474,19760602,  103,    0,
474,19760603,    0,    0,
474,19760604,    0,    0,
474,19760605,    0,    0,
474,19760606,    0,    0,
474,19760607,    0,    0,
474,19760608,    0,    0,
474,19760609,    0,    0,
474,19760610,    0,    0,
474,19760611,    0,    0,
474,19760612,    0,    0,
474,19760613,    0,    0,
474,19760614,    0,    0,
474,19760615,    0,    0,
474,19760616,    0,    0,
474,19760617,    0,    0,
474,19760618,    0,    0,
474,19760619,   10,    0,
474,19760620,  217,    0,
474,19760621,   13,    0,
474,19760622,    0,    0,
474,19760623,    0,    0,
474,19760624,    0,    0,
474,19760625,    0,    0,
474,19760626,    0,    0,
474,19760627,    0,    0,
474,19760628,    0,    0,
474,19760629,    0,    0,
474,19760630,    0,    0,
474,19760701,    0,    0,
474,19760702,    0,    0,
474,19760703,    0,    0,
474,19760704,    0,    0,
474,19760705,    0,    0,
474,19760706,    0,    0,
474,19760707,    0,    0,
474,19760708,    0,    0,
474,19760709,    0,    0,
474,19760710,    0,    0,
474,19760711,    0,    0,
474,19760712,    0,    0,
474,19760713,    0,    0,
474,19760714,   24,    0,
474,19760715,    0,    0,
474,19760716,    0,    0,
474,19760717,    0,    0,
474,19760718,    0,    0,
474,19760719,    0,    0,
474,19760720,    2,    0,
474,19760721,    3,    0,
474,19760722,  134,    0,
474,19760723,    0,    0,
474,19760724,    5,    0,
474,19760725,  136,    0,
474,19760726,   21,    0,
474,19760727,    0,    0,
474,19760728,    0,    0,
474,19760729,    0,    0,
474,19760730,    0,    0,
474,19760731,   17,    0,
474,19760801,   13,    0,
474,19760802,    2,    0,
474,19760803,    5,    0,
474,19760804,   28,    0,
474,19760805,    0,    0,
474,19760806,    0,    0,
474,19760807,    0,    0,
474,19760808,    0,    0,
474,19760809,    0,    0,
474,19760810,    0,    0,
474,19760811,    0,    0,
474,19760812,    0,    0,
474,19760813,    0,    0,
474,19760814,    0,    0,
474,19760815,    0,    0,
474,19760816,    0,    0,
474,19760817,    0,    0,
474,19760818,    0,    0,
474,19760819,    0,    0,
474,19760820,    0,    0,
474,19760821,    0,    0,
474,19760822,    0,    0,
474,19760823,    0,    0,
474,19760824,    0,    0,
474,19760825,    0,    0,
474,19760826,    0,    0,
474,19760827,    0,    0,
474,19760828,   30,    0,
474,19760829,    9,    0,
474,19760830,   15,    0,
474,19760831,    1,    0,
474,19760901,    0,    0,
474,19760902,   95,    0,
474,19760903,   74,    0,
474,19760904,   10,    0,
474,19760905,   11,    0,
474,19760906,    0,    0,
474,19760907,    0,    0,
474,19760908,    0,    0,
474,19760909,  164,    0,
474,19760910,   60,    0,
474,19760911,   16,    0,
474,19760912,   32,    0,
474,19760913,    0,    0,
474,19760914,  137,    0,
474,19760915,    0,    0,
474,19760916,    2,    0,
474,19760917,    0,    0,
474,19760918,   23,    0,
474,19760919,   15,    0,
474,19760920,    0,    0,
474,19760921,    0,    0,
474,19760922,    0,    0,
474,19760923,    0,    0,
474,19760924,   22,    0,
474,19760925,    9,    0,
474,19760926,    0,    0,
474,19760927,   26,    0,
474,19760928,    3,    0,
474,19760929,  191,    0,
474,19760930,    0,    0,
474,19761001,   12,    0,
474,19761002,  188,    0,
474,19761003,    1,    0,
474,19761004,    0,    0,
474,19761005,   53,    0,
474,19761006,   31,    0,
474,19761007,   48,    0,
474,19761008,    0,    0,
474,19761009,    0,    0,
474,19761010,    0,    0,
474,19761011,    0,    0,
474,19761012,    3,    0,
474,19761013,    0,    0,
474,19761014,    1,    0,
474,19761015,   12,    0,
474,19761016,   26,    0,
474,19761017,    0,    0,
474,19761018,    0,    0,
474,19761019,   20,    0,
474,19761020,  128,    0,
474,19761021,    0,    0,
474,19761022,   28,    0,
474,19761023,   22,    0,
474,19761024,   32,    0,
474,19761025,    3,    0,
474,19761026,    0,    0,
474,19761027,    0,    0,
474,19761028,    2,    0,
474,19761029,    1,    0,
474,19761030,    1,    0,
474,19761031,    4,    0,
474,19761101,    0,    0,
474,19761102,    9,    0,
474,19761103,    2,    0,
474,19761104,   10,    0,
474,19761105,    5,    0,
474,19761106,    0,    0,
474,19761107,   15,    0,
474,19761108,    0,    0,
474,19761109,   29,    0,
474,19761110,   38,    0,
474,19761111,  137,    0,
474,19761112,    2,    0,
474,19761113,   29,    0,
474,19761114,    3,    0,
474,19761115,    0,    0,
474,19761116,    0,    0,
474,19761117,   39,    0,
474,19761118,    0,    0,
474,19761119,    0,    0,
474,19761120,    0,    0,
474,19761121,    0,    0,
474,19761122,   19,    0,
474,19761123,   47,    0,
474,19761124,   15,    0,
474,19761125,   27,    0,
474,19761126,    0,    0,
474,19761127,   16,    0,
474,19761128,    0,    0,
474,19761129,   40,    0,
474,19761130,   47,    0,
474,19761201,  163,    0,
474,19761202,    0,    0,
474,19761203,   77,    0,
474,19761204,  136,    0,
474,19761205,    5,    0,
474,19761206,   40,    0,
474,19761207,   82,    0,
474,19761208,   10,    0,
474,19761209,   13,    0,
474,19761210,    0,    0,
474,19761211,    1,    0,
474,19761212,    4,    0,
474,19761213,   31,    0,
474,19761214,   15,    0,
474,19761215,    0,    0,
474,19761216,    0,    0,
474,19761217,    0,    0,
474,19761218,   76,    0,
474,19761219,    1,    0,
474,19761220,   90,    0,
474,19761221,   66,    0,
474,19761222,   20,    0,
474,19761223,    0,    0,
474,19761224,    0,    0,
474,19761225,    6,    0,
474,19761226,    5,    0,
474,19761227,    8,    0,
474,19761228,   51,  997,
474,19761229,   25,    4,
474,19761230,    0,    4,
474,19761231,    0,    4,
474,19770101,   61,    0,
474,19770102,    0,    0,
474,19770103,   12,    0,
474,19770104,    6,    0,
474,19770105,    1,    0,
474,19770106,   48,    0,
474,19770107,    2,    0,
474,19770108,    0,    0,
474,19770109,   19,    0,
474,19770110,   66,    0,
474,19770111,   37,    0,
474,19770112,   71,    4,
474,19770113,    0,    2,
474,19770114,   24,    0,
474,19770115,  110,    0,
474,19770116,   24,    0,
474,19770117,    2,    0,
474,19770118,    0,    0,
474,19770119,    0,    0,
474,19770120,    5,  997,
474,19770121,    1,    0,
474,19770122,    3,    0,
474,19770123,   19,    0,
474,19770124,    8,    0,
474,19770125,   54,    0,
474,19770126,   39,    0,
474,19770127,   76,    0,
474,19770128,  109,    0,
474,19770129,    1,    0,
474,19770130,    0,    0,
474,19770131,    0,    0,
474,19770201,    0,    0,
474,19770202,    0,    0,
474,19770203,    0,    0,
474,19770204,   69,    0,
474,19770205,   58,    0,
474,19770206,    5,    0,
474,19770207,   22,    0,
474,19770208,    0,    0,
474,19770209,    0,    0,
474,19770210,  105,    0,
474,19770211,   22,    0,
474,19770212,    0,    0,
474,19770213,    4,    0,
474,19770214,    3,    0,
474,19770215,    0,    0,
474,19770216,    0,    0,
474,19770217,    0,    0,
474,19770218,   87,    0,
474,19770219,   49,    0,
474,19770220,   11,    0,
474,19770221,   63,    0,
474,19770222,   18,    0,
474,19770223,   27,    0,
474,19770224,   14,    0,
474,19770225,  114,    0,
474,19770226,   83,    0,
474,19770227,   10,  997,
474,19770228,    0,    0,
474,19770301,    0,    0,
474,19770302,    2,    0,
474,19770303,   16,    0,
474,19770304,    0,    0,
474,19770305,    1,    0,
474,19770306,    0,    0,
474,19770307,    0,    0,
474,19770308,   14,    0,
474,19770309,    0,    0,
474,19770310,    0,    0,
474,19770311,   11,    0,
474,19770312,   46,    0,
474,19770313,    0,    0,
474,19770314,   27,    0,
474,19770315,   12,    0,
474,19770316,    5,    0,
474,19770317,    0,    0,
474,19770318,    0,    0,
474,19770319,   50,    0,
474,19770320,   35,    0,
474,19770321,    1,    0,
474,19770322,   34,    0,
474,19770323,   29,    0,
474,19770324,    8,    0,
474,19770325,    0,    0,
474,19770326,    0,    0,
474,19770327,    8,    0,
474,19770328,   99,    0,
474,19770329,    5,    0,
474,19770330,    0,    0,
474,19770331,    0,    0,
474,19770401,   22,    0,
474,19770402,  147,    0,
474,19770403,   10,    0,
474,19770404,   28,    0,
474,19770405,    0,    0,
474,19770406,    0,    0,
474,19770407,   18,    0,
474,19770408,    1,    0,
474,19770409,    1,    0,
474,19770410,    0,    0,
474,19770411,   29,    0,
474,19770412,    1,    0,
474,19770413,   27,    0,
474,19770414,   14,    0,
474,19770415,   13,    0,
474,19770416,   10,    0,
474,19770417,    0,    0,
474,19770418,    0,    0,
474,19770419,    0,    0,
474,19770420,    0,    0,
474,19770421,   10,    0,
474,19770422,   19,    0,
474,19770423,    8,    0,
474,19770424,   16,    0,
474,19770425,    0,    0,
474,19770426,    0,    0,
474,19770427,   45,    0,
474,19770428,    0,    0,
474,19770429,   31,    0,
474,19770430,    0,    0,
474,19770501,   11,    0,
474,19770502,   60,    0,
474,19770503,    2,    0,
474,19770504,    2,    0,
474,19770505,   13,    0,
474,19770506,   17,    0,
474,19770507,    0,    0,
474,19770508,   17,    0,
474,19770509,   37,    0,
474,19770510,    8,    0,
474,19770511,    0,    0,
474,19770512,   85,    0,
474,19770513,   35,    0,
474,19770514,    8,    0,
474,19770515,    0,    0,
474,19770516,    7,    0,
474,19770517,    3,    0,
474,19770518,    0,    0,
474,19770519,    0,    0,
474,19770520,    0,    0,
474,19770521,   19,    0,
474,19770522,    0,    0,
474,19770523,    0,    0,
474,19770524,    0,    0,
474,19770525,    0,    0,
474,19770526,    0,    0,
474,19770527,    0,    0,
474,19770528,    0,    0,
474,19770529,    0,    0,
474,19770530,    0,    0,
474,19770531,    0,    0,
474,19770601,    0,    0,
474,19770602,    0,    0,
474,19770603,   15,    0,
474,19770604,   10,    0,
474,19770605,    0,    0,
474,19770606,    9,    0,
474,19770607,  133,    0,
474,19770608,   35,    0,
474,19770609,    2,    0,
474,19770610,   16,    0,
474,19770611,   37,    0,
474,19770612,    1,    0,
474,19770613,    0,    0,
474,19770614,    0,    0,
474,19770615,   22,    0,
474,19770616,   44,    0,
474,19770617,   17,    0,
474,19770618,    0,    0,
474,19770619,    0,    0,
474,19770620,    1,    0,
474,19770621,    0,    0,
474,19770622,    0,    0,
474,19770623,    0,    0,
474,19770624,    0,    0,
474,19770625,    0,    0,
474,19770626,   13,    0,
474,19770627,   37,    0,
474,19770628,    0,    0,
474,19770629,    0,    0,
474,19770630,    0,    0,
474,19770701,    0,    0,
474,19770702,    8,    0,
474,19770703,    0,    0,
474,19770704,    0,    0,
474,19770705,    0,    0,
474,19770706,    0,    0,
474,19770707,    0,    0,
474,19770708,    0,    0,
474,19770709,    1,    0,
474,19770710,    4,    0,
474,19770711,    0,    0,
474,19770712,    0,    0,
474,19770713,    0,    0,
474,19770714,    0,    0,
474,19770715,    2,    0,
474,19770716,    0,    0,
474,19770717,    0,    0,
474,19770718,  111,    0,
474,19770719,   15,    0,
474,19770720,    1,    0,
474,19770721,    0,    0,
474,19770722,    0,    0,
474,19770723,    0,    0,
474,19770724,    1,    0,
474,19770725,   34,    0,
474,19770726,   44,    0,
474,19770727,   31,    0,
474,19770728,    0,    0,
474,19770729,    3,    0,
474,19770730,    0,    0,
474,19770731,    0,    0,
474,19770801,    0,    0,
474,19770802,    0,    0,
474,19770803,    1,    0,
474,19770804,    0,    0,
474,19770805,    0,    0,
474,19770806,   71,    0,
474,19770807,  203,    0,
474,19770808,  128,    0,
474,19770809,    6,    0,
474,19770810,    3,    0,
474,19770811,   58,    0,
474,19770812,    5,    0,
474,19770813,    2,    0,
474,19770814,    0,    0,
474,19770815,    0,    0,
474,19770816,    0,    0,
474,19770817,    4,    0,
474,19770818,   15,    0,
474,19770819,   27,    0,
474,19770820,   48,    0,
474,19770821,    9,    0,
474,19770822,   74,    0,
474,19770823,   89,    0,
474,19770824,    0,    0,
474,19770825,   46,    0,
474,19770826,   59,    0,
474,19770827,   34,    0,
474,19770828,   96,    0,
474,19770829,    0,    0,
474,19770830,    0,    0,
474,19770831,    0,    0,
474,19770901,    0,    0,
474,19770902,    0,    0,
474,19770903,    4,    0,
474,19770904,    0,    0,
474,19770905,    0,    0,
474,19770906,    0,    0,
474,19770907,    2,    0,
474,19770908,    0,    0,
474,19770909,   20,    0,
474,19770910,    0,    0,
474,19770911,    0,    0,
474,19770912,    0,    0,
474,19770913,    0,    0,
474,19770914,    0,    0,
474,19770915,    0,    0,
474,19770916,    3,    0,
474,19770917,   38,    0,
474,19770918,    0,    0,
474,19770919,    0,    0,
474,19770920,    0,    0,
474,19770921,   12,    0,
474,19770922,    0,    0,
474,19770923,    0,    0,
474,19770924,    0,    0,
474,19770925,    0,    0,
474,19770926,    2,    0,
474,19770927,    0,    0,
474,19770928,    0,    0,
474,19770929,    0,    0,
474,19770930,    0,    0,
474,19771001,  107,    0,
474,19771002,   26,    0,
474,19771003,   45,    0,
474,19771004,    0,    0,
474,19771005,   15,    0,
474,19771006,   47,    0,
474,19771007,   15,    0,
474,19771008,   22,    0,
474,19771009,    3,    0,
474,19771010,    3,    0,
474,19771011,   39,    0,
474,19771012,    0,    0,
474,19771013,    3,    0,
474,19771014,    0,    0,
474,19771015,    1,    0,
474,19771016,    1,    0,
474,19771017,    1,    0,
474,19771018,    0,    0,
474,19771019,    0,    0,
474,19771020,    0,    0,
474,19771021,    0,    0,
474,19771022,    1,    0,
474,19771023,  191,    0,
474,19771024,    0,    0,
474,19771025,    2,    0,
474,19771026,    0,    0,
474,19771027,    0,    0,
474,19771028,    2,    0,
474,19771029,    0,    0,
474,19771030,    0,    0,
474,19771031,    0,    0,
474,19771101,   54,    0,
474,19771102,   90,    0,
474,19771103,   91,    0,
474,19771104,    4,    0,
474,19771105,    4,    0,
474,19771106,   57,    0,
474,19771107,   22,    0,
474,19771108,   41,    0,
474,19771109,   31,    0,
474,19771110,  131,    0,
474,19771111,    0,    0,
474,19771112,    4,    0,
474,19771113,   38,    0,
474,19771114,  169,    0,
474,19771115,   33,    0,
474,19771116,   76,    0,
474,19771117,  153,    0,
474,19771118,   41,    0,
474,19771119,   30,    0,
474,19771120,   18,    0,
474,19771121,  277,  997,
474,19771122,  107,    0,
474,19771123,   66,    0,
474,19771124,  112,    0,
474,19771125,   38,    0,
474,19771126,   10,    0,
474,19771127,    1,    0,
474,19771128,    0,    0,
474,19771129,    0,    0,
474,19771130,    1,    0,
474,19771201,    0,    0,
474,19771202,    0,    0,
474,19771203,    0,    0,
474,19771204,    0,    0,
474,19771205,    0,    0,
474,19771206,    0,    0,
474,19771207,   25,    2,
474,19771208,   54,    0,
474,19771209,    2,    0,
474,19771210,    1,    0,
474,19771211,    8,    0,
474,19771212,   54,    0,
474,19771213,    3,    0,
474,19771214,    0,    0,
474,19771215,    3,    0,
474,19771216,    0,    0,
474,19771217,    0,    0,
474,19771218,    0,    0,
474,19771219,   24,    0,
474,19771220,    0,    0,
474,19771221,    0,    0,
474,19771222,   10,    0,
474,19771223,    1,    0,
474,19771224,    5,    0,
474,19771225,    8,    0,
474,19771226,    0,    0,
474,19771227,   64,    0,
474,19771228,   75,    0,
474,19771229,   12,    0,
474,19771230,   38,    0,
474,19771231,   59,    0,
474,19780101,    3,    0,
474,19780102,    0,    0,
474,19780103,   22,    0,
474,19780104,   80,    0,
474,19780105,   18,    0,
474,19780106,    0,    0,
474,19780107,    0,    0,
474,19780108,    0,    0,
474,19780109,    0,    0,
474,19780110,   13,    0,
474,19780111,   50,    0,
474,19780112,   83,    0,
474,19780113,    0,    0,
474,19780114,    3,    0,
474,19780115,    0,    0,
474,19780116,    0,    0,
474,19780117,   16,    0,
474,19780118,    0,    0,
474,19780119,    0,    0,
474,19780120,   16,    0,
474,19780121,    6,    0,
474,19780122,    0,    0,
474,19780123,   11,    0,
474,19780124,   59,    0,
474,19780125,   11,    0,
474,19780126,   29,    0,
474,19780127,   10,    0,
474,19780128,    3,    0,
474,19780129,   11,    0,
474,19780130,    9,    0,
474,19780131,    7,    0,
474,19780201,   24,  997,
474,19780202,   98,    0,
474,19780203,    0,    0,
474,19780204,    3,    0,
474,19780205,    8,  997,
474,19780206,   24,    0,
474,19780207,   41,    0,
474,19780208,    7,  997,
474,19780209,    0,  997,
474,19780210,    0,  997,
474,19780211,    0,  997,
474,19780212,    2,  997,
474,19780213,    3,  997,
474,19780214,   32,  997,
474,19780215,    0,    0,
474,19780216,    0,    0,
474,19780217,    0,    0,
474,19780218,    0,  997,
474,19780219,    0,    0,
474,19780220,    0,    0,
474,19780221,    0,    0,
474,19780222,    6,    0,
474,19780223,    1,    0,
474,19780224,    6,    0,
474,19780225,    3,    0,
474,19780226,    3,    0,
474,19780227,    7,    0,
474,19780228,   18,    0,
474,19780301,    0,    0,
474,19780302,   18,    0,
474,19780303,   10,    0,
474,19780304,    1,    0,
474,19780305,    1,    0,
474,19780306,    0,    0,
474,19780307,    1,    0,
474,19780308,    2,    0,
474,19780309,   12,    0,
474,19780310,    0,    0,
474,19780311,    0,    0,
474,19780312,   11,    0,
474,19780313,    9,    0,
474,19780314,   23,    0,
474,19780315,   23,    0,
474,19780316,   36,    0,
474,19780317,   44,    0,
474,19780318,    4,    0,
474,19780319,    0,    0,
474,19780320,  122,    0,
474,19780321,   48,    0,
474,19780322,   47,    0,
474,19780323,   32,    0,
474,19780324,   27,    0,
474,19780325,    6,    0,
474,19780326,   32,    0,
474,19780327,   18,    0,
474,19780328,   14,    0,
474,19780329,   19,    0,
474,19780330,    0,    0,
474,19780331,    0,    0,
474,19780401,    0,    0,
474,19780402,    1,    0,
474,19780403,    0,    0,
474,19780404,    0,    0,
474,19780405,    0,    0,
474,19780406,    0,    0,
474,19780407,    0,    0,
474,19780408,    0,    0,
474,19780409,    0,    0,
474,19780410,    0,    0,
474,19780411,  141,    2,
474,19780412,   54,  997,
474,19780413,   31,    0,
474,19780414,    0,    0,
474,19780415,    0,    0,
474,19780416,    3,    0,
474,19780417,    2,    0,
474,19780418,    0,    0,
474,19780419,    0,    0,
474,19780420,    0,    0,
474,19780421,   48,    0,
474,19780422,    0,    0,
474,19780423,    0,    0,
474,19780424,    0,    0,
474,19780425,    0,    0,
474,19780426,    0,    0,
474,19780427,   42,    0,
474,19780428,   24,    0,
474,19780429,   13,    0,
474,19780430,   31,    0,
474,19780501,    2,    0,
474,19780502,   29,    0,
474,19780503,    2,    0,
474,19780504,    3,    0,
474,19780505,    0,    0,
474,19780506,   83,    0,
474,19780507,    1,    0,
474,19780508,    0,    0,
474,19780509,    0,    0,
474,19780510,    0,    0,
474,19780511,    0,    0,
474,19780512,   61,    0,
474,19780513,    0,    0,
474,19780514,    0,    0,
474,19780515,   50,    0,
474,19780516,    0,    0,
474,19780517,    0,    0,
474,19780518,    0,    0,
474,19780519,    0,    0,
474,19780520,    0,    0,
474,19780521,    0,    0,
474,19780522,    0,    0,
474,19780523,    0,    0,
474,19780524,    0,    0,
474,19780525,    1,    0,
474,19780526,    0,    0,
474,19780527,    0,    0,
474,19780528,    0,    0,
474,19780529,    0,    0,
474,19780530,    0,    0,
474,19780531,    0,    0,
474,19780601,    0,    0,
474,19780602,    0,    0,
474,19780603,    0,    0,
474,19780604,    0,    0,
474,19780605,   14,    0,
474,19780606,    0,    0,
474,19780607,    0,    0,
474,19780608,   47,    0,
474,19780609,    0,    0,
474,19780610,    0,    0,
474,19780611,    0,    0,
474,19780612,    0,    0,
474,19780613,    5,    0,
474,19780614,    0,    0,
474,19780615,    0,    0,
474,19780616,   92,    0,
474,19780617,   13,    0,
474,19780618,    0,    0,
474,19780619,    0,    0,
474,19780620,    0,    0,
474,19780621,    0,    0,
474,19780622,   32,    0,
474,19780623,   48,    0,
474,19780624,  132,    0,
474,19780625,    4,    0,
474,19780626,   93,    0,
474,19780627,   31,    0,
474,19780628,    0,    0,
474,19780629,   66,    0,
474,19780630,   63,    0,
474,19780701,    0,    0,
474,19780702,    3,    0,
474,19780703,  267,    0,
474,19780704,   78,    0,
474,19780705,  267,    0,
474,19780706,   11,    0,
474,19780707,   16,    0,
474,19780708,   47,    0,
474,19780709,   51,    0,
474,19780710,    0,    0,
474,19780711,    1,    0,
474,19780712,    0,    0,
474,19780713,    0,    0,
474,19780714,    0,    0,
474,19780715,    0,    0,
474,19780716,    0,    0,
474,19780717,    0,    0,
474,19780718,    0,    0,
474,19780719,    0,    0,
474,19780720,   11,    0,
474,19780721,    4,    0,
474,19780722,    0,    0,
474,19780723,    0,    0,
474,19780724,    0,    0,
474,19780725,    0,    0,
474,19780726,    0,    0,
474,19780727,    1,    0,
474,19780728,    0,    0,
474,19780729,    0,    0,
474,19780730,    0,    0,
474,19780731,   14,    0,
474,19780801,   55,    0,
474,19780802,    0,    0,
474,19780803,    6,    0,
474,19780804,   42,    0,
474,19780805,   29,    0,
474,19780806,   18,    0,
474,19780807,   86,    0,
474,19780808,    0,    0,
474,19780809,    0,    0,
474,19780810,    0,    0,
474,19780811,    0,    0,
474,19780812,    0,    0,
474,19780813,    2,    0,
474,19780814,    1,    0,
474,19780815,    0,    0,
474,19780816,   17,    0,
474,19780817,    0,    0,
474,19780818,    0,    0,
474,19780819,    0,    0,
474,19780820,    0,    0,
474,19780821,    1,    0,
474,19780822,    0,    0,
474,19780823,    4,    0,
474,19780824,    0,    0,
474,19780825,    0,    0,
474,19780826,    0,    0,
474,19780827,   12,    0,
474,19780828,   11,    0,
474,19780829,    1,    0,
474,19780830,  164,    0,
474,19780831,  118,    0,
474,19780901,   78,    0,
474,19780902,   15,    0,
474,19780903,    4,    0,
474,19780904,    9,    0,
474,19780905,    0,    0,
474,19780906,    0,    0,
474,19780907,    1,    0,
474,19780908,   25,    0,
474,19780909,    9,    0,
474,19780910,    0,    0,
474,19780911,    0,    0,
474,19780912,  114,    0,
474,19780913,    0,    0,
474,19780914,   83,    0,
474,19780915,   25,    0,
474,19780916,    0,    0,
474,19780917,    0,    0,
474,19780918,    0,    0,
474,19780919,    0,    0,
474,19780920,    2,    0,
474,19780921,    0,    0,
474,19780922,    0,    0,
474,19780923,    0,    0,
474,19780924,    0,    0,
474,19780925,    0,    0,
474,19780926,   18,    0,
474,19780927,   38,    0,
474,19780928,  106,    0,
474,19780929,   90,    0,
474,19780930,   90,    0,
474,19781001,  162,    0,
474,19781002,    0,    0,
474,19781003,    0,    0,
474,19781004,    2,    0,
474,19781005,    9,    0,
474,19781006,    0,    0,
474,19781007,    1,    0,
474,19781008,    1,    0,
474,19781009,    0,    0,
474,19781010,    8,    0,
474,19781011,    0,    0,
474,19781012,    1,    0,
474,19781013,    0,    0,
474,19781014,    2,    0,
474,19781015,    0,    0,
474,19781016,    4,    0,
474,19781017,  105,    0,
474,19781018,   65,    0,
474,19781019,    0,    0,
474,19781020,    0,    0,
474,19781021,   14,    0,
474,19781022,    8,    0,
474,19781023,    6,    0,
474,19781024,    0,    0,
474,19781025,    1,    0,
474,19781026,  110,    0,
474,19781027,    0,    0,
474,19781028,    7,    0,
474,19781029,    0,    0,
474,19781030,    0,    0,
474,19781031,    0,    0,
474,19781101,    0,    0,
474,19781102,    1,    0,
474,19781103,   22,    0,
474,19781104,    2,    0,
474,19781105,    0,    0,
474,19781106,    0,    0,
474,19781107,    0,    0,
474,19781108,    1,    0,
474,19781109,    0,    0,
474,19781110,    0,    0,
474,19781111,    0,    0,
474,19781112,    0,    0,
474,19781113,   33,    0,
474,19781114,    0,    0,
474,19781115,    0,    0,
474,19781116,    1,    0,
474,19781117,    1,    0,
474,19781118,    2,    0,
474,19781119,   12,    0,
474,19781120,   44,    0,
474,19781121,    0,    0,
474,19781122,    5,    0,
474,19781123,    5,    0,
474,19781124,    0,    0,
474,19781125,   82,    0,
474,19781126,  126,    0,
474,19781127,  144,    0,
474,19781128,   93,    2,
474,19781129,    2,    0,
474,19781130,    6,  997,
474,19781201,    1,  997,
474,19781202,    0,  997,
474,19781203,    0,    0,
474,19781204,   19,    0,
474,19781205,   19,    0,
474,19781206,    0,    0,
474,19781207,    0,    0,
474,19781208,    0,    0,
474,19781209,   81,    0,
474,19781210,    0,    0,
474,19781211,   19,    0,
474,19781212,    0,    0,
474,19781213,   67,    0,
474,19781214,   51,    0,
474,19781215,   68,    0,
474,19781216,   63,    0,
474,19781217,    0,    0,
474,19781218,    0,    0,
474,19781219,    0,    0,
474,19781220,    0,    0,
474,19781221,    0,    0,
474,19781222,    0,    0,
474,19781223,    0,    0,
474,19781224,    0,    0,
474,19781225,  141,    0,
474,19781226,    2,    0,
474,19781227,   70,    0,
474,19781228,  133,    0,
474,19781229,  144,    0,
474,19781230,   16,    0,
474,19781231,    6,    0,
474,19790101,    0,    2,
474,19790102,    1,    4,
474,19790103,   19,    8,
474,19790104,    0,    8,
474,19790105,    0,    4,
474,19790106,    0,    4,
474,19790107,    0,    4,
474,19790108,   36,    2,
474,19790109,   15,  997,
474,19790110,    1,  997,
474,19790111,   32,  997,
474,19790112,   22,  997,
474,19790113,   33,  997,
474,19790114,   13,  997,
474,19790115,    0,  997,
474,19790116,    0,    0,
474,19790117,    0,  997,
474,19790118,    0,  997,
474,19790119,    0,  997,
474,19790120,    0,  997,
474,19790121,   48,  997,
474,19790122,    0,    0,
474,19790123,   25,    0,
474,19790124,   49,    4,
474,19790125,   15,  997,
474,19790126,   10,    4,
474,19790127,   14,    4,
474,19790128,    1,    4,
474,19790129,   20,   15,
474,19790130,   29,    2,
474,19790131,   16,    2,
474,19790201,   14,  997,
474,19790202,  200,    0,
474,19790203,    0,    0,
474,19790204,    0,    0,
474,19790205,    0,    0,
474,19790206,    2,    0,
474,19790207,    0,    0,
474,19790208,   32,    0,
474,19790209,    0,    0,
474,19790210,    0,    0,
474,19790211,    0,    0,
474,19790212,   21,    2,
474,19790213,   43,    0,
474,19790214,  144,    4,
474,19790215,   19,    4,
474,19790216,    1,    2,
474,19790217,    0,    2,
474,19790218,    0,    2,
474,19790219,    0,    2,
474,19790220,    0,    2,
474,19790221,    0,  997,
474,19790222,    0,  997,
474,19790223,   34,  997,
474,19790224,    3,    0,
474,19790225,    0,    0,
474,19790226,    0,    0,
474,19790227,    0,    0,
474,19790228,    0,    0,
474,19790301,    4,    0,
474,19790302,   41,    0,
474,19790303,   20,    0,
474,19790304,  185,    0,
474,19790305,    8,    0,
474,19790306,    0,    0,
474,19790307,    4,    0,
474,19790308,   10,    0,
474,19790309,   43,    0,
474,19790310,   91,    0,
474,19790311,   65,    0,
474,19790312,   98,    0,
474,19790313,    0,    0,
474,19790314,   44,    0,
474,19790315,   20,    0,
474,19790316,  105,    0,
474,19790317,    9,    0,
474,19790318,    3,    0,
474,19790319,    0,    0,
474,19790320,    0,    0,
474,19790321,    1,    0,
474,19790322,   57,    0,
474,19790323,   31,    0,
474,19790324,    0,    0,
474,19790325,   60,    0,
474,19790326,   31,    0,
474,19790327,   79,    0,
474,19790328,   58,    0,
474,19790329,    6,    0,
474,19790330,    9,    0,
474,19790331,    1,    0,
474,19790401,    8,    0,
474,19790402,   16,    0,
474,19790403,   95,    0,
474,19790404,   39,    0,
474,19790405,    0,    0,
474,19790406,   54,    0,
474,19790407,   23,    0,
474,19790408,    0,    0,
474,19790409,    0,    0,
474,19790410,    0,    0,
474,19790411,    0,    0,
474,19790412,    9,    0,
474,19790413,   33,    0,
474,19790414,    0,    0,
474,19790415,    0,    0,
474,19790416,    5,    0,
474,19790417,    9,    0,
474,19790418,    0,    0,
474,19790419,    0,    0,
474,19790420,   42,    0,
474,19790421,   63,    0,
474,19790422,   23,    0,
474,19790423,   13,    0,
474,19790424,   18,    0,
474,19790425,   20,    0,
474,19790426,    5,    0,
474,19790427,   13,    0,
474,19790428,    7,    0,
474,19790429,   67,    0,
474,19790430,  101,    0,
474,19790501,    5,    0,
474,19790502,  277,    0,
474,19790503,   12,    0,
474,19790504,    1,    0,
474,19790505,   82,    0,
474,19790506,   86,    0,
474,19790507,    1,    0,
474,19790508,    0,    0,
474,19790509,    0,    0,
474,19790510,    0,    0,
474,19790511,   62,    0,
474,19790512,   28,    0,
474,19790513,    0,    0,
474,19790514,    0,    0,
474,19790515,    0,    0,
474,19790516,    0,    0,
474,19790517,   14,    0,
474,19790518,   21,    0,
474,19790519,    0,    0,
474,19790520,    0,    0,
474,19790521,    1,    0,
474,19790522,    6,    0,
474,19790523,   11,    0,
474,19790524,   83,    0,
474,19790525,   47,    0,
474,19790526,   11,    0,
474,19790527,  101,    0,
474,19790528,   61,    0,
474,19790529,   76,    0,
474,19790530,   47,    0,
474,19790531,  168,    0,
474,19790601,  205,    0,
474,19790602,    0,    0,
474,19790603,    0,    0,
474,19790604,   26,    0,
474,19790605,    0,    0,
474,19790606,    0,    0,
474,19790607,    0,    0,
474,19790608,   45,    0,
474,19790609,    0,    0,
474,19790610,    0,    0,
474,19790611,   52,    0,
474,19790612,    4,    0,
474,19790613,   77,    0,
474,19790614,  108,    0,
474,19790615,  226,    0,
474,19790616,   24,    0,
474,19790617,    0,    0,
474,19790618,    0,    0,
474,19790619,    1,    0,
474,19790620,    0,    0,
474,19790621,    0,    0,
474,19790622,    4,    0,
474,19790623,    0,    0,
474,19790624,   31,    0,
474,19790625,   24,    0,
474,19790626,   27,    0,
474,19790627,    0,    0,
474,19790628,    0,    0,
474,19790629,    0,    0,
474,19790630,    1,    0,
474,19790701,    0,    0,
474,19790702,    0,    0,
474,19790703,    0,    0,
474,19790704,    0,    0,
474,19790705,    0,    0,
474,19790706,    0,    0,
474,19790707,    0,    0,
474,19790708,   69,    0,
474,19790709,   60,    0,
474,19790710,    1,    0,
474,19790711,    0,    0,
474,19790712,    0,    0,
474,19790713,    0,    0,
474,19790714,    0,    0,
474,19790715,    0,    0,
474,19790716,    0,    0,
474,19790717,   15,    0,
474,19790718,    0,    0,
474,19790719,   56,    0,
474,19790720,    0,    0,
474,19790721,    0,    0,
474,19790722,   22,    0,
474,19790723,    0,    0,
474,19790724,    3,    0,
474,19790725,    0,    0,
474,19790726,    0,    0,
474,19790727,    0,    0,
474,19790728,    0,    0,
474,19790729,   34,    0,
474,19790730,   14,    0,
474,19790731,    0,    0,
474,19790801,    2,    0,
474,19790802,   35,    0,
474,19790803,    0,    0,
474,19790804,    0,    0,
474,19790805,    0,    0,
474,19790806,    0,    0,
474,19790807,    0,    0,
474,19790808,   15,    0,
474,19790809,   74,    0,
474,19790810,  145,    0,
474,19790811,   31,    0,
474,19790812,    0,    0,
474,19790813,    1,    0,
474,19790814,    0,    0,
474,19790815,    0,    0,
474,19790816,    0,    0,
474,19790817,    5,    0,
474,19790818,   37,    0,
474,19790819,    0,    0,
474,19790820,    1,    0,
474,19790821,   19,    0,
474,19790822,    5,    0,
474,19790823,   26,    0,
474,19790824,  134,    0,
474,19790825,   61,    0,
474,19790826,   41,    0,
474,19790827,   18,    0,
474,19790828,    6,    0,
474,19790829,    0,    0,
474,19790830,    0,    0,
474,19790831,    0,    0,
474,19790901,    0,    0,
474,19790902,    0,    0,
474,19790903,   21,    0,
474,19790904,  132,    0,
474,19790905,    0,    0,
474,19790906,    0,    0,
474,19790907,    0,    0,
474,19790908,    0,    0,
474,19790909,    1,    0,
474,19790910,    0,    0,
474,19790911,    0,    0,
474,19790912,    0,    0,
474,19790913,    0,    0,
474,19790914,    0,    0,
474,19790915,    3,    0,
474,19790916,    0,    0,
474,19790917,    0,    0,
474,19790918,    0,    0,
474,19790919,   80,    0,
474,19790920,   63,    0,
474,19790921,    5,    0,
474,19790922,   32,    0,
474,19790923,    0,    0,
474,19790924,   55,    0,
474,19790925,    0,    0,
474,19790926,    2,    0,
474,19790927,   45,    0,
474,19790928,    1,    0,
474,19790929,    0,    0,
474,19790930,    0,    0,
474,19791001,    0,    0,
474,19791002,    0,    0,
474,19791003,    0,    0,
474,19791004,    2,    0,
474,19791005,   71,    0,
474,19791006,    4,    0,
474,19791007,    0,    0,
474,19791008,    3,    0,
474,19791009,    0,    0,
474,19791010,    8,    0,
474,19791011,    1,    0,
474,19791012,   44,    0,
474,19791013,   14,    0,
474,19791014,   48,    0,
474,19791015,   62,    0,
474,19791016,   34,    0,
474,19791017,   16,    0,
474,19791018,   32,    0,
474,19791019,    0,    0,
474,19791020,    1,    0,
474,19791021,    0,    0,
474,19791022,    0,    0,
474,19791023,    0,    0,
474,19791024,    0,    0,
474,19791025,    0,    0,
474,19791026,    0,    0,
474,19791027,    0,    0,
474,19791028,    0,    0,
474,19791029,    0,    0,
474,19791030,   23,    0,
474,19791031,   25,    0,
474,19791101,   58,    0,
474,19791102,    0,    0,
474,19791103,    0,    0,
474,19791104,   31,    0,
474,19791105,  157,    0,
474,19791106,  107,    0,
474,19791107,   29,    0,
474,19791108,   93,    0,
474,19791109,   25,    0,
474,19791110,   68,    0,
474,19791111,   35,    0,
474,19791112,   65,    0,
474,19791113,   68,    0,
474,19791114,   35,    0,
474,19791115,   64,    0,
474,19791116,    1,    0,
474,19791117,    0,    0,
474,19791118,   41,    0,
474,19791119,   20,    0,
474,19791120,   53,    0,
474,19791121,    0,    0,
474,19791122,    0,    0,
474,19791123,    0,    0,
474,19791124,   16,    0,
474,19791125,    0,    0,
474,19791126,    1,    0,
474,19791127,   14,    0,
474,19791128,    1,    0,
474,19791129,    0,    0,
474,19791130,    0,    0,
474,19791201,   36,    0,
474,19791202,    1,    0,
474,19791203,    0,    0,
474,19791204,    0,    0,
474,19791205,    0,    0,
474,19791206,   46,    0,
474,19791207,    0,    0,
474,19791208,   79,    0,
474,19791209,    6,    0,
474,19791210,  156,    0,
474,19791211,   62,    0,
474,19791212,   29,    0,
474,19791213,   31,    0,
474,19791214,  115,    0,
474,19791215,   62,    0,
474,19791216,  168,    0,
474,19791217,   16,    0,
474,19791218,    2,    0,
474,19791219,   18,    0,
474,19791220,   14,    0,
474,19791221,   62,    0,
474,19791222,    0,    0,
474,19791223,    0,    0,
474,19791224,   58,    0,
474,19791225,   15,    0,
474,19791226,    8,    0,
474,19791227,    0,    0,
474,19791228,  164,    0,
474,19791229,   77,    0,
474,19791230,  161,    0,
474,19791231,   65,    0,
474,19800101,   55,    0,
474,19800102,   37,    0,
474,19800103,    1,  997,
474,19800104,   56,  997,
474,19800105,   39,    0,
474,19800106,   68,    0,
474,19800107,   81,    0,
474,19800108,    0,    0,
474,19800109,    0,    0,
474,19800110,    0,    0,
474,19800111,    0,    0,
474,19800112,    0,    0,
474,19800113,    0,    0,
474,19800114,    0,    0,
474,19800115,    0,    0,
474,19800116,    0,    0,
474,19800117,    0,    0,
474,19800118,    0,    0,
474,19800119,    0,    0,
474,19800120,    0,    0,
474,19800121,    0,    0,
474,19800122,   62,    0,
474,19800123,    2,    0,
474,19800124,   16,    0,
474,19800125,    1,    0,
474,19800126,    0,    0,
474,19800127,   16,    0,
474,19800128,    1,    0,
474,19800129,   22,    4,
474,19800130,   13,    0,
474,19800131,   39,    0,
474,19800201,   95,    0,
474,19800202,   21,    0,
474,19800203,   92,    0,
474,19800204,   76,    0,
474,19800205,  114,    0,
474,19800206,   41,    0,
474,19800207,   21,    0,
474,19800208,    2,    0,
474,19800209,    4,    0,
474,19800210,   13,    0,
474,19800211,    0,    0,
474,19800212,    3,    0,
474,19800213,    0,    0,
474,19800214,    1,    0,
474,19800215,    0,    0,
474,19800216,   34,    0,
474,19800217,    0,    0,
474,19800218,    0,    0,
474,19800219,    0,    0,
474,19800220,    0,    0,
474,19800221,    0,    0,
474,19800222,    0,    0,
474,19800223,   33,    0,
474,19800224,    5,    0,
474,19800225,    0,    0,
474,19800226,    1,    0,
474,19800227,    0,    0,
474,19800228,    0,    0,
474,19800229,    0,    0,
474,19800301,    1,    0,
474,19800302,    0,    0,
474,19800303,    1,    0,
474,19800304,    2,    0,
474,19800305,    0,    0,
474,19800306,    3,    0,
474,19800307,   63,    0,
474,19800308,   78,    0,
474,19800309,    0,    0,
474,19800310,    1,    0,
474,19800311,   55,    0,
474,19800312,    1,    0,
474,19800313,  144,    0,
474,19800314,   68,    0,
474,19800315,    2,    0,
474,19800316,    0,    0,
474,19800317,    0,    0,
474,19800318,    0,    0,
474,19800319,    0,    0,
474,19800320,    0,    0,
474,19800321,    0,    0,
474,19800322,    4,    0,
474,19800323,   12,    0,
474,19800324,    0,    0,
474,19800325,    0,    0,
474,19800326,   22,    0,
474,19800327,   19,    0,
474,19800328,  134,    0,
474,19800329,   71,    0,
474,19800330,   19,    0,
474,19800331,    0,    0,
474,19800401,   52,    0,
474,19800402,  151,    0,
474,19800403,    1,    0,
474,19800404,    1,    0,
474,19800405,    0,    0,
474,19800406,    0,    0,
474,19800407,    0,    0,
474,19800408,    0,    0,
474,19800409,   30,    0,
474,19800410,    4,    0,
474,19800411,    0,    0,
474,19800412,    0,    0,
474,19800413,    0,    0,
474,19800414,    0,    0,
474,19800415,    0,    0,
474,19800416,    0,    0,
474,19800417,    0,    0,
474,19800418,    0,    0,
474,19800419,    5,    0,
474,19800420,   73,    0,
474,19800421,   28,    0,
474,19800422,   11,    0,
474,19800423,    0,    0,
474,19800424,    2,    0,
474,19800425,    0,    0,
474,19800426,   33,    0,
474,19800427,    0,    0,
474,19800428,    0,    0,
474,19800429,    1,    0,
474,19800430,   12,    0,
474,19800501,    0,    0,
474,19800502,    0,    0,
474,19800503,    0,    0,
474,19800504,    0,    0,
474,19800505,    0,    0,
474,19800506,    0,    0,
474,19800507,    1,    0,
474,19800508,    0,    0,
474,19800509,    0,    0,
474,19800510,    0,    0,
474,19800511,    0,    0,
474,19800512,    0,    0,
474,19800513,    0,    0,
474,19800514,    0,    0,
474,19800515,    0,    0,
474,19800516,    0,    0,
474,19800517,    0,    0,
474,19800518,    0,    0,
474,19800519,    0,    0,
474,19800520,    0,    0,
474,19800521,    1,    0,
474,19800522,    0,    0,
474,19800523,    0,    0,
474,19800524,    3,    0,
474,19800525,    1,    0,
474,19800526,    0,    0,
474,19800527,    0,    0,
474,19800528,    1,    0,
474,19800529,    0,    0,
474,19800530,   23,    0,
474,19800531,    0,    0,
474,19800601,   64,    0,
474,19800602,    2,    0,
474,19800603,   24,    0,
474,19800604,    0,    0,
474,19800605,    0,    0,
474,19800606,    0,    0,
474,19800607,   12,    0,
474,19800608,    0,    0,
474,19800609,    0,    0,
474,19800610,    0,    0,
474,19800611,    2,    0,
474,19800612,   35,    0,
474,19800613,    2,    0,
474,19800614,    0,    0,
474,19800615,    0,    0,
474,19800616,   56,    0,
474,19800617,   45,    0,
474,19800618,   71,    0,
474,19800619,    1,    0,
474,19800620,   29,    0,
474,19800621,    0,    0,
474,19800622,  228,    0,
474,19800623,   24,    0,
474,19800624,   90,    0,
474,19800625,   55,    0,
474,19800626,   17,    0,
474,19800627,    2,    0,
474,19800628,  162,    0,
474,19800629,   48,    0,
474,19800630,    2,    0,
474,19800701,  182,    0,
474,19800702,  153,    0,
474,19800703,    0,    0,
474,19800704,    0,    0,
474,19800705,    2,    0,
474,19800706,    0,    0,
474,19800707,   81,    0,
474,19800708,   93,    0,
474,19800709,  131,    0,
474,19800710,   33,    0,
474,19800711,    6,    0,
474,19800712,   28,    0,
474,19800713,   12,    0,
474,19800714,   53,    0,
474,19800715,   71,    0,
474,19800716,    6,    0,
474,19800717,    1,    0,
474,19800718,   21,    0,
474,19800719,   29,    0,
474,19800720,   87,    0,
474,19800721,   45,    0,
474,19800722,    0,    0,
474,19800723,    0,    0,
474,19800724,    0,    0,
474,19800725,    0,    0,
474,19800726,    0,    0,
474,19800727,    0,    0,
474,19800728,    0,    0,
474,19800729,    0,    0,
474,19800730,    7,    0,
474,19800731,    0,    0,
474,19800801,    0,    0,
474,19800802,    1,    0,
474,19800803,    0,    0,
474,19800804,    0,    0,
474,19800805,    2,    0,
474,19800806,    0,    0,
474,19800807,    0,    0,
474,19800808,   24,    0,
474,19800809,    0,    0,
474,19800810,    0,    0,
474,19800811,    0,    0,
474,19800812,   67,    0,
474,19800813,   15,    0,
474,19800814,   85,    0,
474,19800815,    0,    0,
474,19800816,    7,    0,
474,19800817,    0,    0,
474,19800818,   13,    0,
474,19800819,    0,    0,
474,19800820,    0,    0,
474,19800821,   28,    0,
474,19800822,    4,    0,
474,19800823,   19,    0,
474,19800824,   31,    0,
474,19800825,    2,    0,
474,19800826,    0,    0,
474,19800827,    0,    0,
474,19800828,    0,    0,
474,19800829,    5,    0,
474,19800830,   61,    0,
474,19800831,   43,    0,
474,19800901,    2,    0,
474,19800902,    0,    0,
474,19800903,    0,    0,
474,19800904,    0,    0,
474,19800905,    0,    0,
474,19800906,   13,    0,
474,19800907,    0,    0,
474,19800908,    0,    0,
474,19800909,    2,    0,
474,19800910,    7,    0,
474,19800911,   97,    0,
474,19800912,   12,    0,
474,19800913,    1,    0,
474,19800914,   10,    0,
474,19800915,   26,    0,
474,19800916,    0,    0,
474,19800917,   13,    0,
474,19800918,    0,    0,
474,19800919,    0,    0,
474,19800920,    2,    0,
474,19800921,    0,    0,
474,19800922,    0,    0,
474,19800923,    9,    0,
474,19800924,   23,    0,
474,19800925,   14,    0,
474,19800926,    0,    0,
474,19800927,    0,    0,
474,19800928,    0,    0,
474,19800929,    0,    0,
474,19800930,    6,    0,
474,19801001,    0,    0,
474,19801002,   11,    0,
474,19801003,    0,    0,
474,19801004,    0,    0,
474,19801005,    3,    0,
474,19801006,    3,    0,
474,19801007,  143,    0,
474,19801008,   24,    0,
474,19801009,   24,    0,
474,19801010,    1,    0,
474,19801011,    0,    0,
474,19801012,    0,    0,
474,19801013,    5,    0,
474,19801014,    1,    0,
474,19801015,    9,    0,
474,19801016,    5,    0,
474,19801017,   44,    0,
474,19801018,   14,    0,
474,19801019,   22,    0,
474,19801020,  112,    0,
474,19801021,    1,    0,
474,19801022,    0,    0,
474,19801023,   18,    0,
474,19801024,   23,    0,
474,19801025,  113,    0,
474,19801026,    3,    0,
474,19801027,   34,    0,
474,19801028,    0,    0,
474,19801029,  133,    0,
474,19801030,   23,    0,
474,19801031,    0,    0,
474,19801101,    0,    0,
474,19801102,    0,    0,
474,19801103,    0,    0,
474,19801104,    0,    0,
474,19801105,    0,    0,
474,19801106,    0,    0,
474,19801107,   31,    4,
474,19801108,    6,    2,
474,19801109,    4,  997,
474,19801110,    3,  997,
474,19801111,   28,    0,
474,19801112,   63,    0,
474,19801113,    5,    0,
474,19801114,    0,    0,
474,19801115,   65,    0,
474,19801116,  102,    0,
474,19801117,    9,    0,
474,19801118,   30,    0,
474,19801119,    0,    0,
474,19801120,   28,    0,
474,19801121,    0,    0,
474,19801122,   12,    0,
474,19801123,   42,    0,
474,19801124,    3,    0,
474,19801125,    0,    0,
474,19801126,   26,    0,
474,19801127,   18,    0,
474,19801128,   74,    0,
474,19801129,   75,    0,
474,19801130,    0,    0,
474,19801201,    0,    0,
474,19801202,   81,    0,
474,19801203,   58,    0,
474,19801204,   55,    0,
474,19801205,   29,    0,
474,19801206,   57,    0,
474,19801207,   35,    8,
474,19801208,   14,    4,
474,19801209,    0,  997,
474,19801210,    0,    0,
474,19801211,    2,    0,
474,19801212,   18,    0,
474,19801213,   13,    0,
474,19801214,    3,    0,
474,19801215,   32,    0,
474,19801216,   47,    0,
474,19801217,    0,    0,
474,19801218,  162,    0,
474,19801219,    7,    0,
474,19801220,   62,    2,
474,19801221,  119,  997,
474,19801222,   15,    0,
474,19801223,    8,    0,
474,19801224,    0,    0,
474,19801225,   14,    0,
474,19801226,    4,    0,
474,19801227,   36,    0,
474,19801228,    0,    0,
474,19801229,   10,    0,
474,19801230,    0,    0,
474,19801231,    0,    0,
474,19810101,    2,    0,
474,19810102,   20,    0,
474,19810103,   97,    0,
474,19810104,   33,    0,
474,19810105,   25,    0,
474,19810106,   83,    0,
474,19810107,   32,  997,
474,19810108,    0,  997,
474,19810109,    4,    0,
474,19810110,   92,    0,
474,19810111,    0,    0,
474,19810112,    0,    0,
474,19810113,  109,  997,
474,19810114,   32,    0,
474,19810115,  111,    0,
474,19810116,   59,  997,
474,19810117,   57,    0,
474,19810118,   20,    0,
474,19810119,    7,    0,
474,19810120,   10,    0,
474,19810121,    1,    0,
474,19810122,   19,    0,
474,19810123,    1,    0,
474,19810124,    0,    0,
474,19810125,    1,    0,
474,19810126,    1,    0,
474,19810127,   56,    0,
474,19810128,    4,    0,
474,19810129,    1,    0,
474,19810130,    0,    0,
474,19810131,    0,    0,
474,19810201,    0,    0,
474,19810202,    0,    0,
474,19810203,   81,    0,
474,19810204,   20,    0,
474,19810205,    4,    0,
474,19810206,   23,    0,
474,19810207,    1,    0,
474,19810208,    0,    0,
474,19810209,   14,    0,
474,19810210,   18,    0,
474,19810211,   36,    0,
474,19810212,    5,    0,
474,19810213,    0,    0,
474,19810214,    0,    0,
474,19810215,    0,    0,
474,19810216,    0,    0,
474,19810217,    0,    0,
474,19810218,    0,    0,
474,19810219,    0,    0,
474,19810220,    0,    0,
474,19810221,    0,  997,
474,19810222,    0,  997,
474,19810223,    0,    0,
474,19810224,    0,    0,
474,19810225,   12,    0,
474,19810226,    0,    0,
474,19810227,    0,    0,
474,19810228,    0,    0,
474,19810301,   68,    2,
474,19810302,   38,    0,
474,19810303,   39,    0,
474,19810304,    0,    0,
474,19810305,    0,    0,
474,19810306,   30,    0,
474,19810307,   16,    0,
474,19810308,   53,    0,
474,19810309,   57,    0,
474,19810310,  230,    0,
474,19810311,  190,    0,
474,19810312,  141,    0,
474,19810313,    7,    0,
474,19810314,   49,    0,
474,19810315,   65,    0,
474,19810316,   13,    0,
474,19810317,   18,    0,
474,19810318,    3,    0,
474,19810319,   14,    0,
474,19810320,    0,    0,
474,19810321,    0,    0,
474,19810322,    2,    0,
474,19810323,   14,    0,
474,19810324,   67,    0,
474,19810325,   62,    0,
474,19810326,    0,    0,
474,19810327,    5,    0,
474,19810328,    0,    0,
474,19810329,    7,    0,
474,19810330,    1,    0,
474,19810331,    1,    0,
474,19810401,    0,    0,
474,19810402,    0,    0,
474,19810403,    0,    0,
474,19810404,    0,    0,
474,19810405,    0,    0,
474,19810406,    0,    0,
474,19810407,    0,    0,
474,19810408,    0,    0,
474,19810409,    0,    0,
474,19810410,    0,    0,
474,19810411,    0,    0,
474,19810412,   10,    0,
474,19810413,    0,    0,
474,19810414,    0,    0,
474,19810415,    0,    0,
474,19810416,    0,    0,
474,19810417,    0,    0,
474,19810418,    0,    0,
474,19810419,    5,    0,
474,19810420,    0,    0,
474,19810421,    0,    0,
474,19810422,    0,    0,
474,19810423,   21,    0,
474,19810424,    0,    0,
474,19810425,    1,    0,
474,19810426,   28,    0,
474,19810427,    3,    0,
474,19810428,    0,    0,
474,19810429,   39,    0,
474,19810430,    1,    0,
474,19810501,   48,    0,
474,19810502,   10,    0,
474,19810503,    2,    0,
474,19810504,   61,    0,
474,19810505,   48,    0,
474,19810506,    9,    0,
474,19810507,    1,    0,
474,19810508,    0,    0,
474,19810509,   77,    0,
474,19810510,    0,    0,
474,19810511,    0,    0,
474,19810512,    0,    0,
474,19810513,    0,    0,
474,19810514,    0,    0,
474,19810515,    0,    0,
474,19810516,    7,    0,
474,19810517,   32,    0,
474,19810518,   28,    0,
474,19810519,   18,    0,
474,19810520,    4,    0,
474,19810521,    0,    0,
474,19810522,  248,    0,
474,19810523,   29,    0,
474,19810524,  237,    0,
474,19810525,   11,    0,
474,19810526,   51,    0,
474,19810527,    9,    0,
474,19810528,   33,    0,
474,19810529,    3,    0,
474,19810530,    2,    0,
474,19810531,    8,    0,
474,19810601,   15,    0,
474,19810602,    0,    0,
474,19810603,   18,    0,
474,19810604,    0,    0,
474,19810605,   19,    0,
474,19810606,   54,    0,
474,19810607,    0,    0,
474,19810608,   14,    0,
474,19810609,    0,    0,
474,19810610,    0,    0,
474,19810611,   34,    0,
474,19810612,   87,    0,
474,19810613,    0,    0,
474,19810614,    0,    0,
474,19810615,    0,    0,
474,19810616,    0,    0,
474,19810617,  114,    0,
474,19810618,    5,    0,
474,19810619,    0,    0,
474,19810620,    0,    0,
474,19810621,   10,    0,
474,19810622,    0,    0,
474,19810623,    0,    0,
474,19810624,    0,    0,
474,19810625,    0,    0,
474,19810626,    3,    0,
474,19810627,   95,    0,
474,19810628,   24,    0,
474,19810629,  202,    0,
474,19810630,   12,    0,
474,19810701,    3,    0,
474,19810702,    0,    0,
474,19810703,   34,    0,
474,19810704,    0,    0,
474,19810705,    2,    0,
474,19810706,    0,    0,
474,19810707,    0,    0,
474,19810708,    0,    0,
474,19810709,    0,    0,
474,19810710,    0,    0,
474,19810711,    4,    0,
474,19810712,    0,    0,
474,19810713,    0,    0,
474,19810714,    0,    0,
474,19810715,    0,    0,
474,19810716,    0,    0,
474,19810717,  142,    0,
474,19810718,    0,    0,
474,19810719,    8,    0,
474,19810720,    0,    0,
474,19810721,   44,    0,
474,19810722,   15,    0,
474,19810723,    5,    0,
474,19810724,   33,    0,
474,19810725,  225,    0,
474,19810726,    0,    0,
474,19810727,    0,    0,
474,19810728,    0,    0,
474,19810729,    0,    0,
474,19810730,    0,    0,
474,19810731,    0,    0,
474,19810801,  238,    0,
474,19810802,    0,    0,
474,19810803,    0,    0,
474,19810804,    0,    0,
474,19810805,    0,    0,
474,19810806,    0,    0,
474,19810807,    0,    0,
474,19810808,    0,    0,
474,19810809,    0,    0,
474,19810810,    2,    0,
474,19810811,    0,    0,
474,19810812,    0,    0,
474,19810813,    0,    0,
474,19810814,    0,    0,
474,19810815,    0,    0,
474,19810816,    0,    0,
474,19810817,    0,    0,
474,19810818,    0,    0,
474,19810819,   13,    0,
474,19810820,   79,    0,
474,19810821,   17,    0,
474,19810822,   23,    0,
474,19810823,    1,    0,
474,19810824,    0,    0,
474,19810825,    0,    0,
474,19810826,    0,    0,
474,19810827,    0,    0,
474,19810828,    0,    0,
474,19810829,    2,    0,
474,19810830,    0,    0,
474,19810831,    0,    0,
474,19810901,    0,    0,
474,19810902,    0,    0,
474,19810903,    0,    0,
474,19810904,    0,    0,
474,19810905,    0,    0,
474,19810906,    0,    0,
474,19810907,    0,    0,
474,19810908,    0,    0,
474,19810909,    0,    0,
474,19810910,    0,    0,
474,19810911,   21,    0,
474,19810912,    9,    0,
474,19810913,  108,    0,
474,19810914,    1,    0,
474,19810915,    8,    0,
474,19810916,   55,    0,
474,19810917,    0,    0,
474,19810918,    0,    0,
474,19810919,   60,    0,
474,19810920,  148,    0,
474,19810921,   27,    0,
474,19810922,    0,    0,
474,19810923,    1,    0,
474,19810924,    0,    0,
474,19810925,    6,    0,
474,19810926,   18,    0,
474,19810927,    6,    0,
474,19810928,    5,    0,
474,19810929,    0,    0,
474,19810930,    0,    0,
474,19811001,    0,    0,
474,19811002,    0,    0,
474,19811003,   71,    0,
474,19811004,   48,    0,
474,19811005,  334,    0,
474,19811006,    0,    0,
474,19811007,   66,    0,
474,19811008,   11,    0,
474,19811009,    2,    0,
474,19811010,   48,    0,
474,19811011,   85,    0,
474,19811012,   11,    0,
474,19811013,   61,    0,
474,19811014,   68,    0,
474,19811015,    0,    0,
474,19811016,    0,    0,
474,19811017,    0,    0,
474,19811018,  107,    0,
474,19811019,    0,    0,
474,19811020,  152,    0,
474,19811021,  141,    0,
474,19811022,  161,    0,
474,19811023,   26,    0,
474,19811024,    0,    0,
474,19811025,   41,    0,
474,19811026,   48,    0,
474,19811027,    0,    0,
474,19811028,   50,    0,
474,19811029,   58,    0,
474,19811030,   25,    0,
474,19811031,   25,    0,
474,19811101,    2,    0,
474,19811102,    3,    0,
474,19811103,    3,    0,
474,19811104,   35,    0,
474,19811105,   10,    0,
474,19811106,    0,    0,
474,19811107,    6,    0,
474,19811108,    0,    0,
474,19811109,    1,    0,
474,19811110,    1,    0,
474,19811111,   60,    0,
474,19811112,    8,    0,
474,19811113,    0,    0,
474,19811114,   19,    0,
474,19811115,    0,    0,
474,19811116,    0,    0,
474,19811117,   27,    0,
474,19811118,   54,    0,
474,19811119,   64,    0,
474,19811120,   36,    0,
474,19811121,    3,    0,
474,19811122,    0,    0,
474,19811123,    0,    0,
474,19811124,   38,    0,
474,19811125,   20,    0,
474,19811126,   14,    0,
474,19811127,   25,    0,
474,19811128,   46,    0,
474,19811129,   49,    0,
474,19811130,   77,    0,
474,19811201,  110,    0,
474,19811202,    5,    0,
474,19811203,    0,    0,
474,19811204,   72,    0,
474,19811205,  107,    0,
474,19811206,  108,    0,
474,19811207,   61,    0,
474,19811208,   26,    0,
474,19811209,   54,    0,
474,19811210,    0,    0,
474,19811211,    1,  997,
474,19811212,    9,  997,
474,19811213,    0,    0,
474,19811214,   39,    4,
474,19811215,    5,    2,
474,19811216,    0,    2,
474,19811217,    0,    0,
474,19811218,    0,    0,
474,19811219,    0,    0,
474,19811220,    0,    0,
474,19811221,    0,    0,
474,19811222,   14,    0,
474,19811223,    4,    0,
474,19811224,    3,    0,
474,19811225,    2,    0,
474,19811226,    8,    0,
474,19811227,    0,    0,
474,19811228,    0,    0,
474,19811229,   40,    0,
474,19811230,   62,    0,
474,19811231,   65,    0,
474,19820101,     ,    0,
474,19820102,     ,    0,
474,19820103,     ,    0,
474,19820104,     ,    0,
474,19820105,     ,    0,
474,19820106,     ,    0,
474,19820107,     ,    0,
474,19820108,     ,    0,
474,19820109,     ,    0,
474,19820110,     ,    0,
474,19820111,     ,    0,
474,19820112,     ,    0,
474,19820113,     ,    0,
474,19820114,     ,    0,
474,19820115,     ,    0,
474,19820116,     ,    0,
474,19820117,     ,    0,
474,19820118,     ,    0,
474,19820119,     ,    0,
474,19820120,     ,    0,
474,19820121,     ,    0,
474,19820122,     ,    0,
474,19820123,     ,    0,
474,19820124,     ,    0,
474,19820125,     ,    0,
474,19820126,     ,    0,
474,19820127,     ,    0,
474,19820128,     ,    0,
474,19820129,     ,    0,
474,19820130,     ,    0,
474,19820131,     ,    0,
474,19820201,     ,    0,
474,19820202,     ,    0,
474,19820203,     ,    0,
474,19820204,     ,    0,
474,19820205,     ,    0,
474,19820206,     ,    0,
474,19820207,     ,    0,
474,19820208,     ,    0,
474,19820209,     ,    0,
474,19820210,     ,    0,
474,19820211,     ,    0,
474,19820212,     ,    0,
474,19820213,     ,    0,
474,19820214,     ,    0,
474,19820215,     ,    0,
474,19820216,     ,    0,
474,19820217,     ,    0,
474,19820218,     ,    0,
474,19820219,     ,    0,
474,19820220,     ,    0,
474,19820221,     ,    0,
474,19820222,     ,    0,
474,19820223,     ,    0,
474,19820224,     ,    0,
474,19820225,     ,    0,
474,19820226,     ,    0,
474,19820227,     ,    0,
474,19820228,     ,    0,
474,19820301,     ,    0,
474,19820302,     ,    0,
474,19820303,     ,    0,
474,19820304,     ,    0,
474,19820305,     ,    0,
474,19820306,     ,    0,
474,19820307,     ,    0,
474,19820308,     ,    0,
474,19820309,     ,    0,
474,19820310,     ,    0,
474,19820311,     ,    0,
474,19820312,     ,    0,
474,19820313,     ,    0,
474,19820314,     ,    0,
474,19820315,     ,    0,
474,19820316,     ,    0,
474,19820317,     ,    0,
474,19820318,     ,    0,
474,19820319,     ,    0,
474,19820320,     ,    0,
474,19820321,     ,    0,
474,19820322,     ,    0,
474,19820323,     ,    0,
474,19820324,     ,    0,
474,19820325,     ,    0,
474,19820326,     ,    0,
474,19820327,     ,    0,
474,19820328,     ,    0,
474,19820329,     ,    0,
474,19820330,     ,    0,
474,19820331,     ,    0,
474,19820401,     ,    0,
474,19820402,     ,    0,
474,19820403,     ,    0,
474,19820404,     ,    0,
474,19820405,     ,    0,
474,19820406,     ,    0,
474,19820407,     ,    0,
474,19820408,     ,    0,
474,19820409,     ,    0,
474,19820410,     ,    0,
474,19820411,     ,    0,
474,19820412,     ,    0,
474,19820413,     ,    0,
474,19820414,     ,    0,
474,19820415,     ,    0,
474,19820416,     ,    0,
474,19820417,     ,    0,
474,19820418,     ,    0,
474,19820419,     ,    0,
474,19820420,     ,    0,
474,19820421,     ,    0,
474,19820422,     ,    0,
474,19820423,     ,    0,
474,19820424,     ,    0,
474,19820425,     ,    0,
474,19820426,     ,    0,
474,19820427,     ,    0,
474,19820428,     ,    0,
474,19820429,     ,    0,
474,19820430,     ,    0,
474,19820501,     ,    0,
474,19820502,     ,    0,
474,19820503,     ,    0,
474,19820504,     ,    0,
474,19820505,     ,    0,
474,19820506,     ,    0,
474,19820507,     ,    0,
474,19820508,     ,    0,
474,19820509,     ,    0,
474,19820510,     ,    0,
474,19820511,     ,    0,
474,19820512,     ,    0,
474,19820513,     ,    0,
474,19820514,     ,    0,
474,19820515,     ,    0,
474,19820516,     ,    0,
474,19820517,     ,    0,
474,19820518,     ,    0,
474,19820519,     ,    0,
474,19820520,     ,    0,
474,19820521,     ,    0,
474,19820522,     ,    0,
474,19820523,     ,    0,
474,19820524,     ,    0,
474,19820525,     ,    0,
474,19820526,     ,    0,
474,19820527,     ,    0,
474,19820528,     ,    0,
474,19820529,     ,    0,
474,19820530,     ,    0,
474,19820531,     ,    0,
474,19820601,     ,    0,
474,19820602,     ,    0,
474,19820603,     ,    0,
474,19820604,     ,    0,
474,19820605,     ,    0,
474,19820606,     ,    0,
474,19820607,     ,    0,
474,19820608,     ,    0,
474,19820609,     ,    0,
474,19820610,     ,    0,
474,19820611,     ,    0,
474,19820612,     ,    0,
474,19820613,     ,    0,
474,19820614,     ,    0,
474,19820615,     ,    0,
474,19820616,     ,    0,
474,19820617,     ,    0,
474,19820618,     ,    0,
474,19820619,     ,    0,
474,19820620,     ,    0,
474,19820621,     ,    0,
474,19820622,     ,    0,
474,19820623,     ,    0,
474,19820624,     ,    0,
474,19820625,     ,    0,
474,19820626,     ,    0,
474,19820627,     ,    0,
474,19820628,     ,    0,
474,19820629,     ,    0,
474,19820630,     ,    0,
474,19820701,     ,    0,
474,19820702,     ,    0,
474,19820703,     ,    0,
474,19820704,     ,    0,
474,19820705,     ,    0,
474,19820706,     ,    0,
474,19820707,     ,    0,
474,19820708,     ,    0,
474,19820709,     ,    0,
474,19820710,     ,    0,
474,19820711,     ,    0,
474,19820712,     ,    0,
474,19820713,     ,    0,
474,19820714,     ,    0,
474,19820715,     ,    0,
474,19820716,     ,    0,
474,19820717,     ,    0,
474,19820718,     ,    0,
474,19820719,     ,    0,
474,19820720,     ,    0,
474,19820721,     ,    0,
474,19820722,     ,    0,
474,19820723,     ,    0,
474,19820724,     ,    0,
474,19820725,     ,    0,
474,19820726,     ,    0,
474,19820727,     ,    0,
474,19820728,     ,    0,
474,19820729,     ,    0,
474,19820730,     ,    0,
474,19820731,     ,    0,
474,19820801,     ,    0,
474,19820802,     ,    0,
474,19820803,     ,    0,
474,19820804,     ,    0,
474,19820805,     ,    0,
474,19820806,     ,    0,
474,19820807,     ,    0,
474,19820808,     ,    0,
474,19820809,     ,    0,
474,19820810,     ,    0,
474,19820811,     ,    0,
474,19820812,     ,    0,
474,19820813,     ,    0,
474,19820814,     ,    0,
474,19820815,     ,    0,
474,19820816,     ,    0,
474,19820817,     ,    0,
474,19820818,     ,    0,
474,19820819,     ,    0,
474,19820820,     ,    0,
474,19820821,     ,    0,
474,19820822,     ,    0,
474,19820823,     ,    0,
474,19820824,     ,    0,
474,19820825,     ,    0,
474,19820826,     ,    0,
474,19820827,     ,    0,
474,19820828,     ,    0,
474,19820829,     ,    0,
474,19820830,     ,    0,
474,19820831,     ,    0,
474,19820901,     ,    0,
474,19820902,     ,    0,
474,19820903,     ,    0,
474,19820904,     ,    0,
474,19820905,     ,    0,
474,19820906,     ,    0,
474,19820907,     ,    0,
474,19820908,     ,    0,
474,19820909,     ,    0,
474,19820910,     ,    0,
474,19820911,     ,    0,
474,19820912,     ,    0,
474,19820913,     ,    0,
474,19820914,     ,    0,
474,19820915,     ,    0,
474,19820916,     ,    0,
474,19820917,     ,    0,
474,19820918,     ,    0,
474,19820919,     ,    0,
474,19820920,     ,    0,
474,19820921,     ,    0,
474,19820922,     ,    0,
474,19820923,     ,    0,
474,19820924,     ,    0,
474,19820925,     ,    0,
474,19820926,     ,    0,
474,19820927,     ,    0,
474,19820928,     ,    0,
474,19820929,     ,    0,
474,19820930,     ,    0,
474,19821001,     ,    0,
474,19821002,     ,    0,
474,19821003,     ,    0,
474,19821004,     ,    0,
474,19821005,     ,    0,
474,19821006,     ,    0,
474,19821007,     ,    0,
474,19821008,     ,    0,
474,19821009,     ,    0,
474,19821010,     ,    0,
474,19821011,     ,    0,
474,19821012,     ,    0,
474,19821013,     ,    0,
474,19821014,     ,    0,
474,19821015,     ,    0,
474,19821016,     ,    0,
474,19821017,     ,    0,
474,19821018,     ,    0,
474,19821019,     ,    0,
474,19821020,     ,    0,
474,19821021,     ,    0,
474,19821022,     ,    0,
474,19821023,     ,    0,
474,19821024,     ,    0,
474,19821025,     ,    0,
474,19821026,     ,    0,
474,19821027,     ,    0,
474,19821028,     ,    0,
474,19821029,     ,    0,
474,19821030,     ,    0,
474,19821031,     ,    0,
474,19821101,     ,    0,
474,19821102,     ,    0,
474,19821103,     ,    0,
474,19821104,     ,    0,
474,19821105,     ,    0,
474,19821106,     ,    0,
474,19821107,     ,    0,
474,19821108,     ,    0,
474,19821109,     ,    0,
474,19821110,     ,    0,
474,19821111,     ,    0,
474,19821112,     ,    0,
474,19821113,     ,    0,
474,19821114,     ,    0,
474,19821115,     ,    0,
474,19821116,     ,    0,
474,19821117,     ,    0,
474,19821118,     ,    0,
474,19821119,     ,    0,
474,19821120,     ,    0,
474,19821121,     ,    0,
474,19821122,     ,    0,
474,19821123,     ,    0,
474,19821124,     ,    0,
474,19821125,     ,    0,
474,19821126,     ,    0,
474,19821127,     ,    0,
474,19821128,     ,    0,
474,19821129,     ,    0,
474,19821130,     ,    0,
474,19821201,     ,    0,
474,19821202,     ,    0,
474,19821203,     ,    0,
474,19821204,     ,    0,
474,19821205,     ,    0,
474,19821206,     ,    0,
474,19821207,     ,    0,
474,19821208,     ,    0,
474,19821209,     ,    0,
474,19821210,     ,    0,
474,19821211,     ,    0,
474,19821212,     ,    0,
474,19821213,     ,    0,
474,19821214,     ,    0,
474,19821215,     ,    0,
474,19821216,     ,    0,
474,19821217,     ,    0,
474,19821218,     ,    0,
474,19821219,     ,    0,
474,19821220,     ,    0,
474,19821221,     ,    0,
474,19821222,     ,    0,
474,19821223,     ,    0,
474,19821224,     ,    0,
474,19821225,     ,    0,
474,19821226,     ,    0,
474,19821227,     ,    0,
474,19821228,     ,    0,
474,19821229,     ,    0,
474,19821230,     ,    0,
474,19821231,     ,    0,
474,19830101,    0,    0,
474,19830102,    5,    0,
474,19830103,   23,    0,
474,19830104,  172,    0,
474,19830105,   46,    0,
474,19830106,    0,    0,
474,19830107,   48,    0,
474,19830108,    0,    0,
474,19830109,    3,    0,
474,19830110,   22,    0,
474,19830111,    0,    0,
474,19830112,    0,    0,
474,19830113,    0,    0,
474,19830114,   29,    0,
474,19830115,  113,    0,
474,19830116,    9,    0,
474,19830117,    0,    0,
474,19830118,    5,    0,
474,19830119,   15,    0,
474,19830120,   13,    0,
474,19830121,    0,    0,
474,19830122,    0,    0,
474,19830123,    0,    0,
474,19830124,    0,    0,
474,19830125,   63,    0,
474,19830126,    1,    0,
474,19830127,    0,    0,
474,19830128,    0,    0,
474,19830129,   46,    0,
474,19830130,    6,    0,
474,19830131,   51,    0,
474,19830201,  112,    0,
474,19830202,   12,    0,
474,19830203,   11,    0,
474,19830204,   11,    0,
474,19830205,   64,    0,
474,19830206,   35,    0,
474,19830207,    2,    0,
474,19830208,    3,  997,
474,19830209,    4,  997,
474,19830210,    0,  997,
474,19830211,    0,  997,
474,19830212,    0,  997,
474,19830213,    0,  997,
474,19830214,    0,    0,
474,19830215,    0,    0,
474,19830216,    0,    0,
474,19830217,    0,    0,
474,19830218,    0,    0,
474,19830219,    0,    0,
474,19830220,    0,    0,
474,19830221,    0,    0,
474,19830222,    0,    0,
474,19830223,    0,    0,
474,19830224,    0,    0,
474,19830225,    1,    0,
474,19830226,   18,    0,
474,19830227,   21,    0,
474,19830228,   58,    0,
474,19830301,   42,    0,
474,19830302,    0,    0,
474,19830303,    1,    0,
474,19830304,    1,    0,
474,19830305,    2,    0,
474,19830306,    0,    0,
474,19830307,    0,    0,
474,19830308,    0,    0,
474,19830309,    0,    0,
474,19830310,    0,    0,
474,19830311,    0,    0,
474,19830312,    0,    0,
474,19830313,    0,    0,
474,19830314,    0,    0,
474,19830315,   32,    0,
474,19830316,    2,    0,
474,19830317,   18,    0,
474,19830318,   20,    0,
474,19830319,   55,    0,
474,19830320,    1,    0,
474,19830321,   70,    0,
474,19830322,   34,    0,
474,19830323,   10,    0,
474,19830324,  154,    0,
474,19830325,   60,    0,
474,19830326,  143,    0,
474,19830327,   13,    0,
474,19830328,   45,    0,
474,19830329,    8,    0,
474,19830330,   48,    0,
474,19830331,   93,    0,
474,19830401,   86,    0,
474,19830402,    4,    0,
474,19830403,    1,    0,
474,19830404,    1,    0,
474,19830405,   34,    0,
474,19830406,  202,    0,
474,19830407,   19,    0,
474,19830408,   12,    0,
474,19830409,   22,    0,
474,19830410,    0,    0,
474,19830411,   77,    0,
474,19830412,   37,    0,
474,19830413,    3,    0,
474,19830414,    8,    0,
474,19830415,    1,    0,
474,19830416,    1,    0,
474,19830417,    0,    0,
474,19830418,   13,    0,
474,19830419,   35,    0,
474,19830420,    0,    0,
474,19830421,    0,    0,
474,19830422,   60,    0,
474,19830423,    0,    0,
474,19830424,   89,    0,
474,19830425,    0,    0,
474,19830426,    0,    0,
474,19830427,  265,    0,
474,19830428,   51,    0,
474,19830429,   46,    0,
474,19830430,    0,    0,
474,19830501,   57,    0,
474,19830502,  175,    0,
474,19830503,  157,    0,
474,19830504,   18,    0,
474,19830505,    0,    0,
474,19830506,    0,    0,
474,19830507,  118,    0,
474,19830508,   42,    0,
474,19830509,    3,    0,
474,19830510,   31,    0,
474,19830511,   14,    0,
474,19830512,  117,    0,
474,19830513,   50,    0,
474,19830514,   39,    0,
474,19830515,    0,    0,
474,19830516,   20,    0,
474,19830517,   51,    0,
474,19830518,    0,    0,
474,19830519,   23,    0,
474,19830520,   38,    0,
474,19830521,   68,    0,
474,19830522,   83,    0,
474,19830523,   57,    0,
474,19830524,    1,    0,
474,19830525,   14,    0,
474,19830526,    1,    0,
474,19830527,    1,    0,
474,19830528,   26,    0,
474,19830529,   62,    0,
474,19830530,    1,    0,
474,19830531,    0,    0,
474,19830601,    0,    0,
474,19830602,  124,    0,
474,19830603,   54,    0,
474,19830604,    0,    0,
474,19830605,    4,    0,
474,19830606,    0,    0,
474,19830607,    0,    0,
474,19830608,    0,    0,
474,19830609,    1,    0,
474,19830610,    0,    0,
474,19830611,    0,    0,
474,19830612,    0,    0,
474,19830613,    8,    0,
474,19830614,    0,    0,
474,19830615,    3,    0,
474,19830616,    0,    0,
474,19830617,    0,    0,
474,19830618,    0,    0,
474,19830619,    0,    0,
474,19830620,    0,    0,
474,19830621,    0,    0,
474,19830622,    0,    0,
474,19830623,    0,    0,
474,19830624,    2,    0,
474,19830625,    0,    0,
474,19830626,    0,    0,
474,19830627,    4,    0,
474,19830628,    0,    0,
474,19830629,   17,    0,
474,19830630,   73,    0,
474,19830701,    4,    0,
474,19830702,    0,    0,
474,19830703,    2,    0,
474,19830704,    0,    0,
474,19830705,    0,    0,
474,19830706,    0,    0,
474,19830707,    3,    0,
474,19830708,    0,    0,
474,19830709,    0,    0,
474,19830710,    0,    0,
474,19830711,    0,    0,
474,19830712,    0,    0,
474,19830713,    0,    0,
474,19830714,    0,    0,
474,19830715,    0,    0,
474,19830716,    0,    0,
474,19830717,    0,    0,
474,19830718,    0,    0,
474,19830719,    0,    0,
474,19830720,    0,    0,
474,19830721,    0,    0,
474,19830722,    0,    0,
474,19830723,    0,    0,
474,19830724,    1,    0,
474,19830725,   13,    0,
474,19830726,    2,    0,
474,19830727,   43,    0,
474,19830728,    0,    0,
474,19830729,    0,    0,
474,19830730,    0,    0,
474,19830731,    0,    0,
474,19830801,    2,    0,
474,19830802,   41,    0,
474,19830803,    0,    0,
474,19830804,    0,    0,
474,19830805,    0,    0,
474,19830806,    4,    0,
474,19830807,    0,    0,
474,19830808,    0,    0,
474,19830809,    0,    0,
474,19830810,    0,    0,
474,19830811,    0,    0,
474,19830812,    0,    0,
474,19830813,    5,    0,
474,19830814,    4,    0,
474,19830815,    0,    0,
474,19830816,    0,    0,
474,19830817,    9,    0,
474,19830818,   14,    0,
474,19830819,    0,    0,
474,19830820,    0,    0,
474,19830821,    1,    0,
474,19830822,   24,    0,
474,19830823,    1,    0,
474,19830824,    0,    0,
474,19830825,    0,    0,
474,19830826,    0,    0,
474,19830827,    0,    0,
474,19830828,    0,    0,
474,19830829,    0,    0,
474,19830830,    0,    0,
474,19830831,    0,    0,
474,19830901,    3,    0,
474,19830902,   36,    0,
474,19830903,  120,    0,
474,19830904,  115,    0,
474,19830905,    0,    0,
474,19830906,    0,    0,
474,19830907,    3,    0,
474,19830908,    0,    0,
474,19830909,    0,    0,
474,19830910,    3,    0,
474,19830911,  168,    0,
474,19830912,  417,    0,
474,19830913,  139,    0,
474,19830914,  134,    0,
474,19830915,  165,    0,
474,19830916,   82,    0,
474,19830917,  103,    0,
474,19830918,  126,    0,
474,19830919,   55,    0,
474,19830920,    0,    0,
474,19830921,    0,    0,
474,19830922,   33,    0,
474,19830923,    0,    0,
474,19830924,    0,    0,
474,19830925,   11,    0,
474,19830926,    0,    0,
474,19830927,    0,    0,
474,19830928,    0,    0,
474,19830929,    2,    0,
474,19830930,    0,    0,
474,19831001,    0,    0,
474,19831002,    5,    0,
474,19831003,    0,    0,
474,19831004,   18,    0,
474,19831005,    0,    0,
474,19831006,    0,    0,
474,19831007,    0,    0,
474,19831008,   85,    0,
474,19831009,   39,    0,
474,19831010,    4,    0,
474,19831011,  115,    0,
474,19831012,    2,    0,
474,19831013,    0,    0,
474,19831014,   21,    0,
474,19831015,   21,    0,
474,19831016,  163,    0,
474,19831017,   65,    0,
474,19831018,    8,    0,
474,19831019,   15,    0,
474,19831020,    0,    0,
474,19831021,   13,    0,
474,19831022,    5,    0,
474,19831023,    0,    0,
474,19831024,    2,    0,
474,19831025,    0,    0,
474,19831026,    9,    0,
474,19831027,    0,    0,
474,19831028,    0,    0,
474,19831029,   21,    0,
474,19831030,    0,    0,
474,19831031,    0,    0,
474,19831101,    0,    0,
474,19831102,    0,    0,
474,19831103,    0,    0,
474,19831104,    0,    0,
474,19831105,    0,    0,
474,19831106,    0,    0,
474,19831107,    0,    0,
474,19831108,    0,    0,
474,19831109,    0,    0,
474,19831110,    0,    0,
474,19831111,    1,    0,
474,19831112,    0,    0,
474,19831113,    0,    0,
474,19831114,    0,    0,
474,19831115,    7,    0,
474,19831116,   45,    0,
474,19831117,   10,    0,
474,19831118,    2,    0,
474,19831119,   18,    0,
474,19831120,    0,    0,
474,19831121,   19,    0,
474,19831122,   28,    0,
474,19831123,    0,    0,
474,19831124,    0,    0,
474,19831125,    8,    0,
474,19831126,  160,    0,
474,19831127,  423,    0,
474,19831128,  160,    0,
474,19831129,   34,    0,
474,19831130,    3,    0,
474,19831201,    2,    0,
474,19831202,    0,    0,
474,19831203,    0,    0,
474,19831204,    1,    0,
474,19831205,    0,    0,
474,19831206,   45,    0,
474,19831207,    4,    0,
474,19831208,    0,    0,
474,19831209,  159,    0,
474,19831210,   51,    0,
474,19831211,   18,  997,
474,19831212,    8,  997,
474,19831213,    0,  997,
474,19831214,    0,    0,
474,19831215,    0,    0,
474,19831216,    0,    0,
474,19831217,    0,    0,
474,19831218,    1,    0,
474,19831219,    5,    0,
474,19831220,   21,    0,
474,19831221,   11,    0,
474,19831222,    6,    0,
474,19831223,  102,    0,
474,19831224,   20,    0,
474,19831225,  105,    0,
474,19831226,   46,    0,
474,19831227,    0,    0,
474,19831228,   13,    0,
474,19831229,    0,    0,
474,19831230,    0,    0,
474,19831231,    0,    0,
474,19840101,    0,    0,
474,19840102,   60,    0,
474,19840103,  149,    0,
474,19840104,   16,    0,
474,19840105,   20,    0,
474,19840106,   21,    0,
474,19840107,   58,    0,
474,19840108,   12,    0,
474,19840109,   58,    0,
474,19840110,    2,    0,
474,19840111,   34,    0,
474,19840112,   52,    0,
474,19840113,   10,    0,
474,19840114,   64,    0,
474,19840115,   24,    0,
474,19840116,    5,    0,
474,19840117,  113,    0,
474,19840118,    2,    0,
474,19840119,    0,    0,
474,19840120,    0,    0,
474,19840121,    8,    0,
474,19840122,    0,    0,
474,19840123,   87,    8,
474,19840124,  317,   15,
474,19840125,    0,    4,
474,19840126,    2,    4,
474,19840127,   20,    4,
474,19840128,   38,  997,
474,19840129,   13,  997,
474,19840130,   20,    0,
474,19840131,   56,    0,
474,19840201,    2,    0,
474,19840202,   57,    0,
474,19840203,   84,    0,
474,19840204,   21,    0,
474,19840205,   81,    0,
474,19840206,   65,    0,
474,19840207,  126,    0,
474,19840208,  157,    0,
474,19840209,   16,    0,
474,19840210,    0,    0,
474,19840211,    0,    0,
474,19840212,    0,    0,
474,19840213,    0,    0,
474,19840214,    0,    0,
474,19840215,    0,    0,
474,19840216,    0,    0,
474,19840217,    0,    0,
474,19840218,    0,    0,
474,19840219,    0,    0,
474,19840220,    0,    0,
474,19840221,   36,    0,
474,19840222,    0,    0,
474,19840223,    0,    0,
474,19840224,    0,    0,
474,19840225,    0,    0,
474,19840226,    0,    0,
474,19840227,    2,    0,
474,19840228,    0,    0,
474,19840229,    0,    0,
474,19840301,    0,    0,
474,19840302,   53,    0,
474,19840303,   70,    0,
474,19840304,    0,    0,
474,19840305,    8,    0,
474,19840306,    1,    0,
474,19840307,    6,    0,
474,19840308,    1,    0,
474,19840309,    1,    0,
474,19840310,   71,    0,
474,19840311,   47,    0,
474,19840312,    1,    0,
474,19840313,    0,    0,
474,19840314,    0,    0,
474,19840315,    0,    0,
474,19840316,    0,    0,
474,19840317,    0,    0,
474,19840318,    0,    0,
474,19840319,    0,    0,
474,19840320,    0,    0,
474,19840321,    0,    0,
474,19840322,    0,    0,
474,19840323,    0,    0,
474,19840324,    0,    0,
474,19840325,   37,    0,
474,19840326,   12,    0,
474,19840327,   43,    0,
474,19840328,   75,    0,
474,19840329,  146,    0,
474,19840330,    2,    0,
474,19840331,    0,    0,
474,19840401,    0,    0,
474,19840402,    0,    0,
474,19840403,    0,    0,
474,19840404,    0,    0,
474,19840405,   11,    0,
474,19840406,   47,    0,
474,19840407,   16,    0,
474,19840408,    0,    0,
474,19840409,    0,    0,
474,19840410,   30,    0,
474,19840411,    0,    0,
474,19840412,   55,    0,
474,19840413,    0,    0,
474,19840414,    0,    0,
474,19840415,    0,    0,
474,19840416,    0,    0,
474,19840417,    0,    0,
474,19840418,    0,    0,
474,19840419,    0,    0,
474,19840420,    0,    0,
474,19840421,    0,    0,
474,19840422,    0,    0,
474,19840423,    0,    0,
474,19840424,    0,    0,
474,19840425,    0,    0,
474,19840426,    0,    0,
474,19840427,    0,    0,
474,19840428,    0,    0,
474,19840429,    0,    0,
474,19840430,    0,    0,
474,19840501,    1,    0,
474,19840502,    1,    0,
474,19840503,    0,    0,
474,19840504,   32,    0,
474,19840505,    0,    0,
474,19840506,   15,    0,
474,19840507,    2,    0,
474,19840508,    0,    0,
474,19840509,    9,    0,
474,19840510,    2,    0,
474,19840511,   16,    0,
474,19840512,    0,    0,
474,19840513,    0,    0,
474,19840514,    0,    0,
474,19840515,    0,    0,
474,19840516,    3,    0,
474,19840517,    7,    0,
474,19840518,   27,    0,
474,19840519,    0,    0,
474,19840520,  116,    0,
474,19840521,   10,    0,
474,19840522,  338,    0,
474,19840523,    5,    0,
474,19840524,    9,    0,
474,19840525,    0,    0,
474,19840526,    3,    0,
474,19840527,   51,    0,
474,19840528,   18,    0,
474,19840529,   28,    0,
474,19840530,   16,    0,
474,19840531,    0,    0,
474,19840601,    0,    0,
474,19840602,   56,    0,
474,19840603,   42,    0,
474,19840604,  169,    0,
474,19840605,  111,    0,
474,19840606,    0,    0,
474,19840607,   65,    0,
474,19840608,    5,    0,
474,19840609,    0,    0,
474,19840610,    0,    0,
474,19840611,    0,    0,
474,19840612,    0,    0,
474,19840613,    0,    0,
474,19840614,   17,    0,
474,19840615,    2,    0,
474,19840616,    0,    0,
474,19840617,    0,    0,
474,19840618,    0,    0,
474,19840619,    0,    0,
474,19840620,    0,    0,
474,19840621,    0,    0,
474,19840622,    0,    0,
474,19840623,   58,    0,
474,19840624,   40,    0,
474,19840625,   30,    0,
474,19840626,    0,    0,
474,19840627,    0,    0,
474,19840628,    4,    0,
474,19840629,    2,    0,
474,19840630,   35,    0,
474,19840701,    4,    0,
474,19840702,    0,    0,
474,19840703,   30,    0,
474,19840704,    4,    0,
474,19840705,    0,    0,
474,19840706,    0,    0,
474,19840707,    0,    0,
474,19840708,    0,    0,
474,19840709,    0,    0,
474,19840710,   59,    0,
474,19840711,   76,    0,
474,19840712,   72,    0,
474,19840713,   40,    0,
474,19840714,   15,    0,
474,19840715,   79,    0,
474,19840716,   70,    0,
474,19840717,    0,    0,
474,19840718,    0,    0,
474,19840719,   10,    0,
474,19840720,    0,    0,
474,19840721,    0,    0,
474,19840722,    0,    0,
474,19840723,    0,    0,
474,19840724,    0,    0,
474,19840725,    0,    0,
474,19840726,    4,    0,
474,19840727,    0,    0,
474,19840728,   12,    0,
474,19840729,    0,    0,
474,19840730,    0,    0,
474,19840731,    0,    0,
474,19840801,   51,    0,
474,19840802,    1,    0,
474,19840803,   22,    0,
474,19840804,   32,    0,
474,19840805,    2,    0,
474,19840806,    8,    0,
474,19840807,    0,    0,
474,19840808,    0,    0,
474,19840809,    0,    0,
474,19840810,    0,    0,
474,19840811,    0,    0,
474,19840812,    0,    0,
474,19840813,    0,    0,
474,19840814,    0,    0,
474,19840815,    0,    0,
474,19840816,    0,    0,
474,19840817,    0,    0,
474,19840818,    0,    0,
474,19840819,    0,    0,
474,19840820,    0,    0,
474,19840821,    0,    0,
474,19840822,    0,    0,
474,19840823,    0,    0,
474,19840824,  133,    0,
474,19840825,    0,    0,
474,19840826,    0,    0,
474,19840827,    0,    0,
474,19840828,    0,    0,
474,19840829,    0,    0,
474,19840830,    8,    0,
474,19840831,    0,    0,
474,19840901,    0,    0,
474,19840902,    0,    0,
474,19840903,    0,    0,
474,19840904,   63,    0,
474,19840905,   16,    0,
474,19840906,    3,    0,
474,19840907,   47,    0,
474,19840908,  285,    0,
474,19840909,  155,    0,
474,19840910,  188,    0,
474,19840911,   61,    0,
474,19840912,   41,    0,
474,19840913,    0,    0,
474,19840914,    0,    0,
474,19840915,   15,    0,
474,19840916,   10,    0,
474,19840917,    0,    0,
474,19840918,   65,    0,
474,19840919,    7,    0,
474,19840920,    0,    0,
474,19840921,  100,    0,
474,19840922,  253,    0,
474,19840923,   19,    0,
474,19840924,   58,    0,
474,19840925,   84,    0,
474,19840926,  116,    0,
474,19840927,   27,    0,
474,19840928,    0,    0,
474,19840929,    0,    0,
474,19840930,   46,    0,
474,19841001,  162,    0,
474,19841002,   79,    0,
474,19841003,    4,    0,
474,19841004,    0,    0,
474,19841005,   30,    0,
474,19841006,  115,    0,
474,19841007,    0,    0,
474,19841008,   16,    0,
474,19841009,   36,    0,
474,19841010,    5,    0,
474,19841011,   34,    0,
474,19841012,    0,    0,
474,19841013,    0,    0,
474,19841014,    0,    0,
474,19841015,    0,    0,
474,19841016,    0,    0,
474,19841017,    1,    0,
474,19841018,    1,    0,
474,19841019,   49,    0,
474,19841020,  116,    0,
474,19841021,    9,    0,
474,19841022,   13,    0,
474,19841023,  153,    0,
474,19841024,    2,    0,
474,19841025,  165,    0,
474,19841026,    1,    0,
474,19841027,    0,    0,
474,19841028,    0,    0,
474,19841029,   32,    0,
474,19841030,    2,    0,
474,19841031,    0,    0,
474,19841101,    0,    0,
474,19841102,    1,    0,
474,19841103,    1,    0,
474,19841104,    5,    0,
474,19841105,    0,    0,
474,19841106,   14,    0,
474,19841107,    3,    0,
474,19841108,    3,    0,
474,19841109,    1,    0,
474,19841110,    0,    0,
474,19841111,    2,    0,
474,19841112,    0,    0,
474,19841113,    0,    0,
474,19841114,    0,    0,
474,19841115,    0,    0,
474,19841116,   54,    0,
474,19841117,    0,    0,
474,19841118,   75,    0,
474,19841119,    3,    0,
474,19841120,   29,    0,
474,19841121,   82,    0,
474,19841122,  119,    0,
474,19841123,  221,    0,
474,19841124,  134,    0,
474,19841125,   66,    0,
474,19841126,    0,    0,
474,19841127,    0,    0,
474,19841128,    0,    0,
474,19841129,   11,    0,
474,19841130,    0,    0,
474,19841201,    0,    0,
474,19841202,    0,    0,
474,19841203,    1,    0,
474,19841204,    0,    0,
474,19841205,    0,    0,
474,19841206,    0,    0,
474,19841207,   22,    0,
474,19841208,    0,    0,
474,19841209,   12,    0,
474,19841210,    1,    0,
474,19841211,    0,    0,
474,19841212,    0,    0,
474,19841213,    0,    0,
474,19841214,    9,    0,
474,19841215,    0,    0,
474,19841216,  163,    0,
474,19841217,    0,    0,
474,19841218,   39,    0,
474,19841219,    9,    0,
474,19841220,   25,    0,
474,19841221,  119,    0,
474,19841222,    1,    0,
474,19841223,   19,    0,
474,19841224,   39,    0,
474,19841225,   43,    0,
474,19841226,   53,    0,
474,19841227,    2,    0,
474,19841228,    0,    0,
474,19841229,    0,    0,
474,19841230,    0,    0,
474,19841231,    9,    0,
474,19850101,   69,    0,
474,19850102,   10,    0,
474,19850103,    6,    2,
474,19850104,   34,    4,
474,19850105,    5,    4,
474,19850106,    2,    4,
474,19850107,   23,    4,
474,19850108,    1,    4,
474,19850109,  148,    8,
474,19850110,    3,   15,
474,19850111,    0,   15,
474,19850112,   28,    8,
474,19850113,    0,    2,
474,19850114,    0,    2,
474,19850115,   10,    2,
474,19850116,    5,    8,
474,19850117,   18,    8,
474,19850118,    0,    8,
474,19850119,    0,    8,
474,19850120,    0,    8,
474,19850121,    1,    8,
474,19850122,  122,  997,
474,19850123,   11,  997,
474,19850124,    2,  997,
474,19850125,   96,    0,
474,19850126,   87,    0,
474,19850127,   17,    2,
474,19850128,    0,  997,
474,19850129,    4,  997,
474,19850130,   64,    0,
474,19850131,   18,    0,
474,19850201,   14,    0,
474,19850202,    1,    0,
474,19850203,    0,    0,
474,19850204,    0,    0,
474,19850205,    0,    0,
474,19850206,    0,    0,
474,19850207,    0,    0,
474,19850208,    0,    0,
474,19850209,    3,  997,
474,19850210,    0,  997,
474,19850211,    0,  997,
474,19850212,    0,  997,
474,19850213,    0,  997,
474,19850214,    0,  997,
474,19850215,    0,  997,
474,19850216,    0,  997,
474,19850217,    1,  997,
474,19850218,    0,    0,
474,19850219,    0,    0,
474,19850220,    0,    0,
474,19850221,    0,    0,
474,19850222,    0,    0,
474,19850223,    0,    0,
474,19850224,    6,    0,
474,19850225,    0,    0,
474,19850226,    0,    0,
474,19850227,    0,    0,
474,19850228,    0,    0,
474,19850301,    0,    0,
474,19850302,   27,    0,
474,19850303,    0,    0,
474,19850304,   48,    0,
474,19850305,   54,    0,
474,19850306,    8,    0,
474,19850307,    5,    0,
474,19850308,    0,    0,
474,19850309,    3,    0,
474,19850310,    0,    0,
474,19850311,   30,    0,
474,19850312,    0,    0,
474,19850313,    0,    0,
474,19850314,    5,    0,
474,19850315,    0,    0,
474,19850316,   29,    0,
474,19850317,    0,    0,
474,19850318,    0,    0,
474,19850319,    0,    0,
474,19850320,   20,  997,
474,19850321,   15,  997,
474,19850322,   10,    0,
474,19850323,   20,    0,
474,19850324,   13,    0,
474,19850325,   15,    0,
474,19850326,   26,    0,
474,19850327,   57,    0,
474,19850328,    8,    0,
474,19850329,   37,    0,
474,19850330,  102,    0,
474,19850331,  124,    0,
474,19850401,  143,    0,
474,19850402,   23,    0,
474,19850403,    0,    0,
474,19850404,    0,    0,
474,19850405,    1,    0,
474,19850406,   17,    0,
474,19850407,   31,    0,
474,19850408,   18,    0,
474,19850409,   14,    0,
474,19850410,    0,    0,
474,19850411,    0,    0,
474,19850412,  115,    0,
474,19850413,   54,    0,
474,19850414,   67,    0,
474,19850415,    5,    0,
474,19850416,   18,    0,
474,19850417,    0,    0,
474,19850418,    0,    0,
474,19850419,    0,    0,
474,19850420,    0,    0,
474,19850421,    0,    0,
474,19850422,    0,    0,
474,19850423,    0,    0,
474,19850424,    0,    0,
474,19850425,    0,    0,
474,19850426,    7,    0,
474,19850427,   23,    0,
474,19850428,   43,    0,
474,19850429,   16,    0,
474,19850430,    3,    0,
474,19850501,   28,    0,
474,19850502,   18,    0,
474,19850503,   35,    0,
474,19850504,    0,    0,
474,19850505,   10,    0,
474,19850506,    0,    0,
474,19850507,    0,    0,
474,19850508,    1,    0,
474,19850509,    0,    0,
474,19850510,    0,    0,
474,19850511,    0,    0,
474,19850512,    0,    0,
474,19850513,  141,    0,
474,19850514,   90,    0,
474,19850515,    7,    0,
474,19850516,    0,    0,
474,19850517,    0,    0,
474,19850518,    0,    0,
474,19850519,    0,    0,
474,19850520,   25,    0,
474,19850521,   17,    0,
474,19850522,  116,    0,
474,19850523,    9,    0,
474,19850524,    3,    0,
474,19850525,    1,    0,
474,19850526,    0,    0,
474,19850527,    0,    0,
474,19850528,    2,    0,
474,19850529,    0,    0,
474,19850530,    0,    0,
474,19850531,    0,    0,
474,19850601,    0,    0,
474,19850602,    0,    0,
474,19850603,    0,    0,
474,19850604,    0,    0,
474,19850605,   41,    0,
474,19850606,    6,    0,
474,19850607,   11,    0,
474,19850608,  180,    0,
474,19850609,   18,    0,
474,19850610,   33,    0,
474,19850611,    0,    0,
474,19850612,  115,    0,
474,19850613,  102,    0,
474,19850614,  114,    0,
474,19850615,    8,    0,
474,19850616,    0,    0,
474,19850617,    0,    0,
474,19850618,    0,    0,
474,19850619,    0,    0,
474,19850620,   32,    0,
474,19850621,   20,    0,
474,19850622,  133,    0,
474,19850623,   24,    0,
474,19850624,   82,    0,
474,19850625,   52,    0,
474,19850626,  153,    0,
474,19850627,   21,    0,
474,19850628,    1,    0,
474,19850629,   96,    0,
474,19850630,    2,    0,
474,19850701,    3,    0,
474,19850702,   13,    0,
474,19850703,    0,    0,
474,19850704,    0,    0,
474,19850705,    0,    0,
474,19850706,    0,    0,
474,19850707,    0,    0,
474,19850708,    0,    0,
474,19850709,    0,    0,
474,19850710,    0,    0,
474,19850711,    0,    0,
474,19850712,    0,    0,
474,19850713,    0,    0,
474,19850714,    0,    0,
474,19850715,   12,    0,
474,19850716,    0,    0,
474,19850717,   33,    0,
474,19850718,    0,    0,
474,19850719,  177,    0,
474,19850720,   97,    0,
474,19850721,    0,    0,
474,19850722,   37,    0,
474,19850723,   30,    0,
474,19850724,    0,    0,
474,19850725,    0,    0,
474,19850726,   35,    0,
474,19850727,   54,    0,
474,19850728,    0,    0,
474,19850729,  163,    0,
474,19850730,  189,    0,
474,19850731,   72,    0,
474,19850801,   13,    0,
474,19850802,    0,    0,
474,19850803,   55,    0,
474,19850804,   20,    0,
474,19850805,  108,    0,
474,19850806,   38,    0,
474,19850807,    3,    0,
474,19850808,   16,    0,
474,19850809,    0,    0,
474,19850810,   73,    0,
474,19850811,   69,    0,
474,19850812,   29,    0,
474,19850813,    1,    0,
474,19850814,    8,    0,
474,19850815,   33,    0,
474,19850816,    0,    0,
474,19850817,   60,    0,
474,19850818,   11,    0,
474,19850819,  105,    0,
474,19850820,    0,    0,
474,19850821,   47,    0,
474,19850822,   67,    0,
474,19850823,    0,    0,
474,19850824,    1,    0,
474,19850825,   29,    0,
474,19850826,    7,    0,
474,19850827,   59,    0,
474,19850828,    0,    0,
474,19850829,    0,    0,
474,19850830,    0,    0,
474,19850831,    0,    0,
474,19850901,    4,    0,
474,19850902,    0,    0,
474,19850903,   40,    0,
474,19850904,   74,    0,
474,19850905,   38,    0,
474,19850906,   18,    0,
474,19850907,    5,    0,
474,19850908,   35,    0,
474,19850909,   14,    0,
474,19850910,    0,    0,
474,19850911,    0,    0,
474,19850912,    0,    0,
474,19850913,    0,    0,
474,19850914,    0,    0,
474,19850915,  118,    0,
474,19850916,   17,    0,
474,19850917,   19,    0,
474,19850918,    7,    0,
474,19850919,    0,    0,
474,19850920,    0,    0,
474,19850921,    2,    0,
474,19850922,   91,    0,
474,19850923,    5,    0,
474,19850924,    0,    0,
474,19850925,    0,    0,
474,19850926,    0,    0,
474,19850927,    0,    0,
474,19850928,    1,    0,
474,19850929,    0,    0,
474,19850930,    0,    0,
474,19851001,    0,    0,
474,19851002,    0,    0,
474,19851003,    0,    0,
474,19851004,    0,    0,
474,19851005,   12,    0,
474,19851006,    0,    0,
474,19851007,    5,    0,
474,19851008,  290,    0,
474,19851009,   61,    0,
474,19851010,    3,    0,
474,19851011,    0,    0,
474,19851012,    0,    0,
474,19851013,    0,    0,
474,19851014,    0,    0,
474,19851015,    5,    0,
474,19851016,    0,    0,
474,19851017,    9,    0,
474,19851018,    0,    0,
474,19851019,    0,    0,
474,19851020,    0,    0,
474,19851021,    0,    0,
474,19851022,    0,    0,
474,19851023,    0,    0,
474,19851024,    0,    0,
474,19851025,    0,    0,
474,19851026,    0,    0,
474,19851027,    1,    0,
474,19851028,    0,    0,
474,19851029,   55,    0,
474,19851030,    0,    0,
474,19851031,    0,    0,
474,19851101,    0,    0,
474,19851102,   76,    0,
474,19851103,   48,    0,
474,19851104,    0,    0,
474,19851105,   31,    0,
474,19851106,   50,    0,
474,19851107,    0,    0,
474,19851108,    5,    0,
474,19851109,   27,    0,
474,19851110,  190,    0,
474,19851111,  195,    0,
474,19851112,   93,    0,
474,19851113,   56,    0,
474,19851114,    2,    0,
474,19851115,    7,    0,
474,19851116,   20,    0,
474,19851117,    0,    0,
474,19851118,    1,    0,
474,19851119,    0,    0,
474,19851120,    0,    0,
474,19851121,    0,  997,
474,19851122,    3,    0,
474,19851123,   22,    0,
474,19851124,    2,    0,
474,19851125,    1,    0,
474,19851126,    0,    0,
474,19851127,   71,    0,
474,19851128,   67,    0,
474,19851129,    7,    0,
474,19851130,    8,    0,
474,19851201,   10,    0,
474,19851202,    0,    0,
474,19851203,   22,    0,
474,19851204,    2,    0,
474,19851205,  117,    0,
474,19851206,   18,    0,
474,19851207,  111,    0,
474,19851208,    1,    0,
474,19851209,   10,    0,
474,19851210,   25,    0,
474,19851211,    2,    0,
474,19851212,    4,    0,
474,19851213,   13,    0,
474,19851214,   61,    0,
474,19851215,    0,    0,
474,19851216,    0,    0,
474,19851217,    0,    0,
474,19851218,   27,    0,
474,19851219,   10,    0,
474,19851220,    4,    0,
474,19851221,   29,    0,
474,19851222,    0,    0,
474,19851223,   22,    0,
474,19851224,    0,    0,
474,19851225,   55,    0,
474,19851226,  109,    0,
474,19851227,  295,    0,
474,19851228,    4,    0,
474,19851229,    0,    0,
474,19851230,   25,    0,
474,19851231,    0,    0,
474,19860101,    0,    2,
474,19860102,   49,    4,
474,19860103,  125,  997,
474,19860104,   15,  997,
474,19860105,   73,  997,
474,19860106,  120,  997,
474,19860107,   14,  997,
474,19860108,    7,  997,
474,19860109,    0,  997,
474,19860110,    0,  997,
474,19860111,   92,    0,
474,19860112,    3,    0,
474,19860113,   36,    0,
474,19860114,    1,    0,
474,19860115,   72,    0,
474,19860116,   17,    0,
474,19860117,    7,    0,
474,19860118,   23,    0,
474,19860119,  174,    0,
474,19860120,   55,    0,
474,19860121,    0,    0,
474,19860122,   24,    0,
474,19860123,   84,    0,
474,19860124,    8,    0,
474,19860125,   34,    0,
474,19860126,   16,  997,
474,19860127,    0,    0,
474,19860128,   36,    0,
474,19860129,    2,    0,
474,19860130,    3,    0,
474,19860131,    0,    0,
474,19860201,    0,    0,
474,19860202,    0,    0,
474,19860203,    8,    0,
474,19860204,    0,    0,
474,19860205,    0,    0,
474,19860206,    0,    0,
474,19860207,    0,    0,
474,19860208,    0,    0,
474,19860209,    0,    0,
474,19860210,    0,    0,
474,19860211,    0,    0,
474,19860212,    0,    0,
474,19860213,    0,    0,
474,19860214,    0,    0,
474,19860215,    0,    0,
474,19860216,    0,    0,
474,19860217,    0,    0,
474,19860218,    0,    0,
474,19860219,    0,    0,
474,19860220,    0,    0,
474,19860221,    0,    0,
474,19860222,    0,    0,
474,19860223,   15,    2,
474,19860224,    0,    2,
474,19860225,    0,    2,
474,19860226,    1,  997,
474,19860227,    0,  997,
474,19860228,    0,    0,
474,19860301,    1,  997,
474,19860302,    0,    0,
474,19860303,    0,    0,
474,19860304,    0,    0,
474,19860305,  123,    0,
474,19860306,   60,    0,
474,19860307,    0,    0,
474,19860308,    1,    0,
474,19860309,    0,    0,
474,19860310,    0,    0,
474,19860311,    0,    0,
474,19860312,    0,    0,
474,19860313,    0,    0,
474,19860314,    0,    0,
474,19860315,    0,    0,
474,19860316,    0,    0,
474,19860317,    6,    0,
474,19860318,    6,    0,
474,19860319,    0,    0,
474,19860320,    0,    0,
474,19860321,   44,    0,
474,19860322,    0,    0,
474,19860323,  170,    0,
474,19860324,   53,    0,
474,19860325,   44,    0,
474,19860326,    0,    0,
474,19860327,   52,    0,
474,19860328,   79,    0,
474,19860329,    7,    0,
474,19860330,   22,    0,
474,19860331,   60,    0,
474,19860401,    9,    0,
474,19860402,    6,    0,
474,19860403,    0,    0,
474,19860404,    2,    0,
474,19860405,    0,    0,
474,19860406,    0,    0,
474,19860407,    5,    0,
474,19860408,    6,    0,
474,19860409,    0,    0,
474,19860410,    0,    0,
474,19860411,    0,    0,
474,19860412,    0,    0,
474,19860413,    0,    0,
474,19860414,    3,    0,
474,19860415,   62,    0,
474,19860416,   36,    0,
474,19860417,   54,    0,
474,19860418,   42,    0,
474,19860419,   13,    0,
474,19860420,    0,    0,
474,19860421,   68,    0,
474,19860422,   18,    0,
474,19860423,    3,    0,
474,19860424,    3,    0,
474,19860425,   15,    0,
474,19860426,    0,    0,
474,19860427,   54,    0,
474,19860428,  117,    0,
474,19860429,    0,    0,
474,19860430,    0,    0,
474,19860501,    0,    0,
474,19860502,    0,    0,
474,19860503,    0,    0,
474,19860504,   54,    0,
474,19860505,   52,    0,
474,19860506,    3,    0,
474,19860507,   69,    0,
474,19860508,    0,    0,
474,19860509,    3,    0,
474,19860510,  117,    0,
474,19860511,    8,    0,
474,19860512,    0,    0,
474,19860513,    0,    0,
474,19860514,    0,    0,
474,19860515,   27,    0,
474,19860516,   20,    0,
474,19860517,    0,    0,
474,19860518,    7,    0,
474,19860519,    0,    0,
474,19860520,    0,    0,
474,19860521,  374,    0,
474,19860522,    7,    0,
474,19860523,    8,    0,
474,19860524,   15,    0,
474,19860525,    0,    0,
474,19860526,    0,    0,
474,19860527,    0,    0,
474,19860528,    0,    0,
474,19860529,    0,    0,
474,19860530,    1,    0,
474,19860531,    0,    0,
474,19860601,    3,    0,
474,19860602,    9,    0,
474,19860603,    0,    0,
474,19860604,   69,    0,
474,19860605,   11,    0,
474,19860606,   34,    0,
474,19860607,  200,    0,
474,19860608,   82,    0,
474,19860609,    0,    0,
474,19860610,    0,    0,
474,19860611,    1,    0,
474,19860612,    5,    0,
474,19860613,    0,    0,
474,19860614,    0,    0,
474,19860615,    0,    0,
474,19860616,    0,    0,
474,19860617,    0,    0,
474,19860618,    0,    0,
474,19860619,    0,    0,
474,19860620,    0,    0,
474,19860621,    0,    0,
474,19860622,    0,    0,
474,19860623,    0,    0,
474,19860624,   41,    0,
474,19860625,    3,    0,
474,19860626,    0,    0,
474,19860627,    0,    0,
474,19860628,    0,    0,
474,19860629,    0,    0,
474,19860630,    0,    0,
474,19860701,    0,    0,
474,19860702,    0,    0,
474,19860703,    0,    0,
474,19860704,    0,    0,
474,19860705,    5,    0,
474,19860706,   51,    0,
474,19860707,   26,    0,
474,19860708,    3,    0,
474,19860709,    0,    0,
474,19860710,    0,    0,
474,19860711,    1,    0,
474,19860712,    0,    0,
474,19860713,    0,    0,
474,19860714,    0,    0,
474,19860715,    0,    0,
474,19860716,    0,    0,
474,19860717,    0,    0,
474,19860718,    0,    0,
474,19860719,    0,    0,
474,19860720,    0,    0,
474,19860721,   12,    0,
474,19860722,  195,    0,
474,19860723,    1,    0,
474,19860724,   61,    0,
474,19860725,   24,    0,
474,19860726,   54,    0,
474,19860727,   31,    0,
474,19860728,    0,    0,
474,19860729,   34,    0,
474,19860730,    0,    0,
474,19860731,    0,    0,
474,19860801,    0,    0,
474,19860802,    0,    0,
474,19860803,    0,    0,
474,19860804,  141,    0,
474,19860805,   29,    0,
474,19860806,    0,    0,
474,19860807,    0,    0,
474,19860808,    2,    0,
474,19860809,    0,    0,
474,19860810,    0,    0,
474,19860811,    0,    0,
474,19860812,    0,    0,
474,19860813,    0,    0,
474,19860814,    0,    0,
474,19860815,    0,    0,
474,19860816,    0,    0,
474,19860817,    0,    0,
474,19860818,    0,    0,
474,19860819,   19,    0,
474,19860820,   51,    0,
474,19860821,    8,    0,
474,19860822,   45,    0,
474,19860823,  101,    0,
474,19860824,    7,    0,
474,19860825,   33,    0,
474,19860826,  179,    0,
474,19860827,  146,    0,
474,19860828,   19,    0,
474,19860829,   57,    0,
474,19860830,   46,    0,
474,19860831,   57,    0,
474,19860901,    0,    0,
474,19860902,    6,    0,
474,19860903,   85,    0,
474,19860904,   57,    0,
474,19860905,    0,    0,
474,19860906,    0,    0,
474,19860907,   18,    0,
474,19860908,    0,    0,
474,19860909,    0,    0,
474,19860910,    0,    0,
474,19860911,    0,    0,
474,19860912,    0,    0,
474,19860913,    0,    0,
474,19860914,  120,    0,
474,19860915,    8,    0,
474,19860916,  147,    0,
474,19860917,    0,    0,
474,19860918,    0,    0,
474,19860919,    0,    0,
474,19860920,    0,    0,
474,19860921,    0,    0,
474,19860922,    0,    0,
474,19860923,    0,    0,
474,19860924,    0,    0,
474,19860925,    0,    0,
474,19860926,    0,    0,
474,19860927,    0,    0,
474,19860928,    0,    0,
474,19860929,    0,    0,
474,19860930,    0,    0,
474,19861001,    0,    0,
474,19861002,    2,    0,
474,19861003,    0,    0,
474,19861004,    0,    0,
474,19861005,    0,    0,
474,19861006,    0,    0,
474,19861007,    0,    0,
474,19861008,   13,    0,
474,19861009,    0,    0,
474,19861010,    2,    0,
474,19861011,    2,    0,
474,19861012,    2,    0,
474,19861013,    0,    0,
474,19861014,    0,    0,
474,19861015,    0,    0,
474,19861016,    0,    0,
474,19861017,    0,    0,
474,19861018,    4,    0,
474,19861019,  190,    0,
474,19861020,  122,    0,
474,19861021,  161,    0,
474,19861022,  233,    0,
474,19861023,   83,    0,
474,19861024,   28,    0,
474,19861025,   48,    0,
474,19861026,   63,    0,
474,19861027,    8,    0,
474,19861028,   91,    0,
474,19861029,  146,    0,
474,19861030,    0,    0,
474,19861031,   38,    0,
474,19861101,   11,    0,
474,19861102,   31,    0,
474,19861103,    0,    0,
474,19861104,   42,    0,
474,19861105,    0,    0,
474,19861106,   36,    0,
474,19861107,    0,    0,
474,19861108,    2,    0,
474,19861109,   57,    0,
474,19861110,    0,    0,
474,19861111,   17,    0,
474,19861112,   28,    0,
474,19861113,    0,    0,
474,19861114,    9,    0,
474,19861115,    0,    0,
474,19861116,   19,    0,
474,19861117,   28,    0,
474,19861118,    7,    0,
474,19861119,  158,    0,
474,19861120,  279,    0,
474,19861121,  136,    0,
474,19861122,   43,    0,
474,19861123,   12,    0,
474,19861124,   72,    0,
474,19861125,   24,    0,
474,19861126,   20,    0,
474,19861127,    8,    0,
474,19861128,    2,    0,
474,19861129,    1,    0,
474,19861130,    2,    0,
474,19861201,    0,    0,
474,19861202,    0,    0,
474,19861203,    1,    0,
474,19861204,    0,    0,
474,19861205,    0,    0,
474,19861206,   62,    0,
474,19861207,    2,    0,
474,19861208,    0,    0,
474,19861209,    0,    0,
474,19861210,    0,    0,
474,19861211,    1,    0,
474,19861212,   19,    0,
474,19861213,    0,    0,
474,19861214,   47,    0,
474,19861215,   21,    0,
474,19861216,  168,    0,
474,19861217,    0,    0,
474,19861218,   71,    0,
474,19861219,   40,    0,
474,19861220,   42,    0,
474,19861221,   71,    0,
474,19861222,   41,    0,
474,19861223,   54,    0,
474,19861224,    0,    0,
474,19861225,   28,    0,
474,19861226,   92,    0,
474,19861227,    2,    0,
474,19861228,    0,    0,
474,19861229,   53,    0,
474,19861230,  186,    0,
474,19861231,  202,    0,
474,19870101,    5,    0,
474,19870102,  122,    0,
474,19870103,   19,    0,
474,19870104,    7,    0,
474,19870105,  117,    0,
474,19870106,    2,    0,
474,19870107,   82,  997,
474,19870108,    8,  997,
474,19870109,    9,  997,
474,19870110,    0,    0,
474,19870111,    0,  997,
474,19870112,    0,  997,
474,19870113,    0,  997,
474,19870114,    0,  997,
474,19870115,    0,  997,
474,19870116,    0,  997,
474,19870117,    0,  997,
474,19870118,    0,  997,
474,19870119,    0,  997,
474,19870120,    0,  997,
474,19870121,    0,  997,
474,19870122,   20,    0,
474,19870123,   11,    0,
474,19870124,    4,    0,
474,19870125,    2,    0,
474,19870126,    3,    0,
474,19870127,    3,    0,
474,19870128,    3,    0,
474,19870129,    1,    0,
474,19870130,    0,    0,
474,19870131,    0,    0,
474,19870201,    0,    0,
474,19870202,    0,    0,
474,19870203,    1,    0,
474,19870204,    2,    0,
474,19870205,    0,    0,
474,19870206,    2,    0,
474,19870207,   11,    0,
474,19870208,    8,    0,
474,19870209,   31,    0,
474,19870210,   44,    0,
474,19870211,    0,    0,
474,19870212,    7,    0,
474,19870213,   19,    0,
474,19870214,    0,    0,
474,19870215,    0,    0,
474,19870216,    3,    0,
474,19870217,    5,  997,
474,19870218,    0,    0,
474,19870219,    0,    0,
474,19870220,    0,    0,
474,19870221,    0,    0,
474,19870222,    6,    0,
474,19870223,    7,    0,
474,19870224,    0,    0,
474,19870225,    0,    0,
474,19870226,    0,    0,
474,19870227,   66,    0,
474,19870228,   33,    0,
474,19870301,    3,    0,
474,19870302,  195,    0,
474,19870303,   80,  997,
474,19870304,    0,  997,
474,19870305,    0,  997,
474,19870306,    0,    0,
474,19870307,    0,    0,
474,19870308,    0,    0,
474,19870309,    0,    0,
474,19870310,    0,    0,
474,19870311,    0,    0,
474,19870312,    0,    0,
474,19870313,    0,    0,
474,19870314,    0,    0,
474,19870315,    0,    0,
474,19870316,   12,  997,
474,19870317,   81,    0,
474,19870318,   33,    0,
474,19870319,    3,    0,
474,19870320,    0,    0,
474,19870321,    4,    0,
474,19870322,   93,    0,
474,19870323,   16,    0,
474,19870324,   64,    0,
474,19870325,   12,    0,
474,19870326,   44,    0,
474,19870327,    6,    0,
474,19870328,   18,    0,
474,19870329,   38,    0,
474,19870330,   13,    0,
474,19870331,   14,    0,
474,19870401,    0,    0,
474,19870402,    0,    0,
474,19870403,    0,    0,
474,19870404,    0,    0,
474,19870405,    6,    0,
474,19870406,    0,    0,
474,19870407,    0,    0,
474,19870408,   37,    0,
474,19870409,    1,    0,
474,19870410,   12,    0,
474,19870411,   39,    0,
474,19870412,   71,    0,
474,19870413,    1,    0,
474,19870414,    7,    0,
474,19870415,    0,    0,
474,19870416,    0,    0,
474,19870417,    0,    0,
474,19870418,    0,    0,
474,19870419,    0,    0,
474,19870420,   11,    0,
474,19870421,   38,    0,
474,19870422,    0,    0,
474,19870423,    0,    0,
474,19870424,    0,    0,
474,19870425,    0,    0,
474,19870426,    0,    0,
474,19870427,    0,    0,
474,19870428,    0,    0,
474,19870429,    0,    0,
474,19870430,    7,    0,
474,19870501,   24,    0,
474,19870502,    7,    0,
474,19870503,   50,    0,
474,19870504,   28,    0,
474,19870505,    0,    0,
474,19870506,    0,    0,
474,19870507,    0,    0,
474,19870508,    0,    0,
474,19870509,    0,    0,
474,19870510,    0,    0,
474,19870511,    0,    0,
474,19870512,  109,    0,
474,19870513,   34,    0,
474,19870514,   18,    0,
474,19870515,  214,    0,
474,19870516,    6,    0,
474,19870517,    1,    0,
474,19870518,   11,    0,
474,19870519,    0,    0,
474,19870520,    5,    0,
474,19870521,   31,    0,
474,19870522,   27,    0,
474,19870523,   72,    0,
474,19870524,    0,    0,
474,19870525,    0,    0,
474,19870526,    0,    0,
474,19870527,    0,    0,
474,19870528,    0,    0,
474,19870529,  127,    0,
474,19870530,   11,    0,
474,19870531,    0,    0,
474,19870601,    0,    0,
474,19870602,   65,    0,
474,19870603,   48,    0,
474,19870604,    0,    0,
474,19870605,    1,    0,
474,19870606,   23,    0,
474,19870607,   33,    0,
474,19870608,  190,    0,
474,19870609,  218,    0,
474,19870610,  117,    0,
474,19870611,   30,    0,
474,19870612,    3,    0,
474,19870613,    1,    0,
474,19870614,   27,    0,
474,19870615,    0,    0,
474,19870616,    0,    0,
474,19870617,    0,    0,
474,19870618,    0,    0,
474,19870619,   13,    0,
474,19870620,   12,    0,
474,19870621,    0,    0,
474,19870622,   80,    0,
474,19870623,   16,    0,
474,19870624,   18,    0,
474,19870625,    0,    0,
474,19870626,   75,    0,
474,19870627,    0,    0,
474,19870628,   24,    0,
474,19870629,    0,    0,
474,19870630,    0,    0,
474,19870701,   35,    0,
474,19870702,    0,    0,
474,19870703,    0,    0,
474,19870704,    0,    0,
474,19870705,    0,    0,
474,19870706,    0,    0,
474,19870707,    0,    0,
474,19870708,    0,    0,
474,19870709,    0,    0,
474,19870710,    2,    0,
474,19870711,    0,    0,
474,19870712,    0,    0,
474,19870713,    0,    0,
474,19870714,    0,    0,
474,19870715,  250,    0,
474,19870716,   72,    0,
474,19870717,  206,    0,
474,19870718,  347,    0,
474,19870719,   18,    0,
474,19870720,   63,    0,
474,19870721,  273,    0,
474,19870722,    5,    0,
474,19870723,   98,    0,
474,19870724,   85,    0,
474,19870725,   39,    0,
474,19870726,   37,    0,
474,19870727,  125,    0,
474,19870728,   11,    0,
474,19870729,   17,    0,
474,19870730,   90,    0,
474,19870731,    0,    0,
474,19870801,    9,    0,
474,19870802,   16,    0,
474,19870803,    0,    0,
474,19870804,   51,    0,
474,19870805,   24,    0,
474,19870806,   19,    0,
474,19870807,   12,    0,
474,19870808,  183,    0,
474,19870809,    5,    0,
474,19870810,   57,    0,
474,19870811,    0,    0,
474,19870812,    0,    0,
474,19870813,    0,    0,
474,19870814,  113,    0,
474,19870815,    0,    0,
474,19870816,    0,    0,
474,19870817,    0,    0,
474,19870818,   22,    0,
474,19870819,    8,    0,
474,19870820,    0,    0,
474,19870821,    0,    0,
474,19870822,    0,    0,
474,19870823,   60,    0,
474,19870824,    0,    0,
474,19870825,  108,    0,
474,19870826,  112,    0,
474,19870827,  233,    0,
474,19870828,    6,    0,
474,19870829,    0,    0,
474,19870830,    0,    0,
474,19870831,    0,    0,
474,19870901,    0,    0,
474,19870902,    0,    0,
474,19870903,    8,    0,
474,19870904,    0,    0,
474,19870905,    0,    0,
474,19870906,    5,    0,
474,19870907,   85,    0,
474,19870908,    0,    0,
474,19870909,   24,    0,
474,19870910,   12,    0,
474,19870911,   42,    0,
474,19870912,   10,    0,
474,19870913,   43,    0,
474,19870914,   45,    0,
474,19870915,    0,    0,
474,19870916,    0,    0,
474,19870917,    0,    0,
474,19870918,   83,    0,
474,19870919,    0,    0,
474,19870920,  167,    0,
474,19870921,    0,    0,
474,19870922,    0,    0,
474,19870923,    1,    0,
474,19870924,   65,    0,
474,19870925,   37,    0,
474,19870926,    4,    0,
474,19870927,   25,    0,
474,19870928,   18,    0,
474,19870929,   22,    0,
474,19870930,    0,    0,
474,19871001,    0,    0,
474,19871002,    0,    0,
474,19871003,    0,    0,
474,19871004,    0,    0,
474,19871005,    0,    0,
474,19871006,   83,    0,
474,19871007,  172,    0,
474,19871008,  103,    0,
474,19871009,  125,    0,
474,19871010,    0,    0,
474,19871011,    8,    0,
474,19871012,    0,    0,
474,19871013,   57,    0,
474,19871014,   25,    0,
474,19871015,  150,    0,
474,19871016,  150,    0,
474,19871017,    0,    0,
474,19871018,    6,    0,
474,19871019,    0,    0,
474,19871020,    0,    0,
474,19871021,    4,    0,
474,19871022,   20,    0,
474,19871023,    0,    0,
474,19871024,    0,    0,
474,19871025,   10,    0,
474,19871026,    2,    0,
474,19871027,    0,    0,
474,19871028,   16,    0,
474,19871029,   51,    0,
474,19871030,    1,    0,
474,19871031,    0,    0,
474,19871101,   16,    0,
474,19871102,    2,    0,
474,19871103,    0,    0,
474,19871104,    0,    0,
474,19871105,    0,    0,
474,19871106,    0,    0,
474,19871107,    0,    0,
474,19871108,    0,    0,
474,19871109,    0,    0,
474,19871110,    0,    0,
474,19871111,   29,    0,
474,19871112,  196,    0,
474,19871113,   11,    0,
474,19871114,   63,    0,
474,19871115,    3,    0,
474,19871116,   41,    0,
474,19871117,    0,    0,
474,19871118,    0,    0,
474,19871119,   23,    0,
474,19871120,  428,    0,
474,19871121,   77,    0,
474,19871122,  125,    0,
474,19871123,   83,    0,
474,19871124,    1,    0,
474,19871125,    0,    0,
474,19871126,   17,    0,
474,19871127,   14,    0,
474,19871128,    0,    0,
474,19871129,    0,    0,
474,19871130,   35,    0,
474,19871201,    0,    0,
474,19871202,    0,    0,
474,19871203,    0,    0,
474,19871204,    0,    0,
474,19871205,    0,    0,
474,19871206,    0,    0,
474,19871207,    2,    0,
474,19871208,    2,  997,
474,19871209,    0,  997,
474,19871210,    3,  997,
474,19871211,   16,    0,
474,19871212,    0,    0,
474,19871213,    0,    0,
474,19871214,    0,    0,
474,19871215,    0,    0,
474,19871216,   26,    0,
474,19871217,   96,    0,
474,19871218,  182,    0,
474,19871219,    4,    0,
474,19871220,   13,    0,
474,19871221,    1,    0,
474,19871222,    7,    0,
474,19871223,    0,    0,
474,19871224,    0,    0,
474,19871225,   14,    0,
474,19871226,    2,    0,
474,19871227,    5,    0,
474,19871228,    4,    0,
474,19871229,    0,    0,
474,19871230,   81,    0,
474,19871231,   28,    0,
474,19880101,    0,    0,
474,19880102,  115,    0,
474,19880103,   77,    0,
474,19880104,   38,    0,
474,19880105,   33,    0,
474,19880106,  382,    0,
474,19880107,   25,    0,
474,19880108,   84,    0,
474,19880109,    0,    0,
474,19880110,   60,    0,
474,19880111,   68,    0,
474,19880112,    0,    0,
474,19880113,    0,    0,
474,19880114,    0,    0,
474,19880115,    0,    0,
474,19880116,    0,    0,
474,19880117,    8,    0,
474,19880118,    0,    0,
474,19880119,    0,    0,
474,19880120,    0,    0,
474,19880121,   14,    0,
474,19880122,   50,    0,
474,19880123,  223,    0,
474,19880124,  161,    0,
474,19880125,   85,    0,
474,19880126,   96,    0,
474,19880127,    5,    0,
474,19880128,   99,    0,
474,19880129,   27,    0,
474,19880130,  103,    0,
474,19880131,   46,    0,
474,19880201,   75,    0,
474,19880202,   36,    0,
474,19880203,   20,    0,
474,19880204,   31,    0,
474,19880205,   55,    0,
474,19880206,  200,    0,
474,19880207,    0,    0,
474,19880208,  111,    0,
474,19880209,   26,    0,
474,19880210,   49,    0,
474,19880211,   70,    0,
474,19880212,    0,    0,
474,19880213,    2,    0,
474,19880214,    1,    0,
474,19880215,    0,    0,
474,19880216,    0,    0,
474,19880217,    0,    0,
474,19880218,    8,    0,
474,19880219,   16,    0,
474,19880220,    1,    0,
474,19880221,    0,    0,
474,19880222,    0,    0,
474,19880223,   21,    0,
474,19880224,   24,    0,
474,19880225,    1,  997,
474,19880226,    0,    0,
474,19880227,    0,    0,
474,19880228,   15,    0,
474,19880229,   50,    0,
474,19880301,  107,    0,
474,19880302,   42,  997,
474,19880303,    0,    0,
474,19880304,   44,    0,
474,19880305,    6,  997,
474,19880306,   50,    0,
474,19880307,   87,    0,
474,19880308,   20,    0,
474,19880309,    0,    0,
474,19880310,   43,    0,
474,19880311,    8,    0,
474,19880312,   55,    0,
474,19880313,    2,    0,
474,19880314,   46,    0,
474,19880315,   42,    0,
474,19880316,   67,    0,
474,19880317,   11,    0,
474,19880318,    0,    0,
474,19880319,   14,    0,
474,19880320,   92,    0,
474,19880321,  123,    0,
474,19880322,    1,    0,
474,19880323,   33,    0,
474,19880324,   10,    0,
474,19880325,   87,    0,
474,19880326,   73,    0,
474,19880327,   26,    0,
474,19880328,    3,    0,
474,19880329,  113,    0,
474,19880330,   23,    0,
474,19880331,   43,    0,
474,19880401,    0,    0,
474,19880402,    1,    0,
474,19880403,    0,    0,
474,19880404,    0,    0,
474,19880405,    0,    0,
474,19880406,    0,    0,
474,19880407,    0,    0,
474,19880408,    0,    0,
474,19880409,   38,    0,
474,19880410,    2,    0,
474,19880411,    0,    0,
474,19880412,    0,    0,
474,19880413,    0,    0,
474,19880414,    0,    0,
474,19880415,    0,    0,
474,19880416,    0,    0,
474,19880417,   38,    0,
474,19880418,    0,    0,
474,19880419,   93,    0,
474,19880420,   14,    0,
474,19880421,    0,    0,
474,19880422,    0,    0,
474,19880423,    0,    0,
474,19880424,    0,    0,
474,19880425,    0,    0,
474,19880426,    0,    0,
474,19880427,    0,    0,
474,19880428,    0,    0,
474,19880429,    4,    0,
474,19880430,    0,    0,
474,19880501,    6,    0,
474,19880502,   33,    0,
474,19880503,   52,    0,
474,19880504,   33,    0,
474,19880505,    5,    0,
474,19880506,    0,    0,
474,19880507,    0,    0,
474,19880508,    0,    0,
474,19880509,    0,    0,
474,19880510,   14,    0,
474,19880511,    0,    0,
474,19880512,    0,    0,
474,19880513,    0,    0,
474,19880514,    0,    0,
474,19880515,    0,    0,
474,19880516,    0,    0,
474,19880517,    0,    0,
474,19880518,    3,    0,
474,19880519,    0,    0,
474,19880520,   18,    0,
474,19880521,    0,    0,
474,19880522,    0,    0,
474,19880523,    0,    0,
474,19880524,   22,    0,
474,19880525,    0,    0,
474,19880526,   21,    0,
474,19880527,   36,    0,
474,19880528,   34,    0,
474,19880529,    8,    0,
474,19880530,   40,    0,
474,19880531,   34,    0,
474,19880601,   67,    0,
474,19880602,    7,    0,
474,19880603,    0,    0,
474,19880604,    0,    0,
474,19880605,    0,    0,
474,19880606,    0,    0,
474,19880607,    0,    0,
474,19880608,    7,    0,
474,19880609,   10,    0,
474,19880610,    1,    0,
474,19880611,    0,    0,
474,19880612,    0,    0,
474,19880613,    0,    0,
474,19880614,    0,    0,
474,19880615,    0,    0,
474,19880616,    0,    0,
474,19880617,    0,    0,
474,19880618,    0,    0,
474,19880619,    0,    0,
474,19880620,    0,    0,
474,19880621,    0,    0,
474,19880622,    5,    0,
474,19880623,    0,    0,
474,19880624,    0,    0,
474,19880625,   13,    0,
474,19880626,    0,    0,
474,19880627,    0,    0,
474,19880628,    0,    0,
474,19880629,    0,    0,
474,19880630,    0,    0,
474,19880701,  196,    0,
474,19880702,   13,    0,
474,19880703,   98,    0,
474,19880704,  140,    0,
474,19880705,   45,    0,
474,19880706,   23,    0,
474,19880707,    4,    0,
474,19880708,    4,    0,
474,19880709,    4,    0,
474,19880710,    0,    0,
474,19880711,   55,    0,
474,19880712,    5,    0,
474,19880713,   18,    0,
474,19880714,  222,    0,
474,19880715,   24,    0,
474,19880716,   72,    0,
474,19880717,    1,    0,
474,19880718,   20,    0,
474,19880719,   18,    0,
474,19880720,    0,    0,
474,19880721,    4,    0,
474,19880722,   32,    0,
474,19880723,   37,    0,
474,19880724,  115,    0,
474,19880725,    0,    0,
474,19880726,   10,    0,
474,19880727,    4,    0,
474,19880728,    0,    0,
474,19880729,    0,    0,
474,19880730,    0,    0,
474,19880731,    0,    0,
474,19880801,    0,    0,
474,19880802,    0,    0,
474,19880803,    0,    0,
474,19880804,    0,    0,
474,19880805,    0,    0,
474,19880806,    0,    0,
474,19880807,    0,    0,
474,19880808,    0,    0,
474,19880809,    0,    0,
474,19880810,    0,    0,
474,19880811,  296,    0,
474,19880812,    2,    0,
474,19880813,    6,    0,
474,19880814,    0,    0,
474,19880815,    0,    0,
474,19880816,    0,    0,
474,19880817,    0,    0,
474,19880818,    0,    0,
474,19880819,    3,    0,
474,19880820,  256,    0,
474,19880821,  147,    0,
474,19880822,   64,    0,
474,19880823,    3,    0,
474,19880824,    0,    0,
474,19880825,  411,    0,
474,19880826,   26,    0,
474,19880827,   31,    0,
474,19880828,    5,    0,
474,19880829,   56,    0,
474,19880830,    9,    0,
474,19880831,    1,    0,
474,19880901,    7,    0,
474,19880902,   60,    0,
474,19880903,   99,    0,
474,19880904,    5,    0,
474,19880905,    0,    0,
474,19880906,  107,    0,
474,19880907,    0,    0,
474,19880908,    0,    0,
474,19880909,    0,    0,
474,19880910,    0,    0,
474,19880911,    0,    0,
474,19880912,    6,    0,
474,19880913,  146,    0,
474,19880914,   65,    0,
474,19880915,    5,    0,
474,19880916,   58,    0,
474,19880917,   44,    0,
474,19880918,    2,    0,
474,19880919,    0,    0,
474,19880920,    0,    0,
474,19880921,    0,    0,
474,19880922,    0,    0,
474,19880923,    4,    0,
474,19880924,   66,    0,
474,19880925,   58,    0,
474,19880926,    2,    0,
474,19880927,  164,    0,
474,19880928,   70,    0,
474,19880929,    8,    0,
474,19880930,    0,    0,
474,19881001,    0,    0,
474,19881002,    0,    0,
474,19881003,    0,    0,
474,19881004,    0,    0,
474,19881005,    3,    0,
474,19881006,  100,    0,
474,19881007,  145,    0,
474,19881008,   40,    0,
474,19881009,   89,    0,
474,19881010,  238,    0,
474,19881011,    5,    0,
474,19881012,    4,    0,
474,19881013,   29,    0,
474,19881014,    0,    0,
474,19881015,    0,    0,
474,19881016,    0,    0,
474,19881017,    0,    0,
474,19881018,    0,    0,
474,19881019,   10,    0,
474,19881020,   22,    0,
474,19881021,   37,    0,
474,19881022,    5,    0,
474,19881023,    0,    0,
474,19881024,    0,    0,
474,19881025,    5,    0,
474,19881026,    0,    0,
474,19881027,    0,    0,
474,19881028,    0,    0,
474,19881029,    7,    0,
474,19881030,   15,    0,
474,19881031,    2,    0,
474,19881101,   19,    0,
474,19881102,   10,    0,
474,19881103,    4,    0,
474,19881104,    0,    0,
474,19881105,    0,    0,
474,19881106,    0,    0,
474,19881107,    0,    0,
474,19881108,    0,    0,
474,19881109,    1,    0,
474,19881110,   32,    0,
474,19881111,   34,    0,
474,19881112,  119,    0,
474,19881113,    1,    0,
474,19881114,    0,    0,
474,19881115,    0,    0,
474,19881116,    0,    0,
474,19881117,    2,    0,
474,19881118,    8,    0,
474,19881119,   14,    0,
474,19881120,  157,    0,
474,19881121,    2,    0,
474,19881122,    2,  997,
474,19881123,   25,    0,
474,19881124,   17,    0,
474,19881125,    0,    0,
474,19881126,    0,    0,
474,19881127,    5,    0,
474,19881128,    0,    0,
474,19881129,   20,    0,
474,19881130,  220,    0,
474,19881201,   60,    0,
474,19881202,    6,    0,
474,19881203,    0,    0,
474,19881204,   90,    0,
474,19881205,   61,    0,
474,19881206,    9,    0,
474,19881207,   40,    0,
474,19881208,    0,    0,
474,19881209,   24,    0,
474,19881210,   45,    0,
474,19881211,    0,    0,
474,19881212,    7,    0,
474,19881213,    9,    0,
474,19881214,    2,    0,
474,19881215,    0,    0,
474,19881216,   13,    0,
474,19881217,   16,    0,
474,19881218,    0,    0,
474,19881219,  118,    0,
474,19881220,   63,    0,
474,19881221,   13,    0,
474,19881222,    6,    0,
474,19881223,    0,    0,
474,19881224,   27,    0,
474,19881225,    0,    0,
474,19881226,    0,    0,
474,19881227,   20,    0,
474,19881228,    2,    0,
474,19881229,    0,    0,
474,19881230,    0,    0,
474,19881231,    0,    0,
474,19890101,    0,    0,
474,19890102,    0,    0,
474,19890103,    0,    0,
474,19890104,    0,    0,
474,19890105,    3,    0,
474,19890106,   66,    0,
474,19890107,    0,    0,
474,19890108,    3,    0,
474,19890109,    0,    0,
474,19890110,   22,    0,
474,19890111,    0,    0,
474,19890112,    0,    0,
474,19890113,   32,    0,
474,19890114,    3,    0,
474,19890115,   12,    0,
474,19890116,    0,    0,
474,19890117,    0,    0,
474,19890118,   24,    0,
474,19890119,    0,    0,
474,19890120,    0,    0,
474,19890121,    0,    0,
474,19890122,   20,    0,
474,19890123,    2,    0,
474,19890124,    0,    0,
474,19890125,    0,    0,
474,19890126,    0,    0,
474,19890127,    0,    0,
474,19890128,    0,    0,
474,19890129,    4,    0,
474,19890130,    0,    0,
474,19890131,    1,    0,
474,19890201,    0,    0,
474,19890202,    0,    0,
474,19890203,    0,    0,
474,19890204,    0,    0,
474,19890205,   32,    0,
474,19890206,    0,    0,
474,19890207,    0,    0,
474,19890208,    0,    0,
474,19890209,    0,    0,
474,19890210,    0,    0,
474,19890211,    0,    0,
474,19890212,   15,    0,
474,19890213,    0,    0,
474,19890214,   73,    0,
474,19890215,    0,    0,
474,19890216,   20,    0,
474,19890217,    4,    0,
474,19890218,   90,    0,
474,19890219,   29,    0,
474,19890220,   17,    0,
474,19890221,    0,    0,
474,19890222,    0,    0,
474,19890223,   50,    0,
474,19890224,    0,    0,
474,19890225,   19,    0,
474,19890226,   74,    0,
474,19890227,   89,    0,
474,19890228,  105,    0,
474,19890301,   44,    0,
474,19890302,   50,    0,
474,19890303,   73,    0,
474,19890304,    0,    0,
474,19890305,   13,    0,
474,19890306,    0,    0,
474,19890307,    0,    0,
474,19890308,  269,    0,
474,19890309,    0,    0,
474,19890310,    8,    0,
474,19890311,    0,    0,
474,19890312,    0,    0,
474,19890313,   11,    0,
474,19890314,    1,    0,
474,19890315,   46,    0,
474,19890316,    0,    0,
474,19890317,  113,    0,
474,19890318,    1,    0,
474,19890319,    7,    0,
474,19890320,    4,    0,
474,19890321,   66,    0,
474,19890322,   21,    0,
474,19890323,    5,    0,
474,19890324,  147,    0,
474,19890325,   19,    0,
474,19890326,    0,    0,
474,19890327,    0,    0,
474,19890328,    0,    0,
474,19890329,    0,    0,
474,19890330,    0,    0,
474,19890331,    0,    0,
474,19890401,    0,    0,
474,19890402,    0,    0,
474,19890403,    0,    0,
474,19890404,    0,    0,
474,19890405,   33,    0,
474,19890406,    0,    0,
474,19890407,  193,    0,
474,19890408,    0,    0,
474,19890409,    0,    0,
474,19890410,    1,    0,
474,19890411,   23,    0,
474,19890412,   88,    0,
474,19890413,    4,    0,
474,19890414,  163,    0,
474,19890415,   46,    0,
474,19890416,    0,    0,
474,19890417,    7,    0,
474,19890418,    0,    0,
474,19890419,   16,    0,
474,19890420,    0,    0,
474,19890421,   43,    0,
474,19890422,    0,    0,
474,19890423,   31,    0,
474,19890424,   53,    0,
474,19890425,   30,    0,
474,19890426,   23,    0,
474,19890427,    0,    0,
474,19890428,    0,    0,
474,19890429,    0,    0,
474,19890430,    0,    0,
474,19890501,    0,    0,
474,19890502,    0,    0,
474,19890503,    0,    0,
474,19890504,    0,    0,
474,19890505,    0,    0,
474,19890506,    0,    0,
474,19890507,    0,    0,
474,19890508,    0,    0,
474,19890509,    0,    0,
474,19890510,    0,    0,
474,19890511,    0,    0,
474,19890512,   52,    0,
474,19890513,   12,    0,
474,19890514,    0,    0,
474,19890515,    0,    0,
474,19890516,    0,    0,
474,19890517,    0,    0,
474,19890518,    0,    0,
474,19890519,    0,    0,
474,19890520,    0,    0,
474,19890521,    0,    0,
474,19890522,    0,    0,
474,19890523,    0,    0,
474,19890524,    0,    0,
474,19890525,    0,    0,
474,19890526,    0,    0,
474,19890527,    0,    0,
474,19890528,    0,    0,
474,19890529,    0,    0,
474,19890530,    1,    0,
474,19890531,    5,    0,
474,19890601,   33,    0,
474,19890602,    0,    0,
474,19890603,    0,    0,
474,19890604,   68,    0,
474,19890605,  180,    0,
474,19890606,    0,    0,
474,19890607,   92,    0,
474,19890608,   73,    0,
474,19890609,   52,    0,
474,19890610,    0,    0,
474,19890611,    0,    0,
474,19890612,    0,    0,
474,19890613,    0,    0,
474,19890614,    0,    0,
474,19890615,    0,    0,
474,19890616,    0,    0,
474,19890617,    0,    0,
474,19890618,    0,    0,
474,19890619,    0,    0,
474,19890620,    0,    0,
474,19890621,    0,    0,
474,19890622,    8,    0,
474,19890623,   10,    0,
474,19890624,    0,    0,
474,19890625,    0,    0,
474,19890626,    0,    0,
474,19890627,    8,    0,
474,19890628,   46,    0,
474,19890629,  152,    0,
474,19890630,   55,    0,
474,19890701,   71,    0,
474,19890702,   76,    0,
474,19890703,    0,    0,
474,19890704,    0,    0,
474,19890705,    0,    0,
474,19890706,    0,    0,
474,19890707,    0,    0,
474,19890708,    8,    0,
474,19890709,   41,    0,
474,19890710,    7,    0,
474,19890711,    0,    0,
474,19890712,    0,    0,
474,19890713,    0,    0,
474,19890714,    0,    0,
474,19890715,    0,    0,
474,19890716,    0,    0,
474,19890717,    0,    0,
474,19890718,    0,    0,
474,19890719,    2,    0,
474,19890720,    0,    0,
474,19890721,    0,    0,
474,19890722,    0,    0,
474,19890723,    6,    0,
474,19890724,   22,    0,
474,19890725,    6,    0,
474,19890726,    0,    0,
474,19890727,    0,    0,
474,19890728,    0,    0,
474,19890729,    0,    0,
474,19890730,    0,    0,
474,19890731,  124,    0,
474,19890801,   23,    0,
474,19890802,   27,    0,
474,19890803,    0,    0,
474,19890804,    0,    0,
474,19890805,    0,    0,
474,19890806,    0,    0,
474,19890807,    8,    0,
474,19890808,   17,    0,
474,19890809,    5,    0,
474,19890810,    0,    0,
474,19890811,   12,    0,
474,19890812,   19,    0,
474,19890813,    0,    0,
474,19890814,    2,    0,
474,19890815,    0,    0,
474,19890816,   22,    0,
474,19890817,    2,    0,
474,19890818,    0,    0,
474,19890819,    0,    0,
474,19890820,    0,    0,
474,19890821,    0,    0,
474,19890822,    0,    0,
474,19890823,    0,    0,
474,19890824,    0,    0,
474,19890825,   10,    0,
474,19890826,   17,    0,
474,19890827,  142,    0,
474,19890828,   70,    0,
474,19890829,    0,    0,
474,19890830,   23,    0,
474,19890831,   12,    0,
474,19890901,   22,    0,
474,19890902,   14,    0,
474,19890903,   48,    0,
474,19890904,    5,    0,
474,19890905,    0,    0,
474,19890906,    0,    0,
474,19890907,    0,    0,
474,19890908,    0,    0,
474,19890909,    0,    0,
474,19890910,    0,    0,
474,19890911,    0,    0,
474,19890912,    0,    0,
474,19890913,  124,    0,
474,19890914,  198,    0,
474,19890915,   66,    0,
474,19890916,    1,    0,
474,19890917,    9,    0,
474,19890918,    0,    0,
474,19890919,    0,    0,
474,19890920,  157,    0,
474,19890921,    0,    0,
474,19890922,    0,    0,
474,19890923,    0,    0,
474,19890924,    0,    0,
474,19890925,    0,    0,
474,19890926,    0,    0,
474,19890927,    0,    0,
474,19890928,   26,    0,
474,19890929,    7,    0,
474,19890930,   17,    0,
474,19891001,    1,    0,
474,19891002,    0,    0,
474,19891003,    3,    0,
474,19891004,    0,    0,
474,19891005,    0,    0,
474,19891006,   21,    0,
474,19891007,  129,    0,
474,19891008,   85,    0,
474,19891009,   51,    0,
474,19891010,   18,    0,
474,19891011,   30,    0,
474,19891012,    0,    0,
474,19891013,    4,    0,
474,19891014,   37,    0,
474,19891015,   43,    0,
474,19891016,    0,    0,
474,19891017,    0,    0,
474,19891018,    0,    0,
474,19891019,    0,    0,
474,19891020,   54,    0,
474,19891021,   40,    0,
474,19891022,   58,    0,
474,19891023,   50,    0,
474,19891024,   24,    0,
474,19891025,    0,    0,
474,19891026,    0,    0,
474,19891027,   20,    0,
474,19891028,    0,    0,
474,19891029,   72,    0,
474,19891030,  149,    0,
474,19891031,   17,    0,
474,19891101,   18,    0,
474,19891102,    0,    0,
474,19891103,   14,    0,
474,19891104,    6,    0,
474,19891105,   82,    0,
474,19891106,   32,    0,
474,19891107,    8,    0,
474,19891108,   11,    0,
474,19891109,   85,    0,
474,19891110,   21,    0,
474,19891111,   27,    0,
474,19891112,    1,    0,
474,19891113,    0,    0,
474,19891114,    0,    0,
474,19891115,    0,    0,
474,19891116,    0,    0,
474,19891117,    0,    0,
474,19891118,    0,    0,
474,19891119,    0,    0,
474,19891120,    0,    0,
474,19891121,    0,    0,
474,19891122,    2,    0,
474,19891123,   10,    0,
474,19891124,   52,    0,
474,19891125,    0,    0,
474,19891126,    0,    0,
474,19891127,    9,    0,
474,19891128,    0,    0,
474,19891129,    0,    0,
474,19891130,    0,    0,
474,19891201,    0,    0,
474,19891202,    0,    0,
474,19891203,    0,    0,
474,19891204,    0,    0,
474,19891205,    0,    0,
474,19891206,    2,    0,
474,19891207,    0,    0,
474,19891208,    0,    0,
474,19891209,    4,    0,
474,19891210,    0,    0,
474,19891211,    5,    0,
474,19891212,    0,    0,
474,19891213,   52,    0,
474,19891214,  257,    0,
474,19891215,   55,    0,
474,19891216,   39,    0,
474,19891217,   95,    0,
474,19891218,   25,    0,
474,19891219,   64,    0,
474,19891220,  191,    0,
474,19891221,  117,    0,
474,19891222,    0,    0,
474,19891223,    5,    0,
474,19891224,   45,    0,
474,19891225,    0,    0,
474,19891226,    3,    0,
474,19891227,    0,    0,
474,19891228,    0,    0,
474,19891229,    0,    0,
474,19891230,    0,    0,
474,19891231,    0,    0,
474,19900101,    0,    0,
474,19900102,    0,    0,
474,19900103,    0,    0,
474,19900104,    0,    0,
474,19900105,    0,    0,
474,19900106,    0,    0,
474,19900107,    0,    0,
474,19900108,   18,    0,
474,19900109,    2,    0,
474,19900110,    0,    0,
474,19900111,    2,    0,
474,19900112,    0,    0,
474,19900113,    5,    0,
474,19900114,    3,    0,
474,19900115,   11,    0,
474,19900116,   25,    0,
474,19900117,    4,    0,
474,19900118,    0,    0,
474,19900119,    0,    0,
474,19900120,   20,    0,
474,19900121,    0,    0,
474,19900122,    3,    0,
474,19900123,   18,    0,
474,19900124,  183,    0,
474,19900125,   63,    0,
474,19900126,   50,    0,
474,19900127,   39,    0,
474,19900128,   13,    0,
474,19900129,   36,    0,
474,19900130,    3,    0,
474,19900131,    6,    0,
474,19900201,   12,    0,
474,19900202,   61,    0,
474,19900203,    0,    0,
474,19900204,  152,    0,
474,19900205,    0,    0,
474,19900206,    0,    0,
474,19900207,    1,    0,
474,19900208,  136,    0,
474,19900209,    1,    0,
474,19900210,    0,    0,
474,19900211,   75,    0,
474,19900212,   56,    0,
474,19900213,    9,    0,
474,19900214,   84,    0,
474,19900215,   70,    0,
474,19900216,   58,    0,
474,19900217,    0,    0,
474,19900218,   48,    0,
474,19900219,    9,    0,
474,19900220,    0,    0,
474,19900221,    0,    0,
474,19900222,    2,    0,
474,19900223,    0,    0,
474,19900224,    0,    0,
474,19900225,    0,    0,
474,19900226,   80,    0,
474,19900227,   48,    0,
474,19900228,    0,    0,
474,19900301,  190,    0,
474,19900302,   78,    0,
474,19900303,   19,    0,
474,19900304,    0,    0,
474,19900305,    0,    0,
474,19900306,    6,    0,
474,19900307,    2,    0,
474,19900308,    0,    0,
474,19900309,    4,    0,
474,19900310,   17,    0,
474,19900311,    0,    0,
474,19900312,    0,    0,
474,19900313,    1,    0,
474,19900314,   10,    0,
474,19900315,    0,    0,
474,19900316,    0,    0,
474,19900317,    0,    0,
474,19900318,    0,    0,
474,19900319,    0,    0,
474,19900320,   25,    0,
474,19900321,    2,    0,
474,19900322,    0,    0,
474,19900323,    0,    0,
474,19900324,    0,    0,
474,19900325,   44,    0,
474,19900326,   47,    0,
474,19900327,    8,    0,
474,19900328,    0,    0,
474,19900329,    0,    0,
474,19900330,    0,    0,
474,19900331,    0,    0,
474,19900401,    0,    0,
474,19900402,    0,    0,
474,19900403,   72,    0,
474,19900404,   30,    0,
474,19900405,   50,    0,
474,19900406,    0,    0,
474,19900407,    0,    0,
474,19900408,    0,    0,
474,19900409,    0,    0,
474,19900410,    0,    0,
474,19900411,   64,    0,
474,19900412,    0,    0,
474,19900413,    3,    0,
474,19900414,   26,    0,
474,19900415,  163,    0,
474,19900416,    8,    0,
474,19900417,   80,    0,
474,19900418,    6,    0,
474,19900419,   15,    0,
474,19900420,   16,    0,
474,19900421,   12,    0,
474,19900422,    2,    0,
474,19900423,    0,    0,
474,19900424,    0,    0,
474,19900425,    0,    0,
474,19900426,    0,    0,
474,19900427,   42,    0,
474,19900428,    0,    0,
474,19900429,    0,    0,
474,19900430,    0,    0,
474,19900501,    0,    0,
474,19900502,    0,    0,
474,19900503,    0,    0,
474,19900504,    0,    0,
474,19900505,    0,    0,
474,19900506,    0,    0,
474,19900507,    0,    0,
474,19900508,    0,    0,
474,19900509,    0,    0,
474,19900510,    0,    0,
474,19900511,   46,    0,
474,19900512,  100,    0,
474,19900513,    1,    0,
474,19900514,    1,    0,
474,19900515,    0,    0,
474,19900516,    1,    0,
474,19900517,    0,    0,
474,19900518,    0,    0,
474,19900519,    0,    0,
474,19900520,    0,    0,
474,19900521,    0,    0,
474,19900522,    0,    0,
474,19900523,    0,    0,
474,19900524,    0,    0,
474,19900525,    0,    0,
474,19900526,    0,    0,
474,19900527,    0,    0,
474,19900528,    0,    0,
474,19900529,    0,    0,
474,19900530,    0,    0,
474,19900531,    0,    0,
474,19900601,    0,    0,
474,19900602,  117,    0,
474,19900603,   10,    0,
474,19900604,  186,    0,
474,19900605,   14,    0,
474,19900606,   16,    0,
474,19900607,   54,    0,
474,19900608,    3,    0,
474,19900609,    0,    0,
474,19900610,    2,    0,
474,19900611,    0,    0,
474,19900612,    0,    0,
474,19900613,   11,    0,
474,19900614,    0,    0,
474,19900615,    0,    0,
474,19900616,    0,    0,
474,19900617,    0,    0,
474,19900618,    0,    0,
474,19900619,    6,    0,
474,19900620,    2,    0,
474,19900621,   10,    0,
474,19900622,   43,    0,
474,19900623,   16,    0,
474,19900624,    0,    0,
474,19900625,    0,    0,
474,19900626,    0,    0,
474,19900627,    0,    0,
474,19900628,    8,    0,
474,19900629,    0,    0,
474,19900630,    0,    0,
474,19900701,  275,    0,
474,19900702,   86,    0,
474,19900703,    0,    0,
474,19900704,    0,    0,
474,19900705,   10,    0,
474,19900706,   41,    0,
474,19900707,   20,    0,
474,19900708,   37,    0,
474,19900709,    0,    0,
474,19900710,   48,    0,
474,19900711,    0,    0,
474,19900712,    0,    0,
474,19900713,    0,    0,
474,19900714,    0,    0,
474,19900715,    0,    0,
474,19900716,    0,    0,
474,19900717,    0,    0,
474,19900718,    0,    0,
474,19900719,    0,    0,
474,19900720,    0,    0,
474,19900721,    0,    0,
474,19900722,    0,    0,
474,19900723,    0,    0,
474,19900724,    0,    0,
474,19900725,    0,    0,
474,19900726,    0,    0,
474,19900727,    0,    0,
474,19900728,    0,    0,
474,19900729,    3,    0,
474,19900730,    0,    0,
474,19900731,    2,    0,
474,19900801,    0,    0,
474,19900802,    0,    0,
474,19900803,    0,    0,
474,19900804,    0,    0,
474,19900805,    0,    0,
474,19900806,    0,    0,
474,19900807,   19,    0,
474,19900808,   19,    0,
474,19900809,    0,    0,
474,19900810,    0,    0,
474,19900811,    0,    0,
474,19900812,    0,    0,
474,19900813,    0,    0,
474,19900814,    0,    0,
474,19900815,    0,    0,
474,19900816,   20,    0,
474,19900817,  104,    0,
474,19900818,  146,    0,
474,19900819,   45,    0,
474,19900820,  302,    0,
474,19900821,    2,    0,
474,19900822,    0,    0,
474,19900823,    0,    0,
474,19900824,    0,    0,
474,19900825,    0,    0,
474,19900826,    0,    0,
474,19900827,    0,    0,
474,19900828,    0,    0,
474,19900829,    0,    0,
474,19900830,    3,    0,
474,19900831,    0,    0,
474,19900901,   22,    0,
474,19900902,    0,    0,
474,19900903,    2,    0,
474,19900904,   37,    0,
474,19900905,    2,    0,
474,19900906,   10,    0,
474,19900907,   83,    0,
474,19900908,   76,    0,
474,19900909,    8,    0,
474,19900910,    0,    0,
474,19900911,   61,    0,
474,19900912,    4,    0,
474,19900913,    0,    0,
474,19900914,    0,    0,
474,19900915,    0,    0,
474,19900916,    0,    0,
474,19900917,    0,    0,
474,19900918,   37,    0,
474,19900919,    6,    0,
474,19900920,  105,    0,
474,19900921,   95,    0,
474,19900922,   40,    0,
474,19900923,   17,    0,
474,19900924,  240,    0,
474,19900925,  123,    0,
474,19900926,    3,    0,
474,19900927,   31,    0,
474,19900928,    0,    0,
474,19900929,    3,    0,
474,19900930,   73,    0,
474,19901001,   43,    0,
474,19901002,    0,    0,
474,19901003,    0,    0,
474,19901004,   54,    0,
474,19901005,    0,    0,
474,19901006,   45,    0,
474,19901007,    1,    0,
474,19901008,   36,    0,
474,19901009,    0,    0,
474,19901010,    0,    0,
474,19901011,    0,    0,
474,19901012,    0,    0,
474,19901013,    0,    0,
474,19901014,    0,    0,
474,19901015,    1,    0,
474,19901016,    0,    0,
474,19901017,    0,    0,
474,19901018,   28,    0,
474,19901019,   32,    0,
474,19901020,    0,    0,
474,19901021,    0,    0,
474,19901022,    0,    0,
474,19901023,    0,    0,
474,19901024,    0,    0,
474,19901025,    0,    0,
474,19901026,   13,    0,
474,19901027,   26,    0,
474,19901028,   34,    0,
474,19901029,  142,    0,
474,19901030,  103,    0,
474,19901031,   64,    0,
474,19901101,   58,    0,
474,19901102,  111,    0,
474,19901103,  100,    0,
474,19901104,   54,    0,
474,19901105,   17,    0,
474,19901106,    0,    0,
474,19901107,    7,    0,
474,19901108,    0,    0,
474,19901109,    0,    0,
474,19901110,    0,    0,
474,19901111,   69,    0,
474,19901112,    4,    0,
474,19901113,   32,    0,
474,19901114,   49,    0,
474,19901115,  122,    0,
474,19901116,    8,    0,
474,19901117,  119,    0,
474,19901118,   68,    0,
474,19901119,    7,    0,
474,19901120,  149,    0,
474,19901121,   52,    0,
474,19901122,    0,    0,
474,19901123,    1,    0,
474,19901124,    0,    0,
474,19901125,   54,    0,
474,19901126,   10,    0,
474,19901127,    3,    0,
474,19901128,    0,    0,
474,19901129,    0,    0,
474,19901130,   29,    0,
474,19901201,    3,    0,
474,19901202,    8,    0,
474,19901203,    0,    0,
474,19901204,    0,    0,
474,19901205,    8,    0,
474,19901206,    0,    0,
474,19901207,    0,    0,
474,19901208,    0,    0,
474,19901209,    1,    0,
474,19901210,    0,    0,
474,19901211,    0,    0,
474,19901212,   50,    0,
474,19901213,   45,    0,
474,19901214,    1,    0,
474,19901215,    6,    0,
474,19901216,    0,    0,
474,19901217,    0,    0,
474,19901218,    0,    0,
474,19901219,    0,  997,
474,19901220,    5,    0,
474,19901221,   93,    0,
474,19901222,    6,    0,
474,19901223,    0,    0,
474,19901224,    0,    0,
474,19901225,    3,    0,
474,19901226,   61,    0,
474,19901227,  119,    0,
474,19901228,    1,    0,
474,19901229,   61,    0,
474,19901230,   25,    0,
474,19901231,    0,    0,
474,19910101,    2,    0,
474,19910102,  112,    0,
474,19910103,   65,    0,
474,19910104,   30,    0,
474,19910105,    3,    0,
474,19910106,   64,    0,
474,19910107,   19,    0,
474,19910108,   22,    0,
474,19910109,   47,    0,
474,19910110,   13,    0,
474,19910111,   18,    0,
474,19910112,   41,    0,
474,19910113,   23,    0,
474,19910114,    0,    0,
474,19910115,    0,    0,
474,19910116,    0,    0,
474,19910117,    0,    0,
474,19910118,    0,    0,
474,19910119,   25,    0,
474,19910120,   27,    0,
474,19910121,   13,    0,
474,19910122,    5,    0,
474,19910123,    0,    0,
474,19910124,    0,    0,
474,19910125,    0,    0,
474,19910126,    0,    0,
474,19910127,    0,    0,
474,19910128,    0,    0,
474,19910129,    0,    0,
474,19910130,    0,    0,
474,19910131,    0,    0,
474,19910201,    0,    0,
474,19910202,    1,    0,
474,19910203,    0,    0,
474,19910204,    0,    0,
474,19910205,    0,    0,
474,19910206,    0,    0,
474,19910207,    0,    0,
474,19910208,    1,  997,
474,19910209,   20,    2,
474,19910210,    0,    2,
474,19910211,    0,    2,
474,19910212,   72,    2,
474,19910213,    0,    2,
474,19910214,   27,    8,
474,19910215,   46,    8,
474,19910216,  116,  997,
474,19910217,    0,  997,
474,19910218,    0,  997,
474,19910219,    0,    0,
474,19910220,    0,    0,
474,19910221,    0,    0,
474,19910222,    0,    0,
474,19910223,   22,    0,
474,19910224,    0,    0,
474,19910225,   11,    0,
474,19910226,    0,    0,
474,19910227,    0,    0,
474,19910228,    6,    0,
474,19910301,   70,    0,
474,19910302,   60,    0,
474,19910303,    6,    0,
474,19910304,    0,    0,
474,19910305,   46,    0,
474,19910306,   23,    0,
474,19910307,    0,    0,
474,19910308,    5,    0,
474,19910309,    6,    0,
474,19910310,   28,    0,
474,19910311,    5,    0,
474,19910312,    1,    0,
474,19910313,    0,    0,
474,19910314,    0,    0,
474,19910315,    0,    0,
474,19910316,    0,    0,
474,19910317,    4,    0,
474,19910318,    0,    0,
474,19910319,   61,    0,
474,19910320,    1,    0,
474,19910321,   30,    0,
474,19910322,    4,    0,
474,19910323,    1,    0,
474,19910324,    0,    0,
474,19910325,    0,    0,
474,19910326,    0,    0,
474,19910327,    0,    0,
474,19910328,    0,    0,
474,19910329,    0,    0,
474,19910330,    0,    0,
474,19910331,    0,    0,
474,19910401,    0,    0,
474,19910402,   41,    0,
474,19910403,   10,    0,
474,19910404,    0,    0,
474,19910405,   38,    0,
474,19910406,    0,    0,
474,19910407,   10,    0,
474,19910408,    0,    0,
474,19910409,    4,    0,
474,19910410,    1,    0,
474,19910411,    0,    0,
474,19910412,    0,    0,
474,19910413,    0,    0,
474,19910414,    0,    0,
474,19910415,    0,    0,
474,19910416,    0,    0,
474,19910417,    9,    0,
474,19910418,   35,    0,
474,19910419,   63,    0,
474,19910420,    0,    0,
474,19910421,    0,    0,
474,19910422,   65,    0,
474,19910423,   42,    0,
474,19910424,    0,    0,
474,19910425,    0,    0,
474,19910426,    0,    0,
474,19910427,    0,    0,
474,19910428,    0,    0,
474,19910429,    1,    0,
474,19910430,    0,    0,
474,19910501,    0,    0,
474,19910502,   10,    0,
474,19910503,    8,    0,
474,19910504,   23,    0,
474,19910505,   87,    0,
474,19910506,   72,    0,
474,19910507,    0,    0,
474,19910508,    7,    0,
474,19910509,    0,    0,
474,19910510,    0,    0,
474,19910511,    0,    0,
474,19910512,    3,    0,
474,19910513,    0,    0,
474,19910514,   42,    0,
474,19910515,    0,    0,
474,19910516,   42,    0,
474,19910517,   19,    0,
474,19910518,    1,    0,
474,19910519,    0,    0,
474,19910520,    0,    0,
474,19910521,    0,    0,
474,19910522,    0,    0,
474,19910523,    0,    0,
474,19910524,    0,    0,
474,19910525,    0,    0,
474,19910526,    0,    0,
474,19910527,    0,    0,
474,19910528,    5,    0,
474,19910529,    0,    0,
474,19910530,    0,    0,
474,19910531,    0,    0,
474,19910601,    0,    0,
474,19910602,    0,    0,
474,19910603,   35,    0,
474,19910604,   10,    0,
474,19910605,   22,    0,
474,19910606,    0,    0,
474,19910607,    2,    0,
474,19910608,   11,    0,
474,19910609,    0,    0,
474,19910610,   14,    0,
474,19910611,   13,    0,
474,19910612,    1,    0,
474,19910613,   13,    0,
474,19910614,    7,    0,
474,19910615,   73,    0,
474,19910616,  109,    0,
474,19910617,    7,    0,
474,19910618,   12,    0,
474,19910619,   50,    0,
474,19910620,   56,    0,
474,19910621,    0,    0,
474,19910622,  145,    0,
474,19910623,   45,    0,
474,19910624,  160,    0,
474,19910625,   26,    0,
474,19910626,  198,    0,
474,19910627,   67,    0,
474,19910628,   40,    0,
474,19910629,    0,    0,
474,19910630,    0,    0,
474,19910701,   11,    0,
474,19910702,  182,    0,
474,19910703,  190,    0,
474,19910704,    0,    0,
474,19910705,    0,    0,
474,19910706,    0,    0,
474,19910707,   10,    0,
474,19910708,  451,    0,
474,19910709,   14,    0,
474,19910710,    0,    0,
474,19910711,    0,    0,
474,19910712,   47,    0,
474,19910713,    0,    0,
474,19910714,    5,    0,
474,19910715,    0,    0,
474,19910716,   15,    0,
474,19910717,    0,    0,
474,19910718,    0,    0,
474,19910719,   62,    0,
474,19910720,    0,    0,
474,19910721,    1,    0,
474,19910722,    0,    0,
474,19910723,    0,    0,
474,19910724,   67,    0,
474,19910725,   49,    0,
474,19910726,    6,    0,
474,19910727,    0,    0,
474,19910728,    0,    0,
474,19910729,    0,    0,
474,19910730,    0,    0,
474,19910731,    1,    0,
474,19910801,    0,    0,
474,19910802,    0,    0,
474,19910803,    0,    0,
474,19910804,    0,    0,
474,19910805,    0,    0,
474,19910806,    0,    0,
474,19910807,    0,    0,
474,19910808,    0,    0,
474,19910809,    0,    0,
474,19910810,    0,    0,
474,19910811,    0,    0,
474,19910812,   10,    0,
474,19910813,    0,    0,
474,19910814,    0,    0,
474,19910815,    0,    0,
474,19910816,    0,    0,
474,19910817,   17,    0,
474,19910818,    0,    0,
474,19910819,    0,    0,
474,19910820,   16,    0,
474,19910821,    0,    0,
474,19910822,    0,    0,
474,19910823,   63,    0,
474,19910824,   22,    0,
474,19910825,    0,    0,
474,19910826,    0,    0,
474,19910827,    0,    0,
474,19910828,    0,    0,
474,19910829,    0,    0,
474,19910830,    0,    0,
474,19910831,    0,    0,
474,19910901,    0,    0,
474,19910902,    0,    0,
474,19910903,    0,    0,
474,19910904,    0,    0,
474,19910905,    0,    0,
474,19910906,    0,    0,
474,19910907,    0,    0,
474,19910908,    1,    0,
474,19910909,    0,    0,
474,19910910,    0,    0,
474,19910911,    0,    0,
474,19910912,    0,    0,
474,19910913,    0,    0,
474,19910914,    0,    0,
474,19910915,    5,    0,
474,19910916,  140,    0,
474,19910917,  113,    0,
474,19910918,    0,    0,
474,19910919,   16,    0,
474,19910920,    0,    0,
474,19910921,    0,    0,
474,19910922,    0,    0,
474,19910923,   37,    0,
474,19910924,   84,    0,
474,19910925,   52,    0,
474,19910926,   15,    0,
474,19910927,   32,    0,
474,19910928,  174,    0,
474,19910929,   54,    0,
474,19910930,   44,    0,
474,19911001,  250,    0,
474,19911002,   39,    0,
474,19911003,    1,    0,
474,19911004,   31,    0,
474,19911005,    0,    0,
474,19911006,   70,    0,
474,19911007,    0,    0,
474,19911008,    0,    0,
474,19911009,    0,    0,
474,19911010,    0,    0,
474,19911011,    0,    0,
474,19911012,    0,    0,
474,19911013,   77,    0,
474,19911014,    0,    0,
474,19911015,    0,    0,
474,19911016,    0,    0,
474,19911017,   40,    0,
474,19911018,   91,    0,
474,19911019,   47,    0,
474,19911020,   55,    0,
474,19911021,   13,    0,
474,19911022,    1,    0,
474,19911023,    4,    0,
474,19911024,    3,    0,
474,19911025,   15,    0,
474,19911026,    0,    0,
474,19911027,    0,    0,
474,19911028,    0,    0,
474,19911029,    0,    0,
474,19911030,    0,    0,
474,19911031,    0,    0,
474,19911101,    0,    0,
474,19911102,   15,    0,
474,19911103,   70,    0,
474,19911104,   16,    0,
474,19911105,  217,    0,
474,19911106,   39,    0,
474,19911107,  131,    0,
474,19911108,   86,    0,
474,19911109,   31,    0,
474,19911110,   96,    0,
474,19911111,   65,    0,
474,19911112,   56,    0,
474,19911113,   97,    0,
474,19911114,   93,    0,
474,19911115,   37,    0,
474,19911116,   36,    0,
474,19911117,    0,    0,
474,19911118,   27,    0,
474,19911119,   11,    0,
474,19911120,   59,    0,
474,19911121,    0,    0,
474,19911122,   12,    0,
474,19911123,   11,    0,
474,19911124,    0,    0,
474,19911125,    1,    0,
474,19911126,    0,    0,
474,19911127,    1,    0,
474,19911128,    0,    0,
474,19911129,    3,    0,
474,19911130,    1,    0,
474,19911201,    2,    0,
474,19911202,    0,    0,
474,19911203,    1,    0,
474,19911204,    0,    0,
474,19911205,    0,    0,
474,19911206,    0,    0,
474,19911207,    0,    0,
474,19911208,    0,    0,
474,19911209,    0,    0,
474,19911210,    0,    0,
474,19911211,    0,    0,
474,19911212,    0,    0,
474,19911213,    0,    0,
474,19911214,    2,    0,
474,19911215,    0,    0,
474,19911216,    0,    0,
474,19911217,    7,    0,
474,19911218,  124,    0,
474,19911219,   77,    0,
474,19911220,   17,    0,
474,19911221,    9,    0,
474,19911222,  137,    0,
474,19911223,    5,    0,
474,19911224,   18,    0,
474,19911225,   14,    0,
474,19911226,    9,    0,
474,19911227,    0,    0,
474,19911228,    0,    0,
474,19911229,    0,    0,
474,19911230,    5,    0,
474,19911231,    0,    0,
474,19920101,    4,    0,
474,19920102,    0,    0,
474,19920103,    0,    0,
474,19920104,   71,    0,
474,19920105,   40,    0,
474,19920106,   70,    0,
474,19920107,    1,    0,
474,19920108,    1,    0,
474,19920109,   30,    0,
474,19920110,  107,    0,
474,19920111,    0,    0,
474,19920112,    0,    0,
474,19920113,   13,    0,
474,19920114,    0,    0,
474,19920115,    2,    0,
474,19920116,    0,    0,
474,19920117,    0,    0,
474,19920118,    0,    0,
474,19920119,    0,    0,
474,19920120,   26,    0,
474,19920121,    0,    0,
474,19920122,    0,    0,
474,19920123,    0,    0,
474,19920124,    0,    0,
474,19920125,    0,    0,
474,19920126,    1,    0,
474,19920127,    2,    0,
474,19920128,    0,    0,
474,19920129,    0,    0,
474,19920130,    5,    0,
474,19920131,    0,    0,
474,19920201,    0,    0,
474,19920202,    0,    0,
474,19920203,   20,    0,
474,19920204,   42,    0,
474,19920205,   31,    0,
474,19920206,    0,    0,
474,19920207,    0,    0,
474,19920208,    0,    0,
474,19920209,    0,    0,
474,19920210,   36,    0,
474,19920211,   28,    0,
474,19920212,   18,    0,
474,19920213,   14,    0,
474,19920214,    0,    0,
474,19920215,   16,    0,
474,19920216,    1,    0,
474,19920217,   39,    0,
474,19920218,    0,    0,
474,19920219,    0,    0,
474,19920220,    5,    0,
474,19920221,    0,    0,
474,19920222,    0,    0,
474,19920223,   15,    0,
474,19920224,    7,    0,
474,19920225,    0,    0,
474,19920226,    0,    0,
474,19920227,    0,    0,
474,19920228,    0,    0,
474,19920229,    0,    0,
474,19920301,    0,    0,
474,19920302,   18,    0,
474,19920303,    0,    0,
474,19920304,    0,    0,
474,19920305,    0,    0,
474,19920306,   51,    0,
474,19920307,    0,    0,
474,19920308,    0,    0,
474,19920309,    0,    0,
474,19920310,    0,    0,
474,19920311,   79,    0,
474,19920312,   22,    0,
474,19920313,   58,    0,
474,19920314,  117,    0,
474,19920315,    9,    0,
474,19920316,    0,    0,
474,19920317,    4,    0,
474,19920318,    0,    0,
474,19920319,    4,    0,
474,19920320,    0,    0,
474,19920321,   20,    0,
474,19920322,   72,    0,
474,19920323,   69,    0,
474,19920324,   46,    0,
474,19920325,    8,    0,
474,19920326,   76,    0,
474,19920327,   10,    0,
474,19920328,   21,    0,
474,19920329,    9,    0,
474,19920330,   20,    0,
474,19920331,    0,    0,
474,19920401,   36,    0,
474,19920402,    0,    0,
474,19920403,   16,    0,
474,19920404,    0,    0,
474,19920405,    7,    0,
474,19920406,    2,    0,
474,19920407,    0,    0,
474,19920408,    0,    0,
474,19920409,    0,    0,
474,19920410,    0,    0,
474,19920411,    0,    0,
474,19920412,    0,    0,
474,19920413,   12,    0,
474,19920414,   23,    0,
474,19920415,   54,    0,
474,19920416,   56,    0,
474,19920417,   17,    0,
474,19920418,   52,    0,
474,19920419,    4,    0,
474,19920420,    0,    0,
474,19920421,    0,    0,
474,19920422,    0,    0,
474,19920423,    0,    0,
474,19920424,    0,    0,
474,19920425,   45,    0,
474,19920426,    0,    0,
474,19920427,  129,    0,
474,19920428,   23,    0,
474,19920429,    2,    0,
474,19920430,    0,    0,
474,19920501,  210,    0,
474,19920502,   60,    0,
474,19920503,   41,    0,
474,19920504,    0,    0,
474,19920505,    0,    0,
474,19920506,    0,    0,
474,19920507,    0,    0,
474,19920508,    0,    0,
474,19920509,   17,    0,
474,19920510,  114,    0,
474,19920511,   51,    0,
474,19920512,    0,    0,
474,19920513,    0,    0,
474,19920514,    0,    0,
474,19920515,    0,    0,
474,19920516,    0,    0,
474,19920517,    0,    0,
474,19920518,    0,    0,
474,19920519,    0,    0,
474,19920520,    0,    0,
474,19920521,    0,    0,
474,19920522,    0,    0,
474,19920523,    0,    0,
474,19920524,    0,    0,
474,19920525,    0,    0,
474,19920526,   13,    0,
474,19920527,    0,    0,
474,19920528,    0,    0,
474,19920529,    0,    0,
474,19920530,    0,    0,
474,19920531,    0,    0,
474,19920601,    0,    0,
474,19920602,  242,    0,
474,19920603,   58,    0,
474,19920604,    8,    0,
474,19920605,   57,    0,
474,19920606,   68,    0,
474,19920607,  170,    0,
474,19920608,    1,    0,
474,19920609,    3,    0,
474,19920610,   11,    0,
474,19920611,    0,    0,
474,19920612,    0,    0,
474,19920613,    0,    0,
474,19920614,    0,    0,
474,19920615,    0,    0,
474,19920616,    0,    0,
474,19920617,    0,    0,
474,19920618,    0,    0,
474,19920619,  156,    0,
474,19920620,   11,    0,
474,19920621,    0,    0,
474,19920622,    0,    0,
474,19920623,    0,    0,
474,19920624,    0,    0,
474,19920625,    0,    0,
474,19920626,    0,    0,
474,19920627,    0,    0,
474,19920628,    0,    0,
474,19920629,    0,    0,
474,19920630,    0,    0,
474,19920701,   16,    0,
474,19920702,    0,    0,
474,19920703,    1,    0,
474,19920704,  196,    0,
474,19920705,   14,    0,
474,19920706,    0,    0,
474,19920707,    0,    0,
474,19920708,    0,    0,
474,19920709,    0,    0,
474,19920710,    0,    0,
474,19920711,    2,    0,
474,19920712,   22,    0,
474,19920713,   32,    0,
474,19920714,  163,    0,
474,19920715,    0,    0,
474,19920716,    0,    0,
474,19920717,    0,    0,
474,19920718,   48,    0,
474,19920719,    0,    0,
474,19920720,    0,    0,
474,19920721,   48,    0,
474,19920722,    0,    0,
474,19920723,    0,    0,
474,19920724,    0,    0,
474,19920725,   19,    0,
474,19920726,    0,    0,
474,19920727,    0,    0,
474,19920728,   36,    0,
474,19920729,    0,    0,
474,19920730,    0,    0,
474,19920731,    0,    0,
474,19920801,    0,    0,
474,19920802,    0,    0,
474,19920803,    0,    0,
474,19920804,    0,    0,
474,19920805,    0,    0,
474,19920806,    0,    0,
474,19920807,    0,    0,
474,19920808,   15,    0,
474,19920809,    0,    0,
474,19920810,  283,    0,
474,19920811,  182,    0,
474,19920812,   29,    0,
474,19920813,   34,    0,
474,19920814,  154,    0,
474,19920815,    0,    0,
474,19920816,    0,    0,
474,19920817,   80,    0,
474,19920818,    0,    0,
474,19920819,   42,    0,
474,19920820,    0,    0,
474,19920821,  228,    0,
474,19920822,    1,    0,
474,19920823,  279,    0,
474,19920824,   23,    0,
474,19920825,  113,    0,
474,19920826,   19,    0,
474,19920827,    1,    0,
474,19920828,    2,    0,
474,19920829,   30,    0,
474,19920830,    8,    0,
474,19920831,   98,    0,
474,19920901,  107,    0,
474,19920902,   36,    0,
474,19920903,   57,    0,
474,19920904,   60,    0,
474,19920905,   78,    0,
474,19920906,   21,    0,
474,19920907,    0,    0,
474,19920908,   13,    0,
474,19920909,   17,    0,
474,19920910,    0,    0,
474,19920911,    0,    0,
474,19920912,    7,    0,
474,19920913,    0,    0,
474,19920914,   36,    0,
474,19920915,    0,    0,
474,19920916,    0,    0,
474,19920917,    0,    0,
474,19920918,    0,    0,
474,19920919,    0,    0,
474,19920920,   37,    0,
474,19920921,    0,    0,
474,19920922,   57,    0,
474,19920923,   20,    0,
474,19920924,   18,    0,
474,19920925,    7,    0,
474,19920926,    0,    0,
474,19920927,    0,    0,
474,19920928,    0,    0,
474,19920929,    0,    0,
474,19920930,    0,    0,
474,19921001,    8,    0,
474,19921002,    0,    0,
474,19921003,    0,    0,
474,19921004,    0,    0,
474,19921005,    0,    0,
474,19921006,    0,    0,
474,19921007,   18,    0,
474,19921008,    0,    0,
474,19921009,    3,    0,
474,19921010,   21,    0,
474,19921011,    0,    0,
474,19921012,    8,    0,
474,19921013,    0,    0,
474,19921014,    0,    0,
474,19921015,  116,    0,
474,19921016,  176,    0,
474,19921017,   17,    0,
474,19921018,   88,    0,
474,19921019,   13,    0,
474,19921020,   56,    0,
474,19921021,    1,    0,
474,19921022,   58,    0,
474,19921023,  155,    0,
474,19921024,   74,    0,
474,19921025,   72,    0,
474,19921026,  247,    0,
474,19921027,   10,    0,
474,19921028,   70,    0,
474,19921029,   54,    0,
474,19921030,   33,    0,
474,19921031,    3,    0,
474,19921101,    0,    0,
474,19921102,    0,    0,
474,19921103,  127,    0,
474,19921104,    0,    0,
474,19921105,    0,    0,
474,19921106,    6,    0,
474,19921107,    0,    0,
474,19921108,    6,    0,
474,19921109,    0,    0,
474,19921110,   28,    0,
474,19921111,   80,    0,
474,19921112,   53,    0,
474,19921113,   25,    0,
474,19921114,   20,    0,
474,19921115,    4,    0,
474,19921116,   64,    0,
474,19921117,  205,    0,
474,19921118,   24,    0,
474,19921119,   27,    0,
474,19921120,    0,    0,
474,19921121,    1,    0,
474,19921122,   40,    0,
474,19921123,  126,    0,
474,19921124,    3,    0,
474,19921125,   32,    0,
474,19921126,  167,    0,
474,19921127,    1,    0,
474,19921128,   56,    0,
474,19921129,    0,    0,
474,19921130,    6,    0,
474,19921201,    0,    0,
474,19921202,    0,    0,
474,19921203,   68,    0,
474,19921204,   34,    0,
474,19921205,   77,    0,
474,19921206,   17,    0,
474,19921207,   75,    0,
474,19921208,    2,    0,
474,19921209,    0,    0,
474,19921210,    0,    0,
474,19921211,    0,    0,
474,19921212,  236,    0,
474,19921213,    0,    0,
474,19921214,    3,    0,
474,19921215,    0,    0,
474,19921216,    0,    0,
474,19921217,    0,    0,
474,19921218,    0,    0,
474,19921219,   60,    0,
474,19921220,   26,    0,
474,19921221,   11,    0,
474,19921222,    0,    0,
474,19921223,    0,    0,
474,19921224,    0,    0,
474,19921225,    0,    0,
474,19921226,    0,    0,
474,19921227,    0,    0,
474,19921228,    0,    0,
474,19921229,    0,    0,
474,19921230,    0,    0,
474,19921231,    0,    0,
474,19930101,    0,    0,
474,19930102,    1,    0,
474,19930103,    0,    0,
474,19930104,    0,    0,
474,19930105,    0,    0,
474,19930106,   71,    0,
474,19930107,  123,    0,
474,19930108,   13,    0,
474,19930109,    2,    0,
474,19930110,   44,    0,
474,19930111,  102,    0,
474,19930112,   37,    0,
474,19930113,    0,    0,
474,19930114,   14,    0,
474,19930115,    0,    0,
474,19930116,    0,    0,
474,19930117,    0,    0,
474,19930118,    0,    0,
474,19930119,    2,    0,
474,19930120,   33,    0,
474,19930121,   55,    0,
474,19930122,   19,    0,
474,19930123,   60,    0,
474,19930124,    8,    0,
474,19930125,   19,    0,
474,19930126,   11,    0,
474,19930127,   22,    0,
474,19930128,    0,    0,
474,19930129,   34,    0,
474,19930130,    0,    0,
474,19930131,    0,    0,
474,19930201,    0,    0,
474,19930202,    0,    0,
474,19930203,    0,    0,
474,19930204,    2,    0,
474,19930205,    1,    0,
474,19930206,    1,    0,
474,19930207,    7,    0,
474,19930208,    1,    0,
474,19930209,    0,    0,
474,19930210,    1,    0,
474,19930211,    0,    0,
474,19930212,    0,    0,
474,19930213,    0,    0,
474,19930214,    0,    0,
474,19930215,    0,    0,
474,19930216,    3,    0,
474,19930217,   29,    0,
474,19930218,    0,    0,
474,19930219,    2,    0,
474,19930220,    9,    0,
474,19930221,    9,    0,
474,19930222,   18,    0,
474,19930223,    4,    0,
474,19930224,    0,    0,
474,19930225,    1,    0,
474,19930226,   12,    0,
474,19930227,   46,    0,
474,19930228,    7,  997,
474,19930301,   13,  997,
474,19930302,    0,    0,
474,19930303,    0,    0,
474,19930304,    0,    0,
474,19930305,    1,    0,
474,19930306,   17,    0,
474,19930307,    1,    0,
474,19930308,    0,    0,
474,19930309,    0,    0,
474,19930310,    0,    0,
474,19930311,    0,    0,
474,19930312,    0,    0,
474,19930313,    0,    0,
474,19930314,    0,    0,
474,19930315,    0,    0,
474,19930316,    0,    0,
474,19930317,   30,    0,
474,19930318,    0,    0,
474,19930319,    2,    0,
474,19930320,    0,    0,
474,19930321,    0,    0,
474,19930322,    1,    0,
474,19930323,   28,    0,
474,19930324,    0,    0,
474,19930325,    0,    0,
474,19930326,    1,    0,
474,19930327,    0,    0,
474,19930328,    0,    0,
474,19930329,    0,    0,
474,19930330,    0,    0,
474,19930331,    2,    0,
474,19930401,   30,    0,
474,19930402,   28,    0,
474,19930403,    1,    0,
474,19930404,    0,    0,
474,19930405,   19,    0,
474,19930406,  106,    0,
474,19930407,    5,    0,
474,19930408,    0,    0,
474,19930409,    0,    0,
474,19930410,   11,    0,
474,19930411,    0,    0,
474,19930412,   33,    0,
474,19930413,    0,    0,
474,19930414,    0,    0,
474,19930415,    0,    0,
474,19930416,    0,    0,
474,19930417,    0,    0,
474,19930418,   35,    0,
474,19930419,  108,    0,
474,19930420,    0,    0,
474,19930421,    0,    0,
474,19930422,   26,    0,
474,19930423,   59,    0,
474,19930424,    0,    0,
474,19930425,    0,    0,
474,19930426,    0,    0,
474,19930427,    0,    0,
474,19930428,    0,    0,
474,19930429,    0,    0,
474,19930430,    0,    0,
474,19930501,    0,    0,
474,19930502,    0,    0,
474,19930503,    1,    0,
474,19930504,    0,    0,
474,19930505,    0,    0,
474,19930506,    0,    0,
474,19930507,    0,    0,
474,19930508,    0,    0,
474,19930509,    0,    0,
474,19930510,   29,    0,
474,19930511,    0,    0,
474,19930512,    0,    0,
474,19930513,    0,    0,
474,19930514,    0,    0,
474,19930515,   17,    0,
474,19930516,    0,    0,
474,19930517,    0,    0,
474,19930518,    1,    0,
474,19930519,   69,    0,
474,19930520,   47,    0,
474,19930521,   11,    0,
474,19930522,    0,    0,
474,19930523,    0,    0,
474,19930524,    0,    0,
474,19930525,    0,    0,
474,19930526,    0,    0,
474,19930527,   98,    0,
474,19930528,   27,    0,
474,19930529,   28,    0,
474,19930530,    0,    0,
474,19930531,    0,    0,
474,19930601,    0,    0,
474,19930602,    0,    0,
474,19930603,  105,    0,
474,19930604,    6,    0,
474,19930605,    0,    0,
474,19930606,    0,    0,
474,19930607,    0,    0,
474,19930608,    0,    0,
474,19930609,    0,    0,
474,19930610,    0,    0,
474,19930611,   87,    0,
474,19930612,   12,    0,
474,19930613,    9,    0,
474,19930614,    0,    0,
474,19930615,   34,    0,
474,19930616,   19,    0,
474,19930617,  152,    0,
474,19930618,   19,    0,
474,19930619,  140,    0,
474,19930620,    3,    0,
474,19930621,    0,    0,
474,19930622,    0,    0,
474,19930623,    0,    0,
474,19930624,    2,    0,
474,19930625,    0,    0,
474,19930626,    3,    0,
474,19930627,   18,    0,
474,19930628,    0,    0,
474,19930629,    0,    0,
474,19930630,    0,    0,
474,19930701,    0,    0,
474,19930702,    0,    0,
474,19930703,    0,    0,
474,19930704,    5,    0,
474,19930705,  151,    0,
474,19930706,    3,    0,
474,19930707,    0,    0,
474,19930708,    0,    0,
474,19930709,    0,    0,
474,19930710,   35,    0,
474,19930711,   25,    0,
474,19930712,   40,    0,
474,19930713,   50,    0,
474,19930714,  222,    0,
474,19930715,   68,    0,
474,19930716,   90,    0,
474,19930717,    0,    0,
474,19930718,    0,    0,
474,19930719,   22,    0,
474,19930720,   72,    0,
474,19930721,   63,    0,
474,19930722,  114,    0,
474,19930723,    0,    0,
474,19930724,   10,    0,
474,19930725,  182,    0,
474,19930726,   32,    0,
474,19930727,   52,    0,
474,19930728,  175,    0,
474,19930729,   13,    0,
474,19930730,   20,    0,
474,19930731,   75,    0,
474,19930801,    3,    0,
474,19930802,    0,    0,
474,19930803,    0,    0,
474,19930804,    1,    0,
474,19930805,    0,    0,
474,19930806,    8,    0,
474,19930807,    0,    0,
474,19930808,    0,    0,
474,19930809,    0,    0,
474,19930810,   34,    0,
474,19930811,    1,    0,
474,19930812,   55,    0,
474,19930813,   56,    0,
474,19930814,    0,    0,
474,19930815,   66,    0,
474,19930816,    5,    0,
474,19930817,    0,    0,
474,19930818,    0,    0,
474,19930819,    0,    0,
474,19930820,    0,    0,
474,19930821,    0,    0,
474,19930822,   36,    0,
474,19930823,  172,    0,
474,19930824,   94,    0,
474,19930825,    9,    0,
474,19930826,   66,    0,
474,19930827,    0,    0,
474,19930828,   10,    0,
474,19930829,    0,    0,
474,19930830,   16,    0,
474,19930831,    5,    0,
474,19930901,    1,    0,
474,19930902,    3,    0,
474,19930903,   27,    0,
474,19930904,   57,    0,
474,19930905,   53,    0,
474,19930906,    0,    0,
474,19930907,    0,    0,
474,19930908,   14,    0,
474,19930909,   72,    0,
474,19930910,    7,    0,
474,19930911,  145,    0,
474,19930912,    0,    0,
474,19930913,   63,    0,
474,19930914,  136,    0,
474,19930915,   79,    0,
474,19930916,    9,    0,
474,19930917,  338,    0,
474,19930918,    2,    0,
474,19930919,    0,    0,
474,19930920,    0,    0,
474,19930921,  140,    0,
474,19930922,    0,    0,
474,19930923,   40,    0,
474,19930924,    0,    0,
474,19930925,    4,    0,
474,19930926,  170,    0,
474,19930927,  232,    0,
474,19930928,  123,    0,
474,19930929,    7,    0,
474,19930930,    2,    0,
474,19931001,    9,    0,
474,19931002,   36,    0,
474,19931003,    1,    0,
474,19931004,   40,    0,
474,19931005,    0,    0,
474,19931006,    0,    0,
474,19931007,   54,    0,
474,19931008,    0,    0,
474,19931009,    0,    0,
474,19931010,   22,    0,
474,19931011,    5,    0,
474,19931012,   56,    0,
474,19931013,   70,    0,
474,19931014,   82,    0,
474,19931015,   22,    0,
474,19931016,   80,    0,
474,19931017,   32,    0,
474,19931018,    0,    0,
474,19931019,    0,    0,
474,19931020,    0,    0,
474,19931021,  168,    0,
474,19931022,  120,    0,
474,19931023,    0,    0,
474,19931024,    0,    0,
474,19931025,    0,    0,
474,19931026,    0,    0,
474,19931027,    0,    0,
474,19931028,    2,    0,
474,19931029,    0,    0,
474,19931030,    0,    0,
474,19931031,    0,    0,
474,19931101,    1,    0,
474,19931102,    0,    0,
474,19931103,    0,    0,
474,19931104,    0,    0,
474,19931105,    1,    0,
474,19931106,    0,    0,
474,19931107,    0,    0,
474,19931108,   15,    0,
474,19931109,    0,    0,
474,19931110,   30,    0,
474,19931111,  171,    0,
474,19931112,   15,    0,
474,19931113,   15,    0,
474,19931114,  150,    0,
474,19931115,  185,    0,
474,19931116,    5,    0,
474,19931117,    0,    0,
474,19931118,    0,    0,
474,19931119,    0,    0,
474,19931120,    1,    0,
474,19931121,    0,    0,
474,19931122,    1,  997,
474,19931123,    0,  997,
474,19931124,   11,  997,
474,19931125,    0,  997,
474,19931126,    0,  997,
474,19931127,    0,  997,
474,19931128,    0,  997,
474,19931129,    0,    0,
474,19931130,    0,    0,
474,19931201,    8,    0,
474,19931202,    9,    0,
474,19931203,    0,    0,
474,19931204,    0,    0,
474,19931205,   23,    0,
474,19931206,    0,    0,
474,19931207,   36,    0,
474,19931208,   61,    0,
474,19931209,   75,    0,
474,19931210,    1,    0,
474,19931211,    6,    0,
474,19931212,   12,    0,
474,19931213,  164,    0,
474,19931214,   34,    0,
474,19931215,   30,    0,
474,19931216,   68,    0,
474,19931217,   41,    0,
474,19931218,   15,    0,
474,19931219,   81,    0,
474,19931220,    7,    0,
474,19931221,  122,    0,
474,19931222,    9,    0,
474,19931223,  149,    0,
474,19931224,   70,    0,
474,19931225,   32,    0,
474,19931226,   14,    0,
474,19931227,    4,    0,
474,19931228,   18,    0,
474,19931229,   11,    0,
474,19931230,   72,    0,
474,19931231,  210,    0,
474,19940101,   18,    0,
474,19940102,  102,    0,
474,19940103,   15,    0,
474,19940104,  132,    0,
474,19940105,   29,    0,
474,19940106,   92,    0,
474,19940107,   31,    0,
474,19940108,    0,    0,
474,19940109,    0,    0,
474,19940110,    0,    0,
474,19940111,    1,    0,
474,19940112,   12,    0,
474,19940113,   59,    0,
474,19940114,    6,    0,
474,19940115,   12,    0,
474,19940116,    0,    0,
474,19940117,    4,    0,
474,19940118,    3,    0,
474,19940119,   24,    0,
474,19940120,    9,    0,
474,19940121,    0,    0,
474,19940122,    7,    0,
474,19940123,   67,    0,
474,19940124,   19,    0,
474,19940125,   15,    0,
474,19940126,   67,    0,
474,19940127,    2,    0,
474,19940128,   20,    0,
474,19940129,   11,    0,
474,19940130,    5,    0,
474,19940131,    0,    0,
474,19940201,    0,    0,
474,19940202,   29,    0,
474,19940203,    0,    0,
474,19940204,   42,    0,
474,19940205,    6,    0,
474,19940206,    0,    0,
474,19940207,    2,    0,
474,19940208,   10,    0,
474,19940209,   19,    0,
474,19940210,    6,    0,
474,19940211,   20,    0,
474,19940212,    0,    0,
474,19940213,    0,    0,
474,19940214,    0,    0,
474,19940215,    0,    0,
474,19940216,    0,    0,
474,19940217,    0,    0,
474,19940218,    0,    0,
474,19940219,    0,    0,
474,19940220,    0,    0,
474,19940221,    0,    0,
474,19940222,    0,    0,
474,19940223,    6,    0,
474,19940224,   46,    2,
474,19940225,    8,    2,
474,19940226,    0,    0,
474,19940227,    0,    0,
474,19940228,   94,    0,
474,19940301,    9,    0,
474,19940302,   12,    0,
474,19940303,   51,    0,
474,19940304,   51,    0,
474,19940305,    0,    0,
474,19940306,    0,    0,
474,19940307,    4,    0,
474,19940308,    2,    0,
474,19940309,    0,    0,
474,19940310,    2,    0,
474,19940311,    0,    0,
474,19940312,    0,    0,
474,19940313,   41,    0,
474,19940314,    0,    0,
474,19940315,  101,    0,
474,19940316,   29,    0,
474,19940317,    0,    0,
474,19940318,    4,    0,
474,19940319,  139,    0,
474,19940320,    0,    0,
474,19940321,    0,    0,
474,19940322,    0,    0,
474,19940323,   28,    0,
474,19940324,   16,    0,
474,19940325,   71,    0,
474,19940326,   72,    0,
474,19940327,    0,    0,
474,19940328,    7,    0,
474,19940329,   22,    0,
474,19940330,    0,    0,
474,19940331,   36,    0,
474,19940401,  110,    0,
474,19940402,   84,    0,
474,19940403,    0,    0,
474,19940404,  154,    0,
474,19940405,  113,    0,
474,19940406,   88,    0,
474,19940407,    0,    0,
474,19940408,   22,    0,
474,19940409,   82,    0,
474,19940410,   38,    0,
474,19940411,   27,    0,
474,19940412,    0,    0,
474,19940413,    8,    0,
474,19940414,   10,    0,
474,19940415,   95,    0,
474,19940416,    6,    0,
474,19940417,    0,    0,
474,19940418,    0,    0,
474,19940419,    0,    0,
474,19940420,    0,    0,
474,19940421,    0,    0,
474,19940422,    0,    0,
474,19940423,    0,    0,
474,19940424,    0,    0,
474,19940425,   10,    0,
474,19940426,   13,    0,
474,19940427,    2,    0,
474,19940428,    3,    0,
474,19940429,    0,    0,
474,19940430,    0,    0,
474,19940501,    0,    0,
474,19940502,    0,    0,
474,19940503,    0,    0,
474,19940504,    0,    0,
474,19940505,    0,    0,
474,19940506,   55,    0,
474,19940507,    6,    0,
474,19940508,    8,    0,
474,19940509,   16,    0,
474,19940510,    0,    0,
474,19940511,    0,    0,
474,19940512,    0,    0,
474,19940513,    0,    0,
474,19940514,    0,    0,
474,19940515,   10,    0,
474,19940516,   14,    0,
474,19940517,  132,    0,
474,19940518,   56,    0,
474,19940519,    0,    0,
474,19940520,    0,    0,
474,19940521,   67,    0,
474,19940522,   80,    0,
474,19940523,    0,    0,
474,19940524,    0,    0,
474,19940525,   26,    0,
474,19940526,   10,    0,
474,19940527,   10,    0,
474,19940528,    0,    0,
474,19940529,    0,    0,
474,19940530,    0,    0,
474,19940531,    0,    0,
474,19940601,    0,    0,
474,19940602,    7,    0,
474,19940603,   12,    0,
474,19940604,   85,    0,
474,19940605,   81,    0,
474,19940606,   11,    0,
474,19940607,   33,    0,
474,19940608,    0,    0,
474,19940609,   61,    0,
474,19940610,   29,    0,
474,19940611,   21,    0,
474,19940612,    0,    0,
474,19940613,    0,    0,
474,19940614,    0,    0,
474,19940615,    0,    0,
474,19940616,    0,    0,
474,19940617,   28,    0,
474,19940618,    0,    0,
474,19940619,    0,    0,
474,19940620,    0,    0,
474,19940621,    0,    0,
474,19940622,   12,    0,
474,19940623,    0,    0,
474,19940624,    0,    0,
474,19940625,    0,    0,
474,19940626,    0,    0,
474,19940627,    0,    0,
474,19940628,    0,    0,
474,19940629,    4,    0,
474,19940630,    0,    0,
474,19940701,    0,    0,
474,19940702,    0,    0,
474,19940703,    0,    0,
474,19940704,    0,    0,
474,19940705,   30,    0,
474,19940706,    0,    0,
474,19940707,   72,    0,
474,19940708,    0,    0,
474,19940709,    0,    0,
474,19940710,    0,    0,
474,19940711,    0,    0,
474,19940712,    0,    0,
474,19940713,    0,    0,
474,19940714,   88,    0,
474,19940715,    0,    0,
474,19940716,    0,    0,
474,19940717,    0,    0,
474,19940718,    0,    0,
474,19940719,    0,    0,
474,19940720,    0,    0,
474,19940721,    0,    0,
474,19940722,    0,    0,
474,19940723,    0,    0,
474,19940724,    0,    0,
474,19940725,    0,    0,
474,19940726,    0,    0,
474,19940727,    0,    0,
474,19940728,   44,    0,
474,19940729,    0,    0,
474,19940730,    0,    0,
474,19940731,    0,    0,
474,19940801,   44,    0,
474,19940802,   41,    0,
474,19940803,    0,    0,
474,19940804,    0,    0,
474,19940805,   58,    0,
474,19940806,    3,    0,
474,19940807,    0,    0,
474,19940808,    0,    0,
474,19940809,    0,    0,
474,19940810,    0,    0,
474,19940811,   87,    0,
474,19940812,    5,    0,
474,19940813,   33,    0,
474,19940814,    0,    0,
474,19940815,    0,    0,
474,19940816,    0,    0,
474,19940817,   15,    0,
474,19940818,  124,    0,
474,19940819,    2,    0,
474,19940820,    0,    0,
474,19940821,    0,    0,
474,19940822,    0,    0,
474,19940823,    2,    0,
474,19940824,    0,    0,
474,19940825,    0,    0,
474,19940826,    2,    0,
474,19940827,   20,    0,
474,19940828,   36,    0,
474,19940829,    0,    0,
474,19940830,   56,    0,
474,19940831,    0,    0,
474,19940901,   39,    0,
474,19940902,   31,    0,
474,19940903,   14,    0,
474,19940904,   31,    0,
474,19940905,   19,    0,
474,19940906,    0,    0,
474,19940907,    5,    0,
474,19940908,    2,    0,
474,19940909,   12,    0,
474,19940910,  109,    0,
474,19940911,   15,    0,
474,19940912,   90,    0,
474,19940913,    5,    0,
474,19940914,    0,    0,
474,19940915,  151,    0,
474,19940916,  241,    0,
474,19940917,   93,    0,
474,19940918,  260,    0,
474,19940919,   91,    0,
474,19940920,   64,    0,
474,19940921,   99,    0,
474,19940922,    2,    0,
474,19940923,    0,    0,
474,19940924,    0,    0,
474,19940925,   66,    0,
474,19940926,    0,    0,
474,19940927,   10,    0,
474,19940928,    2,    0,
474,19940929,    0,    0,
474,19940930,    0,    0,
474,19941001,    0,    0,
474,19941002,   46,    0,
474,19941003,  123,    0,
474,19941004,  186,    0,
474,19941005,   47,    0,
474,19941006,   10,    0,
474,19941007,    0,    0,
474,19941008,    0,    0,
474,19941009,    0,    0,
474,19941010,    0,    0,
474,19941011,    1,    0,
474,19941012,    0,    0,
474,19941013,    0,    0,
474,19941014,    0,    0,
474,19941015,    0,    0,
474,19941016,    0,    0,
474,19941017,    0,    0,
474,19941018,    0,    0,
474,19941019,    0,    0,
474,19941020,    0,    0,
474,19941021,    0,    0,
474,19941022,    1,    0,
474,19941023,   42,    0,
474,19941024,   44,    0,
474,19941025,   46,    0,
474,19941026,  130,    0,
474,19941027,  297,    0,
474,19941028,   66,    0,
474,19941029,    1,    0,
474,19941030,  142,    0,
474,19941031,  169,    0,
474,19941101,   62,    0,
474,19941102,    0,    0,
474,19941103,    0,    0,
474,19941104,    0,    0,
474,19941105,    0,    0,
474,19941106,    0,    0,
474,19941107,    0,    0,
474,19941108,    0,    0,
474,19941109,    0,    0,
474,19941110,   46,    0,
474,19941111,   19,    0,
474,19941112,    5,    0,
474,19941113,   49,    0,
474,19941114,   13,    0,
474,19941115,   65,    0,
474,19941116,    0,    0,
474,19941117,   40,    0,
474,19941118,   24,    0,
474,19941119,    1,    0,
474,19941120,    1,    0,
474,19941121,   11,    0,
474,19941122,    2,    0,
474,19941123,    0,    0,
474,19941124,    0,    0,
474,19941125,    0,    0,
474,19941126,    5,    0,
474,19941127,   20,    0,
474,19941128,    0,    0,
474,19941129,    0,    0,
474,19941130,    0,    0,
474,19941201,    0,    0,
474,19941202,    0,    0,
474,19941203,    0,    0,
474,19941204,   40,    0,
474,19941205,    7,    0,
474,19941206,   27,    0,
474,19941207,    6,    0,
474,19941208,   11,    0,
474,19941209,  157,    0,
474,19941210,    1,    0,
474,19941211,   20,    0,
474,19941212,    0,    0,
474,19941213,    0,    0,
474,19941214,   98,    0,
474,19941215,    6,    0,
474,19941216,    0,    0,
474,19941217,   22,    0,
474,19941218,    0,    0,
474,19941219,   85,    0,
474,19941220,   55,    0,
474,19941221,   49,    0,
474,19941222,    0,    0,
474,19941223,    0,    0,
474,19941224,    0,    0,
474,19941225,    0,    0,
474,19941226,   54,    0,
474,19941227,  171,    0,
474,19941228,  131,    0,
474,19941229,   65,    0,
474,19941230,   36,    0,
474,19941231,   33,    0,
474,19950101,   66,    0,
474,19950102,   44,    0,
474,19950103,   19,    0,
474,19950104,    0,    0,
474,19950105,    0,    0,
474,19950106,   47,    4,
474,19950107,    0,    4,
474,19950108,    4,    0,
474,19950109,   41,    0,
474,19950110,   82,    0,
474,19950111,   82,    0,
474,19950112,   11,    0,
474,19950113,   27,    0,
474,19950114,    3,    0,
474,19950115,   13,    0,
474,19950116,    6,    0,
474,19950117,    0,    0,
474,19950118,   61,    0,
474,19950119,    4,    0,
474,19950120,   38,    0,
474,19950121,    3,    0,
474,19950122,  160,    0,
474,19950123,  168,    0,
474,19950124,    3,    0,
474,19950125,   31,    0,
474,19950126,   80,    0,
474,19950127,  171,    0,
474,19950128,  124,    0,
474,19950129,   53,    0,
474,19950130,   57,    0,
474,19950131,    2,    0,
474,19950201,    5,    0,
474,19950202,  118,    0,
474,19950203,    0,    0,
474,19950204,    0,    0,
474,19950205,    0,    0,
474,19950206,   13,    0,
474,19950207,    0,    0,
474,19950208,  110,    0,
474,19950209,    7,    0,
474,19950210,    0,    0,
474,19950211,   53,    0,
474,19950212,   48,    0,
474,19950213,    0,    0,
474,19950214,   48,    0,
474,19950215,   94,    0,
474,19950216,    0,    0,
474,19950217,   16,    0,
474,19950218,    4,    0,
474,19950219,   40,    0,
474,19950220,  103,    0,
474,19950221,   27,    0,
474,19950222,   57,    0,
474,19950223,   17,    0,
474,19950224,   16,    0,
474,19950225,   21,    0,
474,19950226,   31,    0,
474,19950227,   11,    0,
474,19950228,   79,    0,
474,19950301,    0,    0,
474,19950302,   20,    0,
474,19950303,   39,    0,
474,19950304,  151,  997,
474,19950305,   51,    0,
474,19950306,   57,    0,
474,19950307,   16,    0,
474,19950308,   70,    0,
474,19950309,   39,    0,
474,19950310,    1,    0,
474,19950311,    0,    0,
474,19950312,    0,    0,
474,19950313,    0,    0,
474,19950314,    0,    0,
474,19950315,   70,    0,
474,19950316,   28,    0,
474,19950317,   56,    0,
474,19950318,   71,    0,
474,19950319,    0,    0,
474,19950320,    5,    0,
474,19950321,   15,    0,
474,19950322,    0,    0,
474,19950323,    0,    0,
474,19950324,    0,    0,
474,19950325,   10,    0,
474,19950326,   15,    0,
474,19950327,   41,    0,
474,19950328,   32,    0,
474,19950329,   72,    0,
474,19950330,    8,    0,
474,19950331,   45,    0,
474,19950401,    7,    0,
474,19950402,    0,    0,
474,19950403,    0,    0,
474,19950404,    0,    0,
474,19950405,    0,    0,
474,19950406,    0,    0,
474,19950407,    0,    0,
474,19950408,    0,    0,
474,19950409,    0,    0,
474,19950410,   52,    0,
474,19950411,    0,    0,
474,19950412,    0,    0,
474,19950413,    0,    0,
474,19950414,    0,    0,
474,19950415,    0,    0,
474,19950416,   30,    0,
474,19950417,   22,    0,
474,19950418,   54,    0,
474,19950419,   18,    0,
474,19950420,   39,    0,
474,19950421,    5,    0,
474,19950422,   61,    0,
474,19950423,    0,    0,
474,19950424,    0,    0,
474,19950425,    0,    0,
474,19950426,    0,    0,
474,19950427,    0,    0,
474,19950428,    0,    0,
474,19950429,    0,    0,
474,19950430,    1,    0,
474,19950501,    0,    0,
474,19950502,    0,    0,
474,19950503,    0,    0,
474,19950504,    0,    0,
474,19950505,    0,    0,
474,19950506,    0,    0,
474,19950507,    0,    0,
474,19950508,    0,    0,
474,19950509,    8,    0,
474,19950510,    0,    0,
474,19950511,    7,    0,
474,19950512,    0,    0,
474,19950513,    0,    0,
474,19950514,    6,    0,
474,19950515,    0,    0,
474,19950516,    0,    0,
474,19950517,   25,    0,
474,19950518,  130,    0,
474,19950519,    6,    0,
474,19950520,    2,    0,
474,19950521,    0,    0,
474,19950522,    0,    0,
474,19950523,    0,    0,
474,19950524,    0,    0,
474,19950525,   25,    0,
474,19950526,   24,    0,
474,19950527,    0,    0,
474,19950528,   40,    0,
474,19950529,   65,    0,
474,19950530,    0,    0,
474,19950531,    0,    0,
474,19950601,    0,    0,
474,19950602,    0,    0,
474,19950603,    0,    0,
474,19950604,   39,    0,
474,19950605,    0,    0,
474,19950606,    0,    0,
474,19950607,   53,    0,
474,19950608,   27,    0,
474,19950609,   29,    0,
474,19950610,  147,    0,
474,19950611,   68,    0,
474,19950612,   36,    0,
474,19950613,    0,    0,
474,19950614,    0,    0,
474,19950615,   21,    0,
474,19950616,   37,    0,
474,19950617,   22,    0,
474,19950618,   28,    0,
474,19950619,    0,    0,
474,19950620,    0,    0,
474,19950621,    0,    0,
474,19950622,    0,    0,
474,19950623,    0,    0,
474,19950624,    0,    0,
474,19950625,    0,    0,
474,19950626,    0,    0,
474,19950627,    0,    0,
474,19950628,    0,    0,
474,19950629,    0,    0,
474,19950630,    0,    0,
474,19950701,    0,    0,
474,19950702,    0,    0,
474,19950703,  195,    0,
474,19950704,    9,    0,
474,19950705,    0,    0,
474,19950706,    0,    0,
474,19950707,    0,    0,
474,19950708,    0,    0,
474,19950709,  389,    0,
474,19950710,    0,    0,
474,19950711,    0,    0,
474,19950712,    0,    0,
474,19950713,    0,    0,
474,19950714,  143,    0,
474,19950715,   20,    0,
474,19950716,    7,    0,
474,19950717,    0,    0,
474,19950718,   13,    0,
474,19950719,   71,    0,
474,19950720,    1,    0,
474,19950721,    0,    0,
474,19950722,    0,    0,
474,19950723,    0,    0,
474,19950724,    0,    0,
474,19950725,    0,    0,
474,19950726,    0,    0,
474,19950727,   26,    0,
474,19950728,  163,    0,
474,19950729,    0,    0,
474,19950730,    0,    0,
474,19950731,    0,    0,
474,19950801,    0,    0,
474,19950802,    0,    0,
474,19950803,    0,    0,
474,19950804,    0,    0,
474,19950805,    0,    0,
474,19950806,    0,    0,
474,19950807,    0,    0,
474,19950808,    0,    0,
474,19950809,    0,    0,
474,19950810,    0,    0,
474,19950811,    0,    0,
474,19950812,    0,    0,
474,19950813,    0,    0,
474,19950814,    0,    0,
474,19950815,    0,    0,
474,19950816,    0,    0,
474,19950817,    0,    0,
474,19950818,    0,    0,
474,19950819,    0,    0,
474,19950820,    0,    0,
474,19950821,    0,    0,
474,19950822,    0,    0,
474,19950823,   17,    0,
474,19950824,    0,    0,
474,19950825,    6,    0,
474,19950826,   29,    0,
474,19950827,    3,    0,
474,19950828,  132,    0,
474,19950829,   25,    0,
474,19950830,   32,    0,
474,19950831,   38,    0,
474,19950901,    0,    0,
474,19950902,    4,    0,
474,19950903,   55,    0,
474,19950904,    6,    0,
474,19950905,    6,    0,
474,19950906,   68,    0,
474,19950907,    8,    0,
474,19950908,   32,    0,
474,19950909,   45,    0,
474,19950910,    1,    0,
474,19950911,   83,    0,
474,19950912,    6,    0,
474,19950913,    0,    0,
474,19950914,    0,    0,
474,19950915,    0,    0,
474,19950916,    7,    0,
474,19950917,   14,    0,
474,19950918,    0,    0,
474,19950919,    0,    0,
474,19950920,    0,    0,
474,19950921,    4,    0,
474,19950922,   10,    0,
474,19950923,    3,    0,
474,19950924,    0,    0,
474,19950925,  213,    0,
474,19950926,   15,    0,
474,19950927,  267,    0,
474,19950928,   85,    0,
474,19950929,   24,    0,
474,19950930,   33,    0,
474,19951001,   10,    0,
474,19951002,   31,    0,
474,19951003,    0,    0,
474,19951004,   27,    0,
474,19951005,   44,    0,
474,19951006,    0,    0,
474,19951007,    0,    0,
474,19951008,    5,    0,
474,19951009,    0,    0,
474,19951010,    0,    0,
474,19951011,    0,    0,
474,19951012,    0,    0,
474,19951013,    0,    0,
474,19951014,    0,    0,
474,19951015,    0,    0,
474,19951016,    0,    0,
474,19951017,    0,    0,
474,19951018,    9,    0,
474,19951019,    0,    0,
474,19951020,    0,    0,
474,19951021,   11,    0,
474,19951022,    0,    0,
474,19951023,    0,    0,
474,19951024,    0,    0,
474,19951025,    0,    0,
474,19951026,    4,    0,
474,19951027,   29,    0,
474,19951028,   14,    0,
474,19951029,    0,    0,
474,19951030,    0,    0,
474,19951031,    0,    0,
474,19951101,   27,    0,
474,19951102,   64,    0,
474,19951103,    7,    0,
474,19951104,   13,    0,
474,19951105,    0,    0,
474,19951106,    0,    0,
474,19951107,    0,    0,
474,19951108,   12,    0,
474,19951109,    3,    0,
474,19951110,   11,    0,
474,19951111,    0,    0,
474,19951112,    0,    0,
474,19951113,    0,    0,
474,19951114,    3,    0,
474,19951115,    7,    0,
474,19951116,   23,    0,
474,19951117,   52,    0,
474,19951118,   94,    0,
474,19951119,   52,    0,
474,19951120,   28,    0,
474,19951121,    0,    0,
474,19951122,    0,    0,
474,19951123,    4,    0,
474,19951124,    0,    0,
474,19951125,    0,    0,
474,19951126,    0,    0,
474,19951127,    0,    0,
474,19951128,    0,    0,
474,19951129,    0,    0,
474,19951130,    0,    0,
474,19951201,    0,    0,
474,19951202,    0,    0,
474,19951203,    2,    0,
474,19951204,    1,    0,
474,19951205,    0,    0,
474,19951206,    0,    0,
474,19951207,    0,  997,
474,19951208,    0,    0,
474,19951209,    0,    0,
474,19951210,    0,    0,
474,19951211,    0,    0,
474,19951212,    6,    0,
474,19951213,    8,    0,
474,19951214,    5,    0,
474,19951215,    0,    0,
474,19951216,    0,    0,
474,19951217,    0,    0,
474,19951218,   11,    0,
474,19951219,   12,    0,
474,19951220,  121,    0,
474,19951221,    1,    0,
474,19951222,   49,  997,
474,19951223,  158,    0,
474,19951224,    5,    0,
474,19951225,   11,    4,
474,19951226,   34,    0,
474,19951227,   16,    0,
474,19951228,    0,    0,
474,19951229,    0,    0,
474,19951230,    0,    0,
474,19951231,    4,    0,
474,19960101,   12,    0,
474,19960102,    0,    0,
474,19960103,    0,    0,
474,19960104,    0,    0,
474,19960105,    0,    0,
474,19960106,    0,    0,
474,19960107,   21,    0,
474,19960108,   21,    0,
474,19960109,    2,    0,
474,19960110,    6,    0,
474,19960111,   15,    0,
474,19960112,    2,    0,
474,19960113,    0,    0,
474,19960114,    0,    0,
474,19960115,    0,    0,
474,19960116,    0,    0,
474,19960117,    0,    0,
474,19960118,    0,    0,
474,19960119,    2,    0,
474,19960120,    0,    0,
474,19960121,    0,    0,
474,19960122,    0,    0,
474,19960123,    0,    0,
474,19960124,    0,    0,
474,19960125,    0,    0,
474,19960126,    0,  997,
474,19960127,    0,  997,
474,19960128,    0,    0,
474,19960129,    0,    0,
474,19960130,    0,    0,
474,19960131,    0,    0,
474,19960201,    0,    0,
474,19960202,    0,    0,
474,19960203,   10,    0,
474,19960204,   16,    4,
474,19960205,    0,  997,
474,19960206,    0,    0,
474,19960207,    0,    0,
474,19960208,    0,    0,
474,19960209,    0,    0,
474,19960210,   41,    8,
474,19960211,   36,    0,
474,19960212,   72,    0,
474,19960213,  175,    0,
474,19960214,    1,    0,
474,19960215,    0,    0,
474,19960216,    2,    0,
474,19960217,    7,    0,
474,19960218,  127,    0,
474,19960219,   63,  997,
474,19960220,   13,    2,
474,19960221,    0,  997,
474,19960222,    0,  997,
474,19960223,    0,  997,
474,19960224,    0,    0,
474,19960225,   49,    0,
474,19960226,   25,    0,
474,19960227,    1,    0,
474,19960228,    3,    0,
474,19960229,    0,    0,
474,19960301,    6,    0,
474,19960302,    4,    0,
474,19960303,   37,    0,
474,19960304,    3,    0,
474,19960305,   30,    0,
474,19960306,    6,    0,
474,19960307,    4,    0,
474,19960308,    0,    0,
474,19960309,    0,    0,
474,19960310,    0,    0,
474,19960311,    0,    0,
474,19960312,    0,    0,
474,19960313,    0,    0,
474,19960314,    0,    0,
474,19960315,    0,    0,
474,19960316,    0,    0,
474,19960317,    0,    0,
474,19960318,    0,    0,
474,19960319,    0,    0,
474,19960320,    0,    0,
474,19960321,    0,    0,
474,19960322,   16,    0,
474,19960323,    5,    0,
474,19960324,    2,    0,
474,19960325,    0,    0,
474,19960326,    0,    0,
474,19960327,    0,    0,
474,19960328,    0,    0,
474,19960329,   30,    0,
474,19960330,   13,    0,
474,19960331,    3,    0,
474,19960401,    0,    0,
474,19960402,    0,    0,
474,19960403,    0,    0,
474,19960404,    0,    0,
474,19960405,    0,    0,
474,19960406,    0,    0,
474,19960407,    0,    0,
474,19960408,    0,    0,
474,19960409,    0,    0,
474,19960410,    0,    0,
474,19960411,   35,    0,
474,19960412,    6,    0,
474,19960413,    0,    0,
474,19960414,    0,    0,
474,19960415,    0,    0,
474,19960416,    0,    0,
474,19960417,    0,    0,
474,19960418,    0,    0,
474,19960419,    0,    0,
474,19960420,    0,    0,
474,19960421,    0,    0,
474,19960422,    0,    0,
474,19960423,    0,    0,
474,19960424,    0,    0,
474,19960425,    0,    0,
474,19960426,    0,    0,
474,19960427,    0,    0,
474,19960428,    0,    0,
474,19960429,    0,    0,
474,19960430,    0,    0,
474,19960501,    0,    0,
474,19960502,    6,    0,
474,19960503,    8,    0,
474,19960504,   26,    0,
474,19960505,    8,    0,
474,19960506,    0,    0,
474,19960507,    0,    0,
474,19960508,    0,    0,
474,19960509,    0,    0,
474,19960510,   32,    0,
474,19960511,    5,    0,
474,19960512,    0,    0,
474,19960513,    0,    0,
474,19960514,    0,    0,
474,19960515,    4,    0,
474,19960516,    0,    0,
474,19960517,  110,    0,
474,19960518,    1,    0,
474,19960519,    2,    0,
474,19960520,    0,    0,
474,19960521,    0,    0,
474,19960522,    4,    0,
474,19960523,   78,    0,
474,19960524,    6,    0,
474,19960525,   48,    0,
474,19960526,    6,    0,
474,19960527,   77,    0,
474,19960528,    4,    0,
474,19960529,    1,    0,
474,19960530,    0,    0,
474,19960531,    0,    0,
474,19960601,    0,    0,
474,19960602,    0,    0,
474,19960603,    0,    0,
474,19960604,    0,    0,
474,19960605,    0,    0,
474,19960606,    0,    0,
474,19960607,    0,    0,
474,19960608,    0,    0,
474,19960609,    0,    0,
474,19960610,    3,    0,
474,19960611,    6,    0,
474,19960612,    0,    0,
474,19960613,    0,    0,
474,19960614,    0,    0,
474,19960615,    0,    0,
474,19960616,    0,    0,
474,19960617,    0,    0,
474,19960618,    0,    0,
474,19960619,    0,    0,
474,19960620,    0,    0,
474,19960621,    0,    0,
474,19960622,   17,    0,
474,19960623,   10,    0,
474,19960624,    6,    0,
474,19960625,   22,    0,
474,19960626,    1,    0,
474,19960627,    4,    0,
474,19960628,    0,    0,
474,19960629,  210,    0,
474,19960630,   25,    0,
474,19960701,   15,    0,
474,19960702,   10,    0,
474,19960703,    0,    0,
474,19960704,   49,    0,
474,19960705,    0,    0,
474,19960706,   24,    0,
474,19960707,   61,    0,
474,19960708,    0,    0,
474,19960709,    0,    0,
474,19960710,   52,    0,
474,19960711,    1,    0,
474,19960712,    0,    0,
474,19960713,    0,    0,
474,19960714,    0,    0,
474,19960715,    0,    0,
474,19960716,    0,    0,
474,19960717,    0,    0,
474,19960718,    0,    0,
474,19960719,    0,    0,
474,19960720,    0,    0,
474,19960721,    0,    0,
474,19960722,    0,    0,
474,19960723,    9,    0,
474,19960724,   25,    0,
474,19960725,   79,    0,
474,19960726,    0,    0,
474,19960727,    0,    0,
474,19960728,   10,    0,
474,19960729,    0,    0,
474,19960730,    0,    0,
474,19960731,    0,    0,
474,19960801,    5,    0,
474,19960802,    0,    0,
474,19960803,    0,    0,
474,19960804,    0,    0,
474,19960805,    0,    0,
474,19960806,    0,    0,
474,19960807,  118,    0,
474,19960808,    1,    0,
474,19960809,    0,    0,
474,19960810,   46,    0,
474,19960811,   45,    0,
474,19960812,  124,    0,
474,19960813,  148,    0,
474,19960814,    0,    0,
474,19960815,    0,    0,
474,19960816,    0,    0,
474,19960817,    0,    0,
474,19960818,    0,    0,
474,19960819,    0,    0,
474,19960820,    0,    0,
474,19960821,   25,    0,
474,19960822,    6,    0,
474,19960823,    0,    0,
474,19960824,   32,    0,
474,19960825,   95,    0,
474,19960826,    5,    0,
474,19960827,   13,    0,
474,19960828,    0,    0,
474,19960829,  173,    0,
474,19960830,   50,    0,
474,19960831,   35,    0,
474,19960901,   22,    0,
474,19960902,    0,    0,
474,19960903,    0,    0,
474,19960904,    0,    0,
474,19960905,    0,    0,
474,19960906,    0,    0,
474,19960907,    0,    0,
474,19960908,    0,    0,
474,19960909,    0,    0,
474,19960910,    9,    0,
474,19960911,   22,    0,
474,19960912,   97,    0,
474,19960913,   91,    0,
474,19960914,    6,    0,
474,19960915,   34,    0,
474,19960916,    0,    0,
474,19960917,    0,    0,
474,19960918,    0,    0,
474,19960919,    0,    0,
474,19960920,    0,    0,
474,19960921,    0,    0,
474,19960922,    0,    0,
474,19960923,   33,    0,
474,19960924,   28,    0,
474,19960925,    0,    0,
474,19960926,    0,    0,
474,19960927,  132,    0,
474,19960928,    1,    0,
474,19960929,   31,    0,
474,19960930,   31,    0,
474,19961001,  110,    0,
474,19961002,    3,    0,
474,19961003,    0,    0,
474,19961004,   60,    0,
474,19961005,  193,    0,
474,19961006,  109,    0,
474,19961007,    1,    0,
474,19961008,    0,    0,
474,19961009,    1,    0,
474,19961010,   24,    0,
474,19961011,    0,    0,
474,19961012,    0,    0,
474,19961013,    0,    0,
474,19961014,    0,    0,
474,19961015,   17,    0,
474,19961016,    4,    0,
474,19961017,    0,    0,
474,19961018,    0,    0,
474,19961019,   30,    0,
474,19961020,   16,    0,
474,19961021,   98,    0,
474,19961022,    0,    0,
474,19961023,    0,    0,
474,19961024,    0,    0,
474,19961025,    0,    0,
474,19961026,   15,    0,
474,19961027,    0,    0,
474,19961028,   73,    0,
474,19961029,  104,    0,
474,19961030,   27,    0,
474,19961031,    0,    0,
474,19961101,  134,    0,
474,19961102,    1,    0,
474,19961103,   60,    0,
474,19961104,   22,    0,
474,19961105,   92,    0,
474,19961106,   72,    0,
474,19961107,   44,    0,
474,19961108,  160,    0,
474,19961109,    6,    0,
474,19961110,   15,    0,
474,19961111,  111,    0,
474,19961112,   77,    0,
474,19961113,   21,    0,
474,19961114,   48,    0,
474,19961115,    0,    0,
474,19961116,    0,    0,
474,19961117,    0,    0,
474,19961118,    3,    0,
474,19961119,   37,    0,
474,19961120,  137,    0,
474,19961121,   75,    0,
474,19961122,   35,    0,
474,19961123,  361,    0,
474,19961124,   13,    0,
474,19961125,   88,    0,
474,19961126,  139,    0,
474,19961127,   24,    0,
474,19961128,    1,    0,
474,19961129,   75,    0,
474,19961130,   65,    0,
474,19961201,   62,    0,
474,19961202,   14,    0,
474,19961203,    5,    0,
474,19961204,   87,    0,
474,19961205,    0,    0,
474,19961206,    0,    0,
474,19961207,    2,    0,
474,19961208,    0,    0,
474,19961209,    0,    0,
474,19961210,    0,    0,
474,19961211,    0,    0,
474,19961212,    1,    0,
474,19961213,    4,    0,
474,19961214,    3,    0,
474,19961215,    0,    0,
474,19961216,    0,    0,
474,19961217,    0,    0,
474,19961218,    0,    0,
474,19961219,  124,    0,
474,19961220,   96,    0,
474,19961221,    0,    0,
474,19961222,    0,    0,
474,19961223,    0,    0,
474,19961224,    0,    0,
474,19961225,    0,  997,
474,19961226,    0,    0,
474,19961227,    0,    0,
474,19961228,    0,    0,
474,19961229,    0,  997,
474,19961230,   56,  997,
474,19961231,    0,    0,
474,19970101,    0,    0,
474,19970102,    0,    0,
474,19970103,    0,    0,
474,19970104,    0,    0,
474,19970105,    0,    0,
474,19970106,    0,    0,
474,19970107,    0,    0,
474,19970108,    2,  997,
474,19970109,    0,    0,
474,19970110,    0,    0,
474,19970111,    0,    0,
474,19970112,    0,    0,
474,19970113,    3,    0,
474,19970114,    0,    0,
474,19970115,    0,    0,
474,19970116,    0,    0,
474,19970117,    0,    0,
474,19970118,    0,    0,
474,19970119,    2,    0,
474,19970120,   22,    0,
474,19970121,    3,    0,
474,19970122,    0,    0,
474,19970123,    1,    0,
474,19970124,   19,    0,
474,19970125,    2,    0,
474,19970126,    0,    0,
474,19970127,    0,    0,
474,19970128,    4,    0,
474,19970129,    0,    0,
474,19970130,    1,    0,
474,19970131,    0,    0,
474,19970201,    2,    0,
474,19970202,    0,    0,
474,19970203,    3,    0,
474,19970204,    0,    0,
474,19970205,  134,    0,
474,19970206,    2,    0,
474,19970207,    0,    0,
474,19970208,   33,    0,
474,19970209,    0,    0,
474,19970210,    2,    0,
474,19970211,   36,    0,
474,19970212,   61,    0,
474,19970213,  141,    0,
474,19970214,   40,    0,
474,19970215,    2,    0,
474,19970216,    1,    0,
474,19970217,    9,    0,
474,19970218,  133,    0,
474,19970219,    3,    0,
474,19970220,   22,    0,
474,19970221,    0,    0,
474,19970222,    2,    0,
474,19970223,    0,    0,
474,19970224,    5,    0,
474,19970225,   74,    0,
474,19970226,    0,    0,
474,19970227,   10,    0,
474,19970228,    0,    0,
474,19970301,    6,    0,
474,19970302,    0,    0,
474,19970303,    6,    0,
474,19970304,    0,    0,
474,19970305,    0,    0,
474,19970306,   32,    0,
474,19970307,    0,    0,
474,19970308,    0,    0,
474,19970309,    0,    0,
474,19970310,    0,    0,
474,19970311,    0,    0,
474,19970312,    0,    0,
474,19970313,    0,    0,
474,19970314,    4,    0,
474,19970315,   11,    0,
474,19970316,    1,    0,
474,19970317,    0,    0,
474,19970318,    0,    0,
474,19970319,  104,    0,
474,19970320,    7,    0,
474,19970321,    6,    0,
474,19970322,    0,    0,
474,19970323,    3,    0,
474,19970324,   48,    0,
474,19970325,   14,    0,
474,19970326,    0,    0,
474,19970327,    7,    0,
474,19970328,   15,    0,
474,19970329,    0,    0,
474,19970330,    0,    0,
474,19970331,    0,    0,
474,19970401,    0,    0,
474,19970402,    0,    0,
474,19970403,    0,    0,
474,19970404,    2,    0,
474,19970405,   27,    0,
474,19970406,    3,    0,
474,19970407,    2,    0,
474,19970408,    0,    0,
474,19970409,    0,    0,
474,19970410,    0,    0,
474,19970411,    0,    0,
474,19970412,    3,    0,
474,19970413,   10,    0,
474,19970414,    0,    0,
474,19970415,    0,    0,
474,19970416,    0,    0,
474,19970417,    1,    0,
474,19970418,    0,    0,
474,19970419,    0,    0,
474,19970420,    0,    0,
474,19970421,    0,    0,
474,19970422,    5,    0,
474,19970423,    0,    0,
474,19970424,    0,    0,
474,19970425,    0,    0,
474,19970426,   15,    0,
474,19970427,   13,    0,
474,19970428,    9,    0,
474,19970429,  126,    0,
474,19970430,    2,    0,
474,19970501,    0,    0,
474,19970502,    0,    0,
474,19970503,    0,    0,
474,19970504,    0,    0,
474,19970505,   33,    0,
474,19970506,  210,    0,
474,19970507,   10,    0,
474,19970508,    0,    0,
474,19970509,   65,    0,
474,19970510,    5,    0,
474,19970511,  120,    0,
474,19970512,   59,    0,
474,19970513,    6,    0,
474,19970514,   38,    0,
474,19970515,   16,    0,
474,19970516,    0,    0,
474,19970517,    0,    0,
474,19970518,   34,    0,
474,19970519,   19,    0,
474,19970520,    2,    0,
474,19970521,  147,    0,
474,19970522,   25,    0,
474,19970523,    2,    0,
474,19970524,    0,    0,
474,19970525,    0,    0,
474,19970526,    0,    0,
474,19970527,    0,    0,
474,19970528,    0,    0,
474,19970529,    0,    0,
474,19970530,    0,    0,
474,19970531,    0,    0,
474,19970601,    0,    0,
474,19970602,    0,    0,
474,19970603,    0,    0,
474,19970604,    0,    0,
474,19970605,    0,    0,
474,19970606,    0,    0,
474,19970607,    0,    0,
474,19970608,  169,    0,
474,19970609,    0,    0,
474,19970610,    0,    0,
474,19970611,    0,    0,
474,19970612,  116,    0,
474,19970613,   14,    0,
474,19970614,    0,    0,
474,19970615,    0,    0,
474,19970616,    0,    0,
474,19970617,    0,    0,
474,19970618,    0,    0,
474,19970619,    0,    0,
474,19970620,   87,    0,
474,19970621,   65,    0,
474,19970622,  105,    0,
474,19970623,   50,    0,
474,19970624,    7,    0,
474,19970625,    0,    0,
474,19970626,   21,    0,
474,19970627,   34,    0,
474,19970628,   67,    0,
474,19970629,    7,    0,
474,19970630,  278,    0,
474,19970701,    0,    0,
474,19970702,   22,    0,
474,19970703,   36,    0,
474,19970704,    3,    0,
474,19970705,    0,    0,
474,19970706,    7,    0,
474,19970707,   22,    0,
474,19970708,    0,    0,
474,19970709,    0,    0,
474,19970710,    0,    0,
474,19970711,    0,    0,
474,19970712,    0,    0,
474,19970713,    0,    0,
474,19970714,    0,    0,
474,19970715,   54,    0,
474,19970716,   20,    0,
474,19970717,    0,    0,
474,19970718,   26,    0,
474,19970719,    0,    0,
474,19970720,    5,    0,
474,19970721,    0,    0,
474,19970722,  112,    0,
474,19970723,    0,    0,
474,19970724,    0,    0,
474,19970725,   30,    0,
474,19970726,    7,    0,
474,19970727,   12,    0,
474,19970728,    0,    0,
474,19970729,    0,    0,
474,19970730,    0,    0,
474,19970731,    0,    0,
474,19970801,   32,    0,
474,19970802,   66,    0,
474,19970803,    0,    0,
474,19970804,    0,    0,
474,19970805,    0,    0,
474,19970806,    0,    0,
474,19970807,    0,    0,
474,19970808,    0,    0,
474,19970809,    0,    0,
474,19970810,    0,    0,
474,19970811,    0,    0,
474,19970812,    0,    0,
474,19970813,    0,    0,
474,19970814,    0,    0,
474,19970815,    0,    0,
474,19970816,    0,    0,
474,19970817,    0,    0,
474,19970818,    0,    0,
474,19970819,    0,    0,
474,19970820,    0,    0,
474,19970821,    0,    0,
474,19970822,   54,    0,
474,19970823,   14,    0,
474,19970824,    0,    0,
474,19970825,   60,    0,
474,19970826,   77,    0,
474,19970827,    0,    0,
474,19970828,  173,    0,
474,19970829,   76,    0,
474,19970830,   36,    0,
474,19970831,   19,    0,
474,19970901,    0,    0,
474,19970902,   83,    0,
474,19970903,    0,    0,
474,19970904,    8,    0,
474,19970905,    2,    0,
474,19970906,   22,    0,
474,19970907,  102,    0,
474,19970908,    0,    0,
474,19970909,    0,    0,
474,19970910,    0,    0,
474,19970911,    0,    0,
474,19970912,    5,    0,
474,19970913,   46,    0,
474,19970914,    3,    0,
474,19970915,    0,    0,
474,19970916,    0,    0,
474,19970917,    0,    0,
474,19970918,    0,    0,
474,19970919,    0,    0,
474,19970920,    0,    0,
474,19970921,    0,    0,
474,19970922,    0,    0,
474,19970923,    0,    0,
474,19970924,    0,    0,
474,19970925,    0,    0,
474,19970926,    0,    0,
474,19970927,    0,    0,
474,19970928,    0,    0,
474,19970929,    0,    0,
474,19970930,    3,    0,
474,19971001,   35,    0,
474,19971002,    0,    0,
474,19971003,    4,    0,
474,19971004,    0,    0,
474,19971005,    0,    0,
474,19971006,    0,    0,
474,19971007,   87,    0,
474,19971008,   35,    0,
474,19971009,  196,    0,
474,19971010,  129,    0,
474,19971011,    2,    0,
474,19971012,   62,    0,
474,19971013,   12,    0,
474,19971014,   71,    0,
474,19971015,  225,    0,
474,19971016,    1,    0,
474,19971017,    5,    0,
474,19971018,    0,    0,
474,19971019,    0,    0,
474,19971020,    0,    0,
474,19971021,    0,    0,
474,19971022,    0,    0,
474,19971023,    0,    0,
474,19971024,    4,    0,
474,19971025,    7,    0,
474,19971026,   26,    0,
474,19971027,   24,    0,
474,19971028,    0,    0,
474,19971029,    0,    0,
474,19971030,    0,    0,
474,19971031,    0,    0,
474,19971101,    0,    0,
474,19971102,    0,    0,
474,19971103,    0,    0,
474,19971104,    0,    0,
474,19971105,   21,    0,
474,19971106,   32,    0,
474,19971107,   89,    0,
474,19971108,   20,    0,
474,19971109,   16,    0,
474,19971110,    4,    0,
474,19971111,    2,    0,
474,19971112,    0,    0,
474,19971113,    3,    0,
474,19971114,    0,    0,
474,19971115,   12,    0,
474,19971116,    7,    0,
474,19971117,    0,    0,
474,19971118,    0,    0,
474,19971119,    0,    0,
474,19971120,   40,    0,
474,19971121,   29,    0,
474,19971122,    0,    0,
474,19971123,   16,    0,
474,19971124,    1,    0,
474,19971125,    0,    0,
474,19971126,    0,    0,
474,19971127,   74,    0,
474,19971128,   47,    0,
474,19971129,   67,    0,
474,19971130,    0,    0,
474,19971201,   17,    0,
474,19971202,   49,    0,
474,19971203,    1,    0,
474,19971204,    0,    0,
474,19971205,    0,    0,
474,19971206,    0,    0,
474,19971207,   34,    0,
474,19971208,    2,    0,
474,19971209,    0,    0,
474,19971210,  146,    0,
474,19971211,  122,    0,
474,19971212,   30,    0,
474,19971213,   12,    0,
474,19971214,    7,    0,
474,19971215,    0,    0,
474,19971216,    0,    0,
474,19971217,    0,    0,
474,19971218,    1,    0,
474,19971219,   23,    0,
474,19971220,    3,    0,
474,19971221,    1,    0,
474,19971222,    2,    0,
474,19971223,    2,    0,
474,19971224,   50,    0,
474,19971225,   46,    0,
474,19971226,   59,    0,
474,19971227,   46,    0,
474,19971228,   49,    0,
474,19971229,   67,    0,
474,19971230,    6,    0,
474,19971231,   27,    0,
474,19980101,   17,    0,
474,19980102,   62,    0,
474,19980103,   96,    0,
474,19980104,  121,    0,
474,19980105,   51,    0,
474,19980106,   81,    0,
474,19980107,  119,    0,
474,19980108,   55,    0,
474,19980109,   26,    0,
474,19980110,    0,    0,
474,19980111,    0,    0,
474,19980112,    0,    0,
474,19980113,    0,    0,
474,19980114,    0,    0,
474,19980115,   42,    0,
474,19980116,   17,    0,
474,19980117,   24,    0,
474,19980118,    4,    0,
474,19980119,  253,    0,
474,19980120,   74,    0,
474,19980121,    2,    0,
474,19980122,    0,    0,
474,19980123,    0,    0,
474,19980124,    0,    0,
474,19980125,    0,    0,
474,19980126,    0,    0,
474,19980127,    0,    0,
474,19980128,    0,    0,
474,19980129,    5,    0,
474,19980130,    2,    0,
474,19980131,    9,    0,
474,19980201,    0,    0,
474,19980202,    0,    0,
474,19980203,   22,  997,
474,19980204,    0,    0,
474,19980205,    2,    0,
474,19980206,    0,    0,
474,19980207,    2,    0,
474,19980208,   22,    0,
474,19980209,    0,    0,
474,19980210,    0,    0,
474,19980211,    0,    0,
474,19980212,    0,    0,
474,19980213,    0,    0,
474,19980214,    0,    0,
474,19980215,    0,    0,
474,19980216,    0,    0,
474,19980217,    1,    0,
474,19980218,    0,    0,
474,19980219,    0,    0,
474,19980220,    0,    0,
474,19980221,    0,    0,
474,19980222,   69,    0,
474,19980223,    4,    0,
474,19980224,    7,    0,
474,19980225,    0,    0,
474,19980226,    0,    0,
474,19980227,    0,    0,
474,19980228,   43,    0,
474,19980301,    6,    0,
474,19980302,    6,    0,
474,19980303,   89,    0,
474,19980304,  108,    0,
474,19980305,   89,    0,
474,19980306,  121,    0,
474,19980307,  387,    0,
474,19980308,   38,    0,
474,19980309,    1,    0,
474,19980310,    0,    0,
474,19980311,   91,    0,
474,19980312,   34,    0,
474,19980313,    6,    0,
474,19980314,    6,    0,
474,19980315,    0,    0,
474,19980316,    0,    0,
474,19980317,    0,    0,
474,19980318,    0,    0,
474,19980319,    0,    0,
474,19980320,    2,    0,
474,19980321,    8,    0,
474,19980322,    0,    0,
474,19980323,    3,    0,
474,19980324,    0,    0,
474,19980325,    0,    0,
474,19980326,    0,    0,
474,19980327,   82,    0,
474,19980328,    0,    0,
474,19980329,    0,    0,
474,19980330,    0,    0,
474,19980331,    0,    0,
474,19980401,    1,    0,
474,19980402,    6,    0,
474,19980403,   46,    0,
474,19980404,   54,    0,
474,19980405,   53,    0,
474,19980406,   25,    0,
474,19980407,   37,    0,
474,19980408,   46,    0,
474,19980409,    9,    0,
474,19980410,  161,    0,
474,19980411,   24,    0,
474,19980412,   12,    0,
474,19980413,   66,    0,
474,19980414,  146,    1,
474,19980415,  134,    0,
474,19980416,   60,    0,
474,19980417,    6,    0,
474,19980418,   14,    0,
474,19980419,    2,    0,
474,19980420,   42,    0,
474,19980421,    0,    0,
474,19980422,    0,    0,
474,19980423,    0,    0,
474,19980424,   35,    0,
474,19980425,    8,    0,
474,19980426,   94,    0,
474,19980427,    0,    0,
474,19980428,   26,    0,
474,19980429,   45,    0,
474,19980430,    0,    0,
474,19980501,    0,    0,
474,19980502,   51,    0,
474,19980503,   46,    0,
474,19980504,    0,    0,
474,19980505,    1,    0,
474,19980506,   23,    0,
474,19980507,    0,    0,
474,19980508,    0,    0,
474,19980509,    0,    0,
474,19980510,    0,    0,
474,19980511,    0,    0,
474,19980512,    0,    0,
474,19980513,    0,    0,
474,19980514,    0,    0,
474,19980515,    0,    0,
474,19980516,    0,    0,
474,19980517,    0,    0,
474,19980518,    0,    0,
474,19980519,    0,    0,
474,19980520,    0,    0,
474,19980521,    0,    0,
474,19980522,    0,    0,
474,19980523,    0,    0,
474,19980524,   28,    0,
474,19980525,   16,    0,
474,19980526,   64,    0,
474,19980527,    5,    0,
474,19980528,    3,    0,
474,19980529,   70,    0,
474,19980530,    1,    0,
474,19980531,    0,    0,
474,19980601,    0,    0,
474,19980602,    6,    0,
474,19980603,   81,    0,
474,19980604,    5,    0,
474,19980605,    0,    0,
474,19980606,  133,    0,
474,19980607,  119,    0,
474,19980608,    0,    0,
474,19980609,   11,    0,
474,19980610,  159,    0,
474,19980611,   59,    0,
474,19980612,  280,    0,
474,19980613,    1,    0,
474,19980614,   13,    0,
474,19980615,   48,    0,
474,19980616,   46,    0,
474,19980617,    2,    0,
474,19980618,   31,    0,
474,19980619,   53,    0,
474,19980620,    0,    0,
474,19980621,    0,    0,
474,19980622,    8,    0,
474,19980623,    0,    0,
474,19980624,   29,    0,
474,19980625,   83,    0,
474,19980626,   42,    0,
474,19980627,    0,    0,
474,19980628,  148,    0,
474,19980629,    0,    0,
474,19980630,   47,    0,
474,19980701,    5,    0,
474,19980702,    0,    0,
474,19980703,    0,    0,
474,19980704,    0,    0,
474,19980705,    0,    0,
474,19980706,    1,    0,
474,19980707,   26,    0,
474,19980708,   17,    0,
474,19980709,    2,    0,
474,19980710,    0,    0,
474,19980711,    0,    0,
474,19980712,   37,    0,
474,19980713,   71,    0,
474,19980714,    5,    0,
474,19980715,   33,    0,
474,19980716,   25,    0,
474,19980717,   65,    0,
474,19980718,    5,    0,
474,19980719,    0,    0,
474,19980720,    0,    0,
474,19980721,    5,    0,
474,19980722,    0,    0,
474,19980723,    0,    0,
474,19980724,   18,    0,
474,19980725,    0,    0,
474,19980726,    0,    0,
474,19980727,    0,    0,
474,19980728,    2,    0,
474,19980729,    3,    0,
474,19980730,   60,    0,
474,19980731,  134,    0,
474,19980801,    1,    0,
474,19980802,   98,    0,
474,19980803,    0,    0,
474,19980804,   58,    0,
474,19980805,    0,    0,
474,19980806,    0,    0,
474,19980807,    0,    0,
474,19980808,    0,    0,
474,19980809,    0,    0,
474,19980810,    0,    0,
474,19980811,    0,    0,
474,19980812,    0,    0,
474,19980813,    0,    0,
474,19980814,    0,    0,
474,19980815,    0,    0,
474,19980816,    0,    0,
474,19980817,    0,    0,
474,19980818,    1,    0,
474,19980819,    0,    0,
474,19980820,    0,    0,
474,19980821,  214,    0,
474,19980822,   19,    0,
474,19980823,   27,    0,
474,19980824,  219,    0,
474,19980825,    4,    0,
474,19980826,    4,    0,
474,19980827,   82,    0,
474,19980828,   24,    0,
474,19980829,    0,    0,
474,19980830,   57,    0,
474,19980831,    0,    0,
474,19980901,    0,    0,
474,19980902,   61,    0,
474,19980903,  161,    0,
474,19980904,  297,    0,
474,19980905,   65,    0,
474,19980906,   96,    0,
474,19980907,   17,    0,
474,19980908,    5,    0,
474,19980909,   65,    0,
474,19980910,  130,    0,
474,19980911,   22,    0,
474,19980912,   55,    0,
474,19980913,  103,    0,
474,19980914,  426,    0,
474,19980915,  203,    0,
474,19980916,   25,    0,
474,19980917,   29,    0,
474,19980918,    5,    0,
474,19980919,   45,    0,
474,19980920,    0,    0,
474,19980921,    2,    0,
474,19980922,    0,    0,
474,19980923,    0,    0,
474,19980924,    0,    0,
474,19980925,    4,    0,
474,19980926,    0,    0,
474,19980927,   22,    0,
474,19980928,    3,    0,
474,19980929,    0,    0,
474,19980930,   11,    0,
474,19981001,   21,    0,
474,19981002,    0,    0,
474,19981003,    0,    0,
474,19981004,    9,    0,
474,19981005,    0,    0,
474,19981006,   21,    0,
474,19981007,   44,    0,
474,19981008,  145,    0,
474,19981009,   28,    0,
474,19981010,  131,    0,
474,19981011,   66,    0,
474,19981012,   33,    0,
474,19981013,    9,    0,
474,19981014,   30,    0,
474,19981015,    7,    0,
474,19981016,    0,    0,
474,19981017,    0,    0,
474,19981018,  124,    0,
474,19981019,    6,    0,
474,19981020,    9,    0,
474,19981021,   17,    0,
474,19981022,   19,    0,
474,19981023,   20,    0,
474,19981024,   26,    0,
474,19981025,  399,    0,
474,19981026,    0,    0,
474,19981027,   85,    0,
474,19981028,  104,    0,
474,19981029,    3,    0,
474,19981030,   27,    0,
474,19981031,   23,    0,
474,19981101,  207,    0,
474,19981102,   25,    0,
474,19981103,  128,    0,
474,19981104,  129,    0,
474,19981105,   75,    0,
474,19981106,   23,    0,
474,19981107,    7,    0,
474,19981108,    0,    0,
474,19981109,  179,    0,
474,19981110,    2,    0,
474,19981111,   79,    0,
474,19981112,    2,    0,
474,19981113,   37,    0,
474,19981114,   75,    0,
474,19981115,   14,    0,
474,19981116,   44,    0,
474,19981117,    0,    0,
474,19981118,   18,    0,
474,19981119,   35,    0,
474,19981120,    0,    0,
474,19981121,    0,    0,
474,19981122,    0,    0,
474,19981123,    0,    0,
474,19981124,    0,    0,
474,19981125,    0,    0,
474,19981126,    4,    0,
474,19981127,   54,    0,
474,19981128,    1,    0,
474,19981129,   49,    0,
474,19981130,   34,    0,
474,19981201,    0,    0,
474,19981202,    0,    0,
474,19981203,    0,    0,
474,19981204,   24,    0,
474,19981205,   25,    0,
474,19981206,   18,    0,
474,19981207,   25,    0,
474,19981208,    2,    0,
474,19981209,   94,    0,
474,19981210,   42,    0,
474,19981211,   24,    0,
474,19981212,   13,    0,
474,19981213,  155,    0,
474,19981214,   44,    0,
474,19981215,   24,    0,
474,19981216,  115,    0,
474,19981217,    0,    0,
474,19981218,   14,    0,
474,19981219,   21,    0,
474,19981220,   31,    0,
474,19981221,   26,    0,
474,19981222,    9,    0,
474,19981223,    5,    0,
474,19981224,   76,    0,
474,19981225,   12,    0,
474,19981226,   74,    0,
474,19981227,   60,    0,
474,19981228,   56,    0,
474,19981229,    8,    0,
474,19981230,    0,    0,
474,19981231,    0,    0,
474,19990101,    0,    0,
474,19990102,    0,    0,
474,19990103,   95,    0,
474,19990104,  121,    0,
474,19990105,   22,    0,
474,19990106,    0,    0,
474,19990107,   10,    0,
474,19990108,   35,    0,
474,19990109,   52,    0,
474,19990110,    0,    0,
474,19990111,    0,    0,
474,19990112,    9,    2,
474,19990113,  131,    0,
474,19990114,   17,    0,
474,19990115,   18,    0,
474,19990116,   50,    0,
474,19990117,   37,    0,
474,19990118,    0,    0,
474,19990119,   19,    0,
474,19990120,   25,    0,
474,19990121,   21,    0,
474,19990122,    2,    0,
474,19990123,    0,    0,
474,19990124,   27,    0,
474,19990125,    5,    0,
474,19990126,   19,    0,
474,19990127,  147,    0,
474,19990128,   47,    0,
474,19990129,    3,    0,
474,19990130,    0,    0,
474,19990131,    0,    0,
474,19990201,    0,    0,
474,19990202,    2,    0,
474,19990203,    0,    0,
474,19990204,    0,    0,
474,19990205,   11,    0,
474,19990206,    8,    0,
474,19990207,   56,    0,
474,19990208,   24,    2,
474,19990209,   43,    2,
474,19990210,   33,    2,
474,19990211,    4,    1,
474,19990212,    0,    0,
474,19990213,    0,    0,
474,19990214,    0,    0,
474,19990215,   14,    0,
474,19990216,   13,    0,
474,19990217,   47,    1,
474,19990218,    6,    0,
474,19990219,   27,    0,
474,19990220,   13,    0,
474,19990221,    0,    0,
474,19990222,   54,    0,
474,19990223,  112,  997,
474,19990224,   36,    0,
474,19990225,    3,    0,
474,19990226,   19,    0,
474,19990227,   25,    0,
474,19990228,   10,    0,
474,19990301,   59,    0,
474,19990302,  158,    0,
474,19990303,  126,    0,
474,19990304,    4,    0,
474,19990305,   52,    0,
474,19990306,    7,    0,
474,19990307,   26,    0,
474,19990308,   90,    0,
474,19990309,   12,    0,
474,19990310,    4,    0,
474,19990311,   13,    0,
474,19990312,    0,    0,
474,19990313,    0,    0,
474,19990314,    1,    0,
474,19990315,    0,    0,
474,19990316,    0,    0,
474,19990317,   18,    0,
474,19990318,    0,    0,
474,19990319,   51,    0,
474,19990320,    0,    0,
474,19990321,    0,    0,
474,19990322,  137,    0,
474,19990323,   56,    0,
474,19990324,   13,    0,
474,19990325,    0,    0,
474,19990326,   12,    0,
474,19990327,   63,    0,
474,19990328,    0,    0,
474,19990329,    0,    0,
474,19990330,    1,    0,
474,19990331,   49,    0,
474,19990401,    0,    0,
474,19990402,    0,    0,
474,19990403,    3,    0,
474,19990404,  124,    0,
474,19990405,    2,    0,
474,19990406,    0,    0,
474,19990407,   44,    0,
474,19990408,    0,    0,
474,19990409,    0,    0,
474,19990410,    0,    0,
474,19990411,   14,    0,
474,19990412,   94,    0,
474,19990413,   11,    0,
474,19990414,   98,    0,
474,19990415,    6,    0,
474,19990416,    0,    0,
474,19990417,    0,    0,
474,19990418,   61,    0,
474,19990419,   51,    0,
474,19990420,   13,    0,
474,19990421,   63,    0,
474,19990422,   38,    0,
474,19990423,    0,    0,
474,19990424,    0,    0,
474,19990425,   19,    0,
474,19990426,    0,    0,
474,19990427,    0,    0,
474,19990428,    0,    0,
474,19990429,    0,    0,
474,19990430,    0,    0,
474,19990501,    0,    0,
474,19990502,    0,    0,
474,19990503,    0,    0,
474,19990504,    0,    0,
474,19990505,    0,    0,
474,19990506,  105,    0,
474,19990507,   46,    0,
474,19990508,   23,    0,
474,19990509,    0,    0,
474,19990510,   25,    0,
474,19990511,   12,    0,
474,19990512,    0,    0,
474,19990513,    0,    0,
474,19990514,    0,    0,
474,19990515,    0,    0,
474,19990516,    0,    0,
474,19990517,    0,    0,
474,19990518,    0,    0,
474,19990519,    0,    0,
474,19990520,   24,    0,
474,19990521,    0,    0,
474,19990522,   24,    0,
474,19990523,    0,    0,
474,19990524,    0,    0,
474,19990525,    0,    0,
474,19990526,    0,    0,
474,19990527,    0,    0,
474,19990528,    0,    0,
474,19990529,    0,    0,
474,19990530,   18,    0,
474,19990531,  107,    0,
474,19990601,    0,    0,
474,19990602,    0,    0,
474,19990603,   47,    0,
474,19990604,   57,    0,
474,19990605,   82,    0,
474,19990606,   83,    0,
474,19990607,   11,    0,
474,19990608,  144,    0,
474,19990609,   17,    0,
474,19990610,    0,    0,
474,19990611,   41,    0,
474,19990612,    0,    0,
474,19990613,    0,    0,
474,19990614,    0,    0,
474,19990615,    0,    0,
474,19990616,    0,    0,
474,19990617,    0,    0,
474,19990618,    0,    0,
474,19990619,    0,    0,
474,19990620,   13,    0,
474,19990621,   31,    0,
474,19990622,    7,    0,
474,19990623,    0,    0,
474,19990624,   21,    0,
474,19990625,    0,    0,
474,19990626,    0,    0,
474,19990627,   72,    0,
474,19990628,   48,    0,
474,19990629,   78,    0,
474,19990630,  104,    0,
474,19990701,    4,    0,
474,19990702,    3,    0,
474,19990703,    0,    0,
474,19990704,   20,    0,
474,19990705,  190,    0,
474,19990706,   54,    0,
474,19990707,    2,    0,
474,19990708,    4,    0,
474,19990709,    0,    0,
474,19990710,    0,    0,
474,19990711,    0,    0,
474,19990712,    0,    0,
474,19990713,    0,    0,
474,19990714,    6,    0,
474,19990715,    0,    0,
474,19990716,    0,    0,
474,19990717,    0,    0,
474,19990718,    0,    0,
474,19990719,   15,    0,
474,19990720,    1,    0,
474,19990721,    6,    0,
474,19990722,   11,    0,
474,19990723,   65,    0,
474,19990724,    0,    0,
474,19990725,    0,    0,
474,19990726,    0,    0,
474,19990727,    0,    0,
474,19990728,    0,    0,
474,19990729,    0,    0,
474,19990730,    0,    0,
474,19990731,    0,    0,
474,19990801,    0,    0,
474,19990802,    0,    0,
474,19990803,    0,    0,
474,19990804,    0,    0,
474,19990805,   66,    0,
474,19990806,    0,    0,
474,19990807,   26,    0,
474,19990808,  139,    0,
474,19990809,   16,    0,
474,19990810,   78,    0,
474,19990811,   24,    0,
474,19990812,    1,    0,
474,19990813,    0,    0,
474,19990814,   46,    0,
474,19990815,   89,    0,
474,19990816,   17,    0,
474,19990817,   70,    0,
474,19990818,  147,    0,
474,19990819,  345,    0,
474,19990820,   71,    0,
474,19990821,   11,    0,
474,19990822,    0,    0,
474,19990823,    0,    0,
474,19990824,    0,    0,
474,19990825,    0,    0,
474,19990826,   18,    0,
474,19990827,    0,    0,
474,19990828,    0,    0,
474,19990829,    0,    0,
474,19990830,    0,    0,
474,19990831,    0,    0,
474,19990901,    1,    0,
474,19990902,    0,    0,
474,19990903,    0,    0,
474,19990904,    0,    0,
474,19990905,    0,    0,
474,19990906,    0,    0,
474,19990907,    0,    0,
474,19990908,    0,    0,
474,19990909,    0,    0,
474,19990910,    0,    0,
474,19990911,    0,    0,
474,19990912,    0,    0,
474,19990913,    4,    0,
474,19990914,    0,    0,
474,19990915,    7,    0,
474,19990916,  120,    0,
474,19990917,    0,    0,
474,19990918,    8,    0,
474,19990919,    0,    0,
474,19990920,   10,    0,
474,19990921,    1,    0,
474,19990922,   37,    0,
474,19990923,   82,    0,
474,19990924,    0,    0,
474,19990925,  102,    0,
474,19990926,   14,    0,
474,19990927,  198,    0,
474,19990928,   71,    0,
474,19990929,   90,    0,
474,19990930,  165,    0,
474,19991001,   61,    0,
474,19991002,   33,    0,
474,19991003,   84,    0,
474,19991004,  441,    0,
474,19991005,  122,    0,
474,19991006,  103,    0,
474,19991007,    0,    0,
474,19991008,  192,    0,
474,19991009,   58,    0,
474,19991010,    4,    0,
474,19991011,    5,    0,
474,19991012,    0,    0,
474,19991013,    0,    0,
474,19991014,    0,    0,
474,19991015,    0,    0,
474,19991016,    0,    0,
474,19991017,    0,    0,
474,19991018,    0,    0,
474,19991019,    0,    0,
474,19991020,    0,    0,
474,19991021,    0,    0,
474,19991022,   44,    0,
474,19991023,  128,    0,
474,19991024,    9,    0,
474,19991025,    8,    0,
474,19991026,    4,    0,
474,19991027,    0,    0,
474,19991028,    0,    0,
474,19991029,    9,    0,
474,19991030,    0,    0,
474,19991031,   31,    0,
474,19991101,    0,    0,
474,19991102,   16,    0,
474,19991103,    0,    0,
474,19991104,    0,    0,
474,19991105,    0,    0,
474,19991106,  101,    0,
474,19991107,  162,    0,
474,19991108,   11,    0,
474,19991109,   19,    0,
474,19991110,   42,    0,
474,19991111,    0,    0,
474,19991112,    0,    0,
474,19991113,    0,    0,
474,19991114,   15,    0,
474,19991115,    0,    0,
474,19991116,    0,    0,
474,19991117,  191,    0,
474,19991118,   82,    0,
474,19991119,  114,    0,
474,19991120,    3,    0,
474,19991121,    0,    0,
474,19991122,    0,    0,
474,19991123,   35,    0,
474,19991124,    0,    0,
474,19991125,    0,    0,
474,19991126,   48,    0,
474,19991127,   21,    0,
474,19991128,   11,    0,
474,19991129,    0,    0,
474,19991130,   11,    0,
474,19991201,   11,    0,
474,19991202,    0,    0,
474,19991203,    2,    0,
474,19991204,   38,    0,
474,19991205,   28,    0,
474,19991206,   10,    0,
474,19991207,   54,    0,
474,19991208,    2,    0,
474,19991209,   18,    0,
474,19991210,   47,    0,
474,19991211,   16,    0,
474,19991212,  154,    0,
474,19991213,   87,    0,
474,19991214,  148,    0,
474,19991215,  154,    2,
474,19991216,   12,    2,
474,19991217,   47,    0,
474,19991218,  139,    0,
474,19991219,   29,    0,
474,19991220,   20,    0,
474,19991221,    2,    0,
474,19991222,    0,    0,
474,19991223,   67,    0,
474,19991224,   26,    0,
474,19991225,  182,    0,
474,19991226,  128,    0,
474,19991227,  195,    0,
474,19991228,    1,    0,
474,19991229,   18,    0,
474,19991230,   16,    0,
474,19991231,   32,    0,
474,20000101,   16,    0,
474,20000102,    1,    0,
474,20000103,    0,    0,
474,20000104,  123,    0,
474,20000105,   48,    0,
474,20000106,    0,    0,
474,20000107,   21,    0,
474,20000108,    8,    0,
474,20000109,    9,    0,
474,20000110,    0,    0,
474,20000111,    0,    0,
474,20000112,    0,    0,
474,20000113,    0,    0,
474,20000114,    1,    0,
474,20000115,    0,    0,
474,20000116,    0,    0,
474,20000117,    0,    0,
474,20000118,    6,    0,
474,20000119,    1,    0,
474,20000120,    0,    0,
474,20000121,    6,    0,
474,20000122,   28,    0,
474,20000123,   15,    0,
474,20000124,    0,    0,
474,20000125,    2,    0,
474,20000126,    0,    0,
474,20000127,    0,    0,
474,20000128,    0,    0,
474,20000129,  102,    0,
474,20000130,    0,    0,
474,20000131,    1,    0,
474,20000201,    2,    0,
474,20000202,  111,    0,
474,20000203,    0,    0,
474,20000204,    1,    0,
474,20000205,    4,    0,
474,20000206,    0,    0,
474,20000207,   40,    0,
474,20000208,   43,    0,
474,20000209,   80,    0,
474,20000210,    0,    0,
474,20000211,  120,    0,
474,20000212,    0,    0,
474,20000213,   34,    0,
474,20000214,    0,    0,
474,20000215,   32,    0,
474,20000216,   65,    0,
474,20000217,   43,    0,
474,20000218,   46,    0,
474,20000219,   14,    0,
474,20000220,    5,    0,
474,20000221,    0,    0,
474,20000222,   11,    0,
474,20000223,    0,    0,
474,20000224,   79,    0,
474,20000225,  171,    0,
474,20000226,    0,    0,
474,20000227,    0,    0,
474,20000228,   14,    0,
474,20000229,   23,    0,
474,20000301,  104,    0,
474,20000302,    4,    0,
474,20000303,  212,    0,
474,20000304,   25,    0,
474,20000305,   67,  997,
474,20000306,    4,    0,
474,20000307,    0,    0,
474,20000308,   82,    0,
474,20000309,   44,    0,
474,20000310,    0,    0,
474,20000311,   21,    0,
474,20000312,    0,    0,
474,20000313,    0,    0,
474,20000314,    1,    0,
474,20000315,    8,    0,
474,20000316,    2,    0,
474,20000317,    1,    0,
474,20000318,    0,    0,
474,20000319,   18,    0,
474,20000320,    0,    0,
474,20000321,    0,    0,
474,20000322,    0,    0,
474,20000323,    0,    0,
474,20000324,    0,    0,
474,20000325,   54,    0,
474,20000326,   11,    0,
474,20000327,    6,    0,
474,20000328,   15,    0,
474,20000329,    0,    0,
474,20000330,    0,    0,
474,20000331,    0,    0,
474,20000401,    1,    0,
474,20000402,    8,    0,
474,20000403,    0,    0,
474,20000404,    9,    0,
474,20000405,   10,    0,
474,20000406,    0,    0,
474,20000407,    0,    0,
474,20000408,    0,    0,
474,20000409,    0,    0,
474,20000410,    0,    0,
474,20000411,    0,    0,
474,20000412,   48,    0,
474,20000413,   49,    0,
474,20000414,   47,    0,
474,20000415,   48,    0,
474,20000416,   69,    0,
474,20000417,   18,    0,
474,20000418,   42,    0,
474,20000419,    0,    0,
474,20000420,    0,    0,
474,20000421,   24,    0,
474,20000422,   15,    0,
474,20000423,   60,    0,
474,20000424,   16,    0,
474,20000425,    0,    0,
474,20000426,    0,    0,
474,20000427,    9,    0,
474,20000428,    0,    0,
474,20000429,    0,    0,
474,20000430,   26,    0,
474,20000501,    2,    0,
474,20000502,    0,    0,
474,20000503,    1,    0,
474,20000504,    0,    0,
474,20000505,    0,    0,
474,20000506,    0,    0,
474,20000507,    0,    0,
474,20000508,    0,    0,
474,20000509,   17,    0,
474,20000510,    0,    0,
474,20000511,    0,    0,
474,20000512,    0,    0,
474,20000513,    0,    0,
474,20000514,    0,    0,
474,20000515,    0,    0,
474,20000516,    0,    0,
474,20000517,   26,    0,
474,20000518,   47,    0,
474,20000519,    2,    0,
474,20000520,   16,    0,
474,20000521,   40,    0,
474,20000522,   90,    0,
474,20000523,    0,    0,
474,20000524,  118,    0,
474,20000525,  115,    0,
474,20000526,    0,    0,
474,20000527,  118,    0,
474,20000528,   94,    0,
474,20000529,  244,    0,
474,20000530,   11,    0,
474,20000531,   82,    0,
474,20000601,   16,    0,
474,20000602,    0,    0,
474,20000603,    0,    0,
474,20000604,   46,    0,
474,20000605,    0,    0,
474,20000606,   30,    0,
474,20000607,   55,    0,
474,20000608,    0,    0,
474,20000609,    0,    0,
474,20000610,    2,    0,
474,20000611,    0,    0,
474,20000612,    0,    0,
474,20000613,    0,    0,
474,20000614,    0,    0,
474,20000615,   63,    0,
474,20000616,    0,    0,
474,20000617,    0,    0,
474,20000618,    0,    0,
474,20000619,    0,    0,
474,20000620,    0,    0,
474,20000621,    0,    0,
474,20000622,    7,    0,
474,20000623,   32,    0,
474,20000624,   46,    0,
474,20000625,   29,    0,
474,20000626,    3,    0,
474,20000627,    0,    0,
474,20000628,    0,    0,
474,20000629,    0,    0,
474,20000630,    0,    0,
474,20000701,    0,    0,
474,20000702,   16,    0,
474,20000703,    0,    0,
474,20000704,    0,    0,
474,20000705,   21,    0,
474,20000706,   35,    0,
474,20000707,    0,    0,
474,20000708,    0,    0,
474,20000709,   41,    0,
474,20000710,  219,    0,
474,20000711,   46,    0,
474,20000712,   18,    0,
474,20000713,   24,    0,
474,20000714,   80,    0,
474,20000715,  109,    0,
474,20000716,   19,    0,
474,20000717,    8,    0,
474,20000718,    1,    0,
474,20000719,    2,    0,
474,20000720,    0,    0,
474,20000721,    0,    0,
474,20000722,    0,    0,
474,20000723,    0,    0,
474,20000724,    0,    0,
474,20000725,    0,    0,
474,20000726,    0,    0,
474,20000727,    0,    0,
474,20000728,   23,    0,
474,20000729,    0,    0,
474,20000730,    0,    0,
474,20000731,    0,    0,
474,20000801,    0,    0,
474,20000802,    0,    0,
474,20000803,   19,    0,
474,20000804,    0,    0,
474,20000805,    0,    0,
474,20000806,    0,    0,
474,20000807,    0,    0,
474,20000808,    8,    0,
474,20000809,    0,    0,
474,20000810,    0,    0,
474,20000811,    3,    0,
474,20000812,    0,    0,
474,20000813,    0,    0,
474,20000814,   52,    0,
474,20000815,    0,    0,
474,20000816,    2,    0,
474,20000817,    0,    0,
474,20000818,    0,    0,
474,20000819,    1,    0,
474,20000820,    3,    0,
474,20000821,  103,    0,
474,20000822,    0,    0,
474,20000823,    0,    0,
474,20000824,    0,    0,
474,20000825,    0,    0,
474,20000826,    0,    0,
474,20000827,   10,    0,
474,20000828,    6,    0,
474,20000829,  109,    0,
474,20000830,    0,    0,
474,20000831,    0,    0,
474,20000901,   50,    0,
474,20000902,  221,    0,
474,20000903,   43,    0,
474,20000904,   54,    0,
474,20000905,    2,    0,
474,20000906,    4,    0,
474,20000907,  115,    0,
474,20000908,    5,    0,
474,20000909,   61,    0,
474,20000910,    2,    0,
474,20000911,    0,    0,
474,20000912,    0,    0,
474,20000913,    0,    0,
474,20000914,    0,    0,
474,20000915,    2,    0,
474,20000916,   62,    0,
474,20000917,   84,    0,
474,20000918,    4,    0,
474,20000919,    0,    0,
474,20000920,    2,    0,
474,20000921,    0,    0,
474,20000922,    0,    0,
474,20000923,    0,    0,
474,20000924,    0,    0,
474,20000925,   38,    0,
474,20000926,  101,    0,
474,20000927,    7,    0,
474,20000928,   54,    0,
474,20000929,   27,    0,
474,20000930,    0,    0,
474,20001001,   13,    0,
474,20001002,   16,    0,
474,20001003,   33,    0,
474,20001004,    2,    0,
474,20001005,    1,    0,
474,20001006,  125,    0,
474,20001007,   99,    0,
474,20001008,    5,    0,
474,20001009,  136,    0,
474,20001010,   84,    0,
474,20001011,  204,    0,
474,20001012,   24,    0,
474,20001013,    0,    0,
474,20001014,    0,    0,
474,20001015,    0,    0,
474,20001016,    9,    0,
474,20001017,  194,    0,
474,20001018,    2,    0,
474,20001019,  166,    0,
474,20001020,    3,    0,
474,20001021,    0,    0,
474,20001022,    4,    0,
474,20001023,    0,    0,
474,20001024,   37,    0,
474,20001025,   23,    0,
474,20001026,   10,    0,
474,20001027,   53,    0,
474,20001028,   88,    0,
474,20001029,   68,    0,
474,20001030,   64,    0,
474,20001031,  122,    0,
474,20001101,  113,    0,
474,20001102,    6,    0,
474,20001103,  106,    0,
474,20001104,   26,    0,
474,20001105,   31,    0,
474,20001106,   91,    0,
474,20001107,   15,    0,
474,20001108,  193,    0,
474,20001109,  219,    0,
474,20001110,  474,    0,
474,20001111,  164,    0,
474,20001112,   32,    0,
474,20001113,   65,    0,
474,20001114,    0,    0,
474,20001115,   26,    0,
474,20001116,   13,    0,
474,20001117,   66,    0,
474,20001118,   69,    0,
474,20001119,   51,    0,
474,20001120,  117,    0,
474,20001121,   11,    0,
474,20001122,   70,    0,
474,20001123,    9,    0,
474,20001124,   23,    0,
474,20001125,   15,    0,
474,20001126,   95,    0,
474,20001127,   21,    0,
474,20001128,   56,    0,
474,20001129,    0,    0,
474,20001130,    1,    0,
474,20001201,    0,    0,
474,20001202,   23,    0,
474,20001203,  148,    0,
474,20001204,    1,    0,
474,20001205,   10,    0,
474,20001206,    0,    0,
474,20001207,   39,    0,
474,20001208,   29,    0,
474,20001209,    0,    0,
474,20001210,   36,    0,
474,20001211,  116,    0,
474,20001212,   77,    0,
474,20001213,   44,    0,
474,20001214,   47,    0,
474,20001215,  119,    0,
474,20001216,   26,    0,
474,20001217,    2,    0,
474,20001218,    0,    0,
474,20001219,    0,    0,
474,20001220,    0,    0,
474,20001221,    0,    0,
474,20001222,    0,    0,
474,20001223,    0,    0,
474,20001224,   39,    0,
474,20001225,   88,  997,
474,20001226,    0,    0,
474,20001227,    2,    1,
474,20001228,    6,  997,
474,20001229,    0,    0,
474,20001230,   51,    0,
474,20001231,   25,    0,
474,20010101,  114,    0,
474,20010102,    2,    0,
474,20010103,   16,    0,
474,20010104,   57,    0,
474,20010105,  111,    0,
474,20010106,  133,    0,
474,20010107,    0,    0,
474,20010108,    2,    0,
474,20010109,   18,    0,
474,20010110,    0,    0,
474,20010111,    0,    0,
474,20010112,    0,    0,
474,20010113,    0,    0,
474,20010114,    0,    0,
474,20010115,    0,    0,
474,20010116,    0,    0,
474,20010117,    0,    0,
474,20010118,    0,    0,
474,20010119,    0,    0,
474,20010120,   19,  997,
474,20010121,   18,    0,
474,20010122,   50,    4,
474,20010123,   11,    0,
474,20010124,  143,    0,
474,20010125,    0,    0,
474,20010126,    0,    0,
474,20010127,  109,    0,
474,20010128,   18,    0,
474,20010129,    4,    0,
474,20010130,    0,    0,
474,20010131,    0,    0,
474,20010201,    0,    0,
474,20010202,   10,    0,
474,20010203,  114,    4,
474,20010204,   47,    0,
474,20010205,  284,    0,
474,20010206,   74,    0,
474,20010207,    4,    0,
474,20010208,  122,    0,
474,20010209,   97,    0,
474,20010210,    0,    0,
474,20010211,   11,    0,
474,20010212,    0,    0,
474,20010213,   28,    0,
474,20010214,    0,    0,
474,20010215,    0,    0,
474,20010216,    1,    0,
474,20010217,    0,    0,
474,20010218,    0,    0,
474,20010219,    0,    0,
474,20010220,    0,    0,
474,20010221,    0,    0,
474,20010222,   32,    0,
474,20010223,   34,    0,
474,20010224,   51,    2,
474,20010225,   16,    1,
474,20010226,   67,    0,
474,20010227,    1,    0,
474,20010228,    5,    0,
474,20010301,    8,    0,
474,20010302,    4,    0,
474,20010303,    0,    0,
474,20010304,    0,    0,
474,20010305,    0,    0,
474,20010306,    0,    0,
474,20010307,   48,    0,
474,20010308,    1,    0,
474,20010309,   32,    0,
474,20010310,    6,    0,
474,20010311,   32,    0,
474,20010312,   53,    0,
474,20010313,   82,    0,
474,20010314,    1,    0,
474,20010315,    0,    0,
474,20010316,    0,    0,
474,20010317,   20,    0,
474,20010318,   26,    0,
474,20010319,   33,    0,
474,20010320,    0,    0,
474,20010321,    1,    0,
474,20010322,   65,    0,
474,20010323,   27,    0,
474,20010324,  137,    0,
474,20010325,    0,    0,
474,20010326,    0,    0,
474,20010327,    0,    0,
474,20010328,    8,    0,
474,20010329,   56,    0,
474,20010330,    1,    0,
474,20010331,    0,    0,
474,20010401,    4,    0,
474,20010402,    1,    0,
474,20010403,    1,    0,
474,20010404,   20,    0,
474,20010405,   23,    0,
474,20010406,  158,    0,
474,20010407,   45,    0,
474,20010408,   59,    0,
474,20010409,    2,    0,
474,20010410,   36,    0,
474,20010411,   15,    0,
474,20010412,    0,    0,
474,20010413,    1,    0,
474,20010414,    0,    0,
474,20010415,  116,    0,
474,20010416,   32,    0,
474,20010417,    9,    0,
474,20010418,   65,    0,
474,20010419,   39,    0,
474,20010420,   17,    0,
474,20010421,   22,    0,
474,20010422,    0,    0,
474,20010423,    0,    0,
474,20010424,    0,    0,
474,20010425,   46,    0,
474,20010426,   54,    0,
474,20010427,    4,    0,
474,20010428,   33,    0,
474,20010429,    0,    0,
474,20010430,    8,    0,
474,20010501,    2,    0,
474,20010502,    0,    0,
474,20010503,    1,    0,
474,20010504,   89,    0,
474,20010505,    0,    0,
474,20010506,    0,    0,
474,20010507,    0,    0,
474,20010508,    0,    0,
474,20010509,    0,    0,
474,20010510,    0,    0,
474,20010511,    0,    0,
474,20010512,    0,    0,
474,20010513,    0,    0,
474,20010514,    1,    0,
474,20010515,   31,    0,
474,20010516,   70,    0,
474,20010517,   79,    0,
474,20010518,   25,    0,
474,20010519,    2,    0,
474,20010520,    0,    0,
474,20010521,    0,    0,
474,20010522,    0,    0,
474,20010523,    0,    0,
474,20010524,    0,    0,
474,20010525,    0,    0,
474,20010526,    0,    0,
474,20010527,    0,    0,
474,20010528,   13,    0,
474,20010529,    0,    0,
474,20010530,    0,    0,
474,20010531,   12,    0,
474,20010601,    0,    0,
474,20010602,  131,    0,
474,20010603,   37,    0,
474,20010604,    9,    0,
474,20010605,    0,    0,
474,20010606,    8,    0,
474,20010607,    3,    0,
474,20010608,    0,    0,
474,20010609,    0,    0,
474,20010610,    3,    0,
474,20010611,   14,    0,
474,20010612,    0,    0,
474,20010613,    0,    0,
474,20010614,    0,    0,
474,20010615,   40,    0,
474,20010616,   42,    0,
474,20010617,   52,    0,
474,20010618,    7,    0,
474,20010619,    0,    0,
474,20010620,    0,    0,
474,20010621,    0,    0,
474,20010622,    0,    0,
474,20010623,    0,    0,
474,20010624,    0,    0,
474,20010625,    0,    0,
474,20010626,    0,    0,
474,20010627,   36,    0,
474,20010628,    0,    0,
474,20010629,    0,    0,
474,20010630,   15,    0,
474,20010701,    0,    0,
474,20010702,    0,    0,
474,20010703,    0,    0,
474,20010704,    0,    0,
474,20010705,    0,    0,
474,20010706,   30,    0,
474,20010707,   42,    0,
474,20010708,   60,    0,
474,20010709,   31,    0,
474,20010710,    0,    0,
474,20010711,   82,    0,
474,20010712,   29,    0,
474,20010713,   26,    0,
474,20010714,    1,    0,
474,20010715,    9,    0,
474,20010716,    0,    0,
474,20010717,    0,    0,
474,20010718,  138,    0,
474,20010719,   49,    0,
474,20010720,   17,    0,
474,20010721,    1,    0,
474,20010722,    9,    0,
474,20010723,    0,    0,
474,20010724,    0,    0,
474,20010725,    0,    0,
474,20010726,    0,    0,
474,20010727,    0,    0,
474,20010728,   45,    0,
474,20010729,    0,    0,
474,20010730,    0,    0,
474,20010731,    0,    0,
474,20010801,    0,    0,
474,20010802,    0,    0,
474,20010803,    7,    0,
474,20010804,   13,    0,
474,20010805,  169,    0,
474,20010806,    1,    0,
474,20010807,   11,    0,
474,20010808,  160,    0,
474,20010809,   60,    0,
474,20010810,  307,    0,
474,20010811,    0,    0,
474,20010812,   63,    0,
474,20010813,  157,    0,
474,20010814,    0,    0,
474,20010815,    0,    0,
474,20010816,    4,    0,
474,20010817,    0,    0,
474,20010818,    0,    0,
474,20010819,  223,    0,
474,20010820,   10,    0,
474,20010821,    0,    0,
474,20010822,    0,    0,
474,20010823,    0,    0,
474,20010824,    0,    0,
474,20010825,    0,    0,
474,20010826,    0,    0,
474,20010827,  168,    0,
474,20010828,    0,    0,
474,20010829,    0,    0,
474,20010830,    0,    0,
474,20010831,  179,    0,
474,20010901,  115,    0,
474,20010902,    0,    0,
474,20010903,  116,    0,
474,20010904,  176,    0,
474,20010905,  103,    0,
474,20010906,   18,    0,
474,20010907,   25,    0,
474,20010908,   10,    0,
474,20010909,   94,    0,
474,20010910,   74,    0,
474,20010911,    7,    0,
474,20010912,   24,    0,
474,20010913,  196,    0,
474,20010914,   33,    0,
474,20010915,   63,    0,
474,20010916,  145,    0,
474,20010917,  206,    0,
474,20010918,  119,    0,
474,20010919,  122,    0,
474,20010920,  421,    0,
474,20010921,  159,    0,
474,20010922,   17,    0,
474,20010923,   25,    0,
474,20010924,    7,    0,
474,20010925,   56,    0,
474,20010926,    3,    0,
474,20010927,   56,    0,
474,20010928,    0,    0,
474,20010929,    0,    0,
474,20010930,   65,    0,
474,20011001,   22,    0,
474,20011002,   52,    0,
474,20011003,   46,    0,
474,20011004,    2,    0,
474,20011005,    0,    0,
474,20011006,    0,    0,
474,20011007,   19,    0,
474,20011008,    4,    0,
474,20011009,    1,    0,
474,20011010,   31,    0,
474,20011011,   16,    0,
474,20011012,    0,    0,
474,20011013,    0,    0,
474,20011014,    0,    0,
474,20011015,   21,    0,
474,20011016,    9,    0,
474,20011017,    0,    0,
474,20011018,    0,    0,
474,20011019,   27,    0,
474,20011020,    0,    0,
474,20011021,    9,    0,
474,20011022,   10,    0,
474,20011023,   14,    0,
474,20011024,   41,    0,
474,20011025,   17,    0,
474,20011026,    0,    0,
474,20011027,   27,    0,
474,20011028,    4,    0,
474,20011029,    0,    0,
474,20011030,    1,    0,
474,20011031,   14,    0,
474,20011101,   17,    0,
474,20011102,    0,    0,
474,20011103,    0,    0,
474,20011104,    1,    0,
474,20011105,    1,    0,
474,20011106,   25,    0,
474,20011107,    8,    0,
474,20011108,   81,    0,
474,20011109,   89,    0,
474,20011110,    0,    0,
474,20011111,    9,    0,
474,20011112,    1,    0,
474,20011113,   54,    0,
474,20011114,   93,    0,
474,20011115,    0,    0,
474,20011116,    4,    0,
474,20011117,    0,    0,
474,20011118,    0,    0,
474,20011119,    0,    0,
474,20011120,    0,    0,
474,20011121,    0,    0,
474,20011122,   37,    0,
474,20011123,   54,    0,
474,20011124,   44,    0,
474,20011125,   11,    0,
474,20011126,   73,    0,
474,20011127,    0,    0,
474,20011128,   58,    0,
474,20011129,    3,    0,
474,20011130,  130,    0,
474,20011201,  126,    0,
474,20011202,    9,    0,
474,20011203,   15,    0,
474,20011204,   44,    0,
474,20011205,   11,    0,
474,20011206,   32,    0,
474,20011207,    0,    0,
474,20011208,    0,    0,
474,20011209,    0,    0,
474,20011210,    0,    0,
474,20011211,    0,    0,
474,20011212,    0,    0,
474,20011213,    0,    0,
474,20011214,    0,    0,
474,20011215,    0,    0,
474,20011216,    0,    0,
474,20011217,   21,    0,
474,20011218,    1,    0,
474,20011219,    3,    0,
474,20011220,   41,    0,
474,20011221,   43,    0,
474,20011222,  111,    0,
474,20011223,   28,    1,
474,20011224,   80,    0,
474,20011225,   56,    0,
474,20011226,   42,    0,
474,20011227,   54,    0,
474,20011228,  141,    0,
474,20011229,    2,    0,
474,20011230,   39,  997,
474,20011231,   41,  997,
474,20020101,    3,    0,
474,20020102,    0,    0,
474,20020103,    0,    0,
474,20020104,    0,    0,
474,20020105,    0,    0,
474,20020106,    4,    0,
474,20020107,    1,    0,
474,20020108,    0,    0,
474,20020109,    0,    0,
474,20020110,    0,    0,
474,20020111,   11,    0,
474,20020112,   22,    0,
474,20020113,    0,    0,
474,20020114,    0,    0,
474,20020115,   32,    0,
474,20020116,   73,    0,
474,20020117,    8,    0,
474,20020118,   44,    0,
474,20020119,   27,    0,
474,20020120,    0,    0,
474,20020121,   56,    0,
474,20020122,    3,    0,
474,20020123,   19,    0,
474,20020124,   94,    0,
474,20020125,    9,    0,
474,20020126,   54,    0,
474,20020127,  145,    0,
474,20020128,   31,    0,
474,20020129,    0,    0,
474,20020130,    2,    0,
474,20020131,   23,    0,
474,20020201,    0,    0,
474,20020202,    0,    0,
474,20020203,    0,    0,
474,20020204,   11,    0,
474,20020205,  199,    0,
474,20020206,    9,    0,
474,20020207,    2,    0,
474,20020208,   43,    0,
474,20020209,   17,    0,
474,20020210,   51,    0,
474,20020211,   80,    0,
474,20020212,   29,    0,
474,20020213,    2,    0,
474,20020214,    1,    0,
474,20020215,    0,    0,
474,20020216,    0,    0,
474,20020217,    0,    0,
474,20020218,   15,    0,
474,20020219,   24,    0,
474,20020220,  115,    0,
474,20020221,   57,    0,
474,20020222,  125,    0,
474,20020223,   24,    0,
474,20020224,   33,    0,
474,20020225,   49,    0,
474,20020226,  212,    0,
474,20020227,    0,    0,
474,20020228,   15,    0,
474,20020301,   81,    0,
474,20020302,    0,    0,
474,20020303,    9,    0,
474,20020304,    0,    0,
474,20020305,    0,    0,
474,20020306,    0,    0,
474,20020307,   37,    0,
474,20020308,    0,    0,
474,20020309,    6,    0,
474,20020310,    3,    0,
474,20020311,    0,    0,
474,20020312,    0,    0,
474,20020313,   23,    0,
474,20020314,    8,    0,
474,20020315,    0,    0,
474,20020316,    0,    0,
474,20020317,    0,    0,
474,20020318,   51,    0,
474,20020319,  105,    0,
474,20020320,   39,    0,
474,20020321,   44,    0,
474,20020322,    2,    0,
474,20020323,    0,    0,
474,20020324,    0,    0,
474,20020325,    0,    0,
474,20020326,    0,    0,
474,20020327,    0,    0,
474,20020328,    0,    0,
474,20020329,    0,    0,
474,20020330,    0,    0,
474,20020331,    0,    0,
474,20020401,    0,    0,
474,20020402,    0,    0,
474,20020403,    0,    0,
474,20020404,    0,    0,
474,20020405,    0,    0,
474,20020406,    0,    0,
474,20020407,    0,    0,
474,20020408,    0,    0,
474,20020409,    0,    0,
474,20020410,    2,    0,
474,20020411,    0,    0,
474,20020412,    0,    0,
474,20020413,    0,    0,
474,20020414,   22,    0,
474,20020415,   65,    0,
474,20020416,   27,    0,
474,20020417,    0,    0,
474,20020418,    4,    0,
474,20020419,    2,    0,
474,20020420,    0,    0,
474,20020421,    0,    0,
474,20020422,    0,    0,
474,20020423,    0,    0,
474,20020424,    0,    0,
474,20020425,    0,    0,
474,20020426,    0,    0,
474,20020427,  135,    0,
474,20020428,  136,    0,
474,20020429,   35,    0,
474,20020430,   44,    0,
474,20020501,   74,    0,
474,20020502,   31,    0,
474,20020503,    0,    0,
474,20020504,    0,    0,
474,20020505,    0,    0,
474,20020506,   21,    0,
474,20020507,    0,    0,
474,20020508,    0,    0,
474,20020509,    0,    0,
474,20020510,    0,    0,
474,20020511,    0,    0,
474,20020512,    0,    0,
474,20020513,    0,    0,
474,20020514,   34,    0,
474,20020515,    0,    0,
474,20020516,    0,    0,
474,20020517,    0,    0,
474,20020518,   20,    0,
474,20020519,    0,    0,
474,20020520,    0,    0,
474,20020521,    0,    0,
474,20020522,   60,    0,
474,20020523,   10,    0,
474,20020524,    0,    0,
474,20020525,   38,    0,
474,20020526,    3,    0,
474,20020527,  132,    0,
474,20020528,    5,    0,
474,20020529,    3,    0,
474,20020530,    2,    0,
474,20020531,    0,    0,
474,20020601,    0,    0,
474,20020602,    0,    0,
474,20020603,    0,    0,
474,20020604,   70,    0,
474,20020605,  161,    0,
474,20020606,    4,    0,
474,20020607,    0,    0,
474,20020608,    0,    0,
474,20020609,    0,    0,
474,20020610,   39,    0,
474,20020611,   41,    0,
474,20020612,  146,    0,
474,20020613,   14,    0,
474,20020614,    1,    0,
474,20020615,   51,    0,
474,20020616,   29,    0,
474,20020617,    0,    0,
474,20020618,    0,    0,
474,20020619,   15,    0,
474,20020620,   93,    0,
474,20020621,   34,    0,
474,20020622,    5,    0,
474,20020623,    7,    0,
474,20020624,    0,    0,
474,20020625,    0,    0,
474,20020626,    0,    0,
474,20020627,    0,    0,
474,20020628,    0,    0,
474,20020629,    4,    0,
474,20020630,    0,    0,
474,20020701,   36,    0,
474,20020702,   29,    0,
474,20020703,  145,    0,
474,20020704,   96,    0,
474,20020705,    0,    0,
474,20020706,   47,    0,
474,20020707,    6,    0,
474,20020708,    3,    0,
474,20020709,    1,    0,
474,20020710,   54,    0,
474,20020711,    1,    0,
474,20020712,    7,    0,
474,20020713,  103,    0,
474,20020714,    0,    0,
474,20020715,    2,    0,
474,20020716,    0,    0,
474,20020717,    0,    0,
474,20020718,    0,    0,
474,20020719,    0,    0,
474,20020720,    0,    0,
474,20020721,   82,    0,
474,20020722,   23,    0,
474,20020723,    2,    0,
474,20020724,   38,    0,
474,20020725,    0,    0,
474,20020726,   16,    0,
474,20020727,    0,    0,
474,20020728,    0,    0,
474,20020729,    0,    0,
474,20020730,    0,    0,
474,20020731,    7,    0,
474,20020801,   48,    0,
474,20020802,   26,    0,
474,20020803,    4,    0,
474,20020804,   93,    0,
474,20020805,   11,    0,
474,20020806,  175,    0,
474,20020807,   27,    0,
474,20020808,    0,    0,
474,20020809,   78,    0,
474,20020810,   41,    0,
474,20020811,    2,    0,
474,20020812,    0,    0,
474,20020813,    0,    0,
474,20020814,    0,    0,
474,20020815,    0,    0,
474,20020816,    0,    0,
474,20020817,    0,    0,
474,20020818,    0,    0,
474,20020819,   29,    0,
474,20020820,  257,    0,
474,20020821,  162,    0,
474,20020822,   15,    0,
474,20020823,    0,    0,
474,20020824,   49,    0,
474,20020825,  497,    0,
474,20020826,    0,    0,
474,20020827,    0,    0,
474,20020828,    0,    0,
474,20020829,    0,    0,
474,20020830,    0,    0,
474,20020831,    2,    0,
474,20020901,    0,    0,
474,20020902,    0,    0,
474,20020903,    0,    0,
474,20020904,   15,    0,
474,20020905,    0,    0,
474,20020906,    1,    0,
474,20020907,    0,    0,
474,20020908,  102,    0,
474,20020909,   11,    0,
474,20020910,    0,    0,
474,20020911,    4,    0,
474,20020912,    0,    0,
474,20020913,    0,    0,
474,20020914,    0,    0,
474,20020915,    0,    0,
474,20020916,    0,    0,
474,20020917,    0,    0,
474,20020918,    2,    0,
474,20020919,    0,    0,
474,20020920,    6,    0,
474,20020921,   15,    0,
474,20020922,   55,    0,
474,20020923,   28,    0,
474,20020924,    0,    0,
474,20020925,   93,    0,
474,20020926,  127,    0,
474,20020927,   23,    0,
474,20020928,    4,    0,
474,20020929,    0,    0,
474,20020930,    0,    0,
474,20021001,    0,    0,
474,20021002,    0,    0,
474,20021003,    4,    0,
474,20021004,   24,    0,
474,20021005,    8,    0,
474,20021006,   38,    0,
474,20021007,   19,    0,
474,20021008,   12,    0,
474,20021009,    0,    0,
474,20021010,    0,    0,
474,20021011,    0,    0,
474,20021012,    0,    0,
474,20021013,    0,    0,
474,20021014,   33,    0,
474,20021015,  148,    0,
474,20021016,    6,    0,
474,20021017,   19,    0,
474,20021018,  126,    0,
474,20021019,  105,    0,
474,20021020,   33,    0,
474,20021021,   23,    0,
474,20021022,    8,    0,
474,20021023,   35,    0,
474,20021024,   16,    0,
474,20021025,    0,    0,
474,20021026,   94,    0,
474,20021027,   61,    0,
474,20021028,   48,    0,
474,20021029,    0,    0,
474,20021030,   44,    0,
474,20021031,    0,    0,
474,20021101,    0,    0,
474,20021102,   46,    0,
474,20021103,  169,    0,
474,20021104,   75,    0,
474,20021105,   15,    0,
474,20021106,    0,    0,
474,20021107,  209,    0,
474,20021108,   42,    0,
474,20021109,  172,    0,
474,20021110,    9,    0,
474,20021111,   35,    0,
474,20021112,   11,    0,
474,20021113,   26,    0,
474,20021114,   35,    0,
474,20021115,    0,    0,
474,20021116,    3,    0,
474,20021117,    3,    0,
474,20021118,    0,    0,
474,20021119,    0,    0,
474,20021120,    0,    0,
474,20021121,   40,    0,
474,20021122,    0,    0,
474,20021123,    0,    0,
474,20021124,   59,    0,
474,20021125,    0,    0,
474,20021126,   65,    0,
474,20021127,    2,    0,
474,20021128,    4,    0,
474,20021129,   38,    0,
474,20021130,    0,    0,
474,20021201,    0,    0,
474,20021202,   90,    0,
474,20021203,   20,    0,
474,20021204,    0,    0,
474,20021205,    3,    0,
474,20021206,    0,    0,
474,20021207,    0,    0,
474,20021208,    0,    0,
474,20021209,    0,    0,
474,20021210,    0,    0,
474,20021211,    0,    0,
474,20021212,    0,    0,
474,20021213,    0,    0,
474,20021214,    0,    0,
474,20021215,    4,    0,
474,20021216,   68,    0,
474,20021217,    8,    0,
474,20021218,    0,    0,
474,20021219,    0,    0,
474,20021220,    0,    0,
474,20021221,    0,    0,
474,20021222,  118,    0,
474,20021223,  110,    0,
474,20021224,   22,    0,
474,20021225,   19,    0,
474,20021226,   42,    0,
474,20021227,  139,    0,
474,20021228,   70,    0,
474,20021229,    1,    0,
474,20021230,  183,    0,
474,20021231,    0,    0,
474,20030101,    0,    0,
474,20030102,  270,    0,
474,20030103,  196,    0,
474,20030104,    5,    0,
474,20030105,    0,    0,
474,20030106,   44,  997,
474,20030107,    0,  997,
474,20030108,    7,    2,
474,20030109,    0,  997,
474,20030110,    4,    1,
474,20030111,    0,    1,
474,20030112,    0,  997,
474,20030113,   12,    0,
474,20030114,    1,    0,
474,20030115,    0,    0,
474,20030116,    9,    0,
474,20030117,    0,    0,
474,20030118,    0,    0,
474,20030119,    2,    0,
474,20030120,   18,    0,
474,20030121,   65,    0,
474,20030122,   66,    0,
474,20030123,   78,    0,
474,20030124,    1,    0,
474,20030125,    0,    0,
474,20030126,   27,    0,
474,20030127,   22,    0,
474,20030128,   17,    0,
474,20030129,   89,    0,
474,20030130,   34,  997,
474,20030131,   25,  997,
474,20030201,    0,  997,
474,20030202,   54,    4,
474,20030203,   67,    0,
474,20030204,   24,  997,
474,20030205,   41,    0,
474,20030206,    4,    0,
474,20030207,    0,    0,
474,20030208,    2,    0,
474,20030209,    1,    0,
474,20030210,    0,    0,
474,20030211,    0,    0,
474,20030212,    0,    0,
474,20030213,    0,    0,
474,20030214,    0,    0,
474,20030215,    0,    0,
474,20030216,    0,    0,
474,20030217,    0,    0,
474,20030218,    0,    0,
474,20030219,    0,    0,
474,20030220,    0,    0,
474,20030221,    0,    0,
474,20030222,    0,    0,
474,20030223,    0,    0,
474,20030224,    0,    0,
474,20030225,    0,    0,
474,20030226,    0,    0,
474,20030227,    0,    0,
474,20030228,    0,    0,
474,20030301,   44,    0,
474,20030302,   12,    0,
474,20030303,    1,    0,
474,20030304,    0,    0,
474,20030305,   11,    0,
474,20030306,    9,    0,
474,20030307,    5,    0,
474,20030308,   18,    0,
474,20030309,   74,    0,
474,20030310,    0,    0,
474,20030311,    4,    0,
474,20030312,    9,    0,
474,20030313,    1,    0,
474,20030314,    0,    0,
474,20030315,    0,    0,
474,20030316,    0,    0,
474,20030317,    0,    0,
474,20030318,    0,    0,
474,20030319,    0,    0,
474,20030320,    0,    0,
474,20030321,    0,    0,
474,20030322,    0,    0,
474,20030323,    0,    0,
474,20030324,    0,    0,
474,20030325,    0,    0,
474,20030326,    0,    0,
474,20030327,    0,    0,
474,20030328,    0,    0,
474,20030329,    2,    0,
474,20030330,    0,    0,
474,20030331,    0,    0,
474,20030401,    0,    0,
474,20030402,  189,    0,
474,20030403,   25,    0,
474,20030404,    1,    0,
474,20030405,    0,    0,
474,20030406,    0,    0,
474,20030407,    0,    0,
474,20030408,    0,    0,
474,20030409,    0,    0,
474,20030410,    0,    0,
474,20030411,    1,    0,
474,20030412,    0,    0,
474,20030413,    0,    0,
474,20030414,    0,    0,
474,20030415,    0,    0,
474,20030416,    0,    0,
474,20030417,    0,    0,
474,20030418,    0,    0,
474,20030419,    0,    0,
474,20030420,    0,    0,
474,20030421,    0,    0,
474,20030422,   31,    0,
474,20030423,    0,    0,
474,20030424,    0,    0,
474,20030425,    1,    0,
474,20030426,   33,    0,
474,20030427,  203,    0,
474,20030428,   31,    0,
474,20030429,   23,    0,
474,20030430,    0,    0,
474,20030501,   39,    0,
474,20030502,    0,    0,
474,20030503,  107,    0,
474,20030504,    0,    0,
474,20030505,   29,    0,
474,20030506,    8,    0,
474,20030507,    0,    0,
474,20030508,    0,    0,
474,20030509,   11,    0,
474,20030510,    0,    0,
474,20030511,    0,    0,
474,20030512,  130,    0,
474,20030513,  224,    0,
474,20030514,    1,    0,
474,20030515,   22,    0,
474,20030516,    0,    0,
474,20030517,    7,    0,
474,20030518,   50,    0,
474,20030519,    8,    0,
474,20030520,   41,    0,
474,20030521,  157,    0,
474,20030522,   36,    0,
474,20030523,   83,    0,
474,20030524,   68,    0,
474,20030525,   43,    0,
474,20030526,    1,    0,
474,20030527,    0,    0,
474,20030528,    0,    0,
474,20030529,    0,    0,
474,20030530,    0,    0,
474,20030531,    0,    0,
474,20030601,    0,    0,
474,20030602,    0,    0,
474,20030603,    1,    0,
474,20030604,    5,    0,
474,20030605,  140,    0,
474,20030606,    0,    0,
474,20030607,    0,    0,
474,20030608,    0,    0,
474,20030609,   69,    0,
474,20030610,    0,    0,
474,20030611,    0,    0,
474,20030612,    0,    0,
474,20030613,    0,    0,
474,20030614,    0,    0,
474,20030615,    0,    0,
474,20030616,    0,    0,
474,20030617,    0,    0,
474,20030618,   29,    0,
474,20030619,    2,    0,
474,20030620,    0,    0,
474,20030621,    0,    0,
474,20030622,    0,    0,
474,20030623,    1,    0,
474,20030624,    0,    0,
474,20030625,    0,    0,
474,20030626,    0,    0,
474,20030627,    0,    0,
474,20030628,    0,    0,
474,20030629,    0,    0,
474,20030630,    0,    0,
474,20030701,  104,    0,
474,20030702,  111,    0,
474,20030703,   96,    0,
474,20030704,   12,    0,
474,20030705,    6,    0,
474,20030706,    0,    0,
474,20030707,    0,    0,
474,20030708,    0,    0,
474,20030709,    0,    0,
474,20030710,    0,    0,
474,20030711,    0,    0,
474,20030712,    0,    0,
474,20030713,    0,    0,
474,20030714,    0,    0,
474,20030715,    0,    0,
474,20030716,    0,    0,
474,20030717,   29,    0,
474,20030718,   44,    0,
474,20030719,    0,    0,
474,20030720,    1,    0,
474,20030721,    0,    0,
474,20030722,    3,    0,
474,20030723,    0,    0,
474,20030724,    1,    0,
474,20030725,   56,    0,
474,20030726,   38,    0,
474,20030727,   28,    0,
474,20030728,    0,    0,
474,20030729,    0,    0,
474,20030730,   37,    0,
474,20030731,    0,    0,
474,20030801,    0,    0,
474,20030802,    0,    0,
474,20030803,    0,    0,
474,20030804,    0,    0,
474,20030805,    0,    0,
474,20030806,    0,    0,
474,20030807,    5,    0,
474,20030808,    0,    0,
474,20030809,    0,    0,
474,20030810,    0,    0,
474,20030811,    0,    0,
474,20030812,    0,    0,
474,20030813,    0,    0,
474,20030814,    0,    0,
474,20030815,    0,    0,
474,20030816,    0,    0,
474,20030817,    0,    0,
474,20030818,    0,    0,
474,20030819,    4,    0,
474,20030820,    0,    0,
474,20030821,    0,    0,
474,20030822,    0,    0,
474,20030823,    2,    0,
474,20030824,    0,    0,
474,20030825,    0,    0,
474,20030826,    0,    0,
474,20030827,    0,    0,
474,20030828,    0,    0,
474,20030829,   13,    0,
474,20030830,   38,    0,
474,20030831,  121,    0,
474,20030901,   29,    0,
474,20030902,   31,    0,
474,20030903,    0,    0,
474,20030904,    0,    0,
474,20030905,    0,    0,
474,20030906,    0,    0,
474,20030907,   42,    0,
474,20030908,    4,    0,
474,20030909,    5,    0,
474,20030910,  111,    0,
474,20030911,  125,    0,
474,20030912,   27,    0,
474,20030913,    4,    0,
474,20030914,    0,    0,
474,20030915,    0,    0,
474,20030916,    0,    0,
474,20030917,    0,    0,
474,20030918,    0,    0,
474,20030919,    0,    0,
474,20030920,    0,    0,
474,20030921,    0,    0,
474,20030922,    0,    0,
474,20030923,   74,    0,
474,20030924,  109,    0,
474,20030925,    0,    0,
474,20030926,    0,    0,
474,20030927,   21,    0,
474,20030928,    0,    0,
474,20030929,  120,    0,
474,20030930,    2,    0,
474,20031001,    0,    0,
474,20031002,    6,    0,
474,20031003,    0,    0,
474,20031004,   18,    0,
474,20031005,  171,    0,
474,20031006,  100,    0,
474,20031007,   81,    0,
474,20031008,   96,    0,
474,20031009,   96,    0,
474,20031010,    3,    0,
474,20031011,    0,    0,
474,20031012,    0,    0,
474,20031013,    0,    0,
474,20031014,    0,    0,
474,20031015,    0,    0,
474,20031016,    0,    0,
474,20031017,    0,    0,
474,20031018,    0,    0,
474,20031019,    0,    0,
474,20031020,    0,    0,
474,20031021,    0,    0,
474,20031022,    0,    0,
474,20031023,    0,    0,
474,20031024,   20,    0,
474,20031025,   29,    0,
474,20031026,  142,    0,
474,20031027,    2,    0,
474,20031028,    0,    0,
474,20031029,    0,    0,
474,20031030,   60,    0,
474,20031031,   99,    0,
474,20031101,    8,    0,
474,20031102,    4,    0,
474,20031103,  174,    0,
474,20031104,   13,    0,
474,20031105,    0,    0,
474,20031106,    0,    0,
474,20031107,    0,    0,
474,20031108,    0,    0,
474,20031109,    0,    0,
474,20031110,    1,    0,
474,20031111,    0,    0,
474,20031112,    0,    0,
474,20031113,   15,    0,
474,20031114,    0,    0,
474,20031115,    7,    0,
474,20031116,   88,    0,
474,20031117,   55,    0,
474,20031118,   38,    0,
474,20031119,    0,    0,
474,20031120,    1,    0,
474,20031121,    0,    0,
474,20031122,   61,    0,
474,20031123,   23,    0,
474,20031124,  171,    0,
474,20031125,    5,    0,
474,20031126,    4,    0,
474,20031127,   25,    0,
474,20031128,    0,    0,
474,20031129,    0,    0,
474,20031130,   55,    0,
474,20031201,   65,    0,
474,20031202,    0,    0,
474,20031203,    0,    0,
474,20031204,    0,    0,
474,20031205,    0,    0,
474,20031206,    2,    0,
474,20031207,    0,    0,
474,20031208,    0,    0,
474,20031209,    0,    0,
474,20031210,    0,    0,
474,20031211,    1,    0,
474,20031212,   49,    0,
474,20031213,  109,    0,
474,20031214,   97,    0,
474,20031215,   30,    0,
474,20031216,    7,    0,
474,20031217,    0,    0,
474,20031218,    0,    0,
474,20031219,    0,    0,
474,20031220,    0,    0,
474,20031221,   86,    0,
474,20031222,   30,    0,
474,20031223,   75,    0,
474,20031224,   71,    0,
474,20031225,    2,    0,
474,20031226,    0,    0,
474,20031227,    1,    0,
474,20031228,  319,    0,
474,20031229,   21,    0,
474,20031230,   12,    0,
474,20031231,    0,    0,
474,20040101,    0,    0,
474,20040102,   46,    2,
474,20040103,    0,    2,
474,20040104,   11,  998,
474,20040105,    4,    0,
474,20040106,   24,    0,
474,20040107,   23,    0,
474,20040108,    2,    0,
474,20040109,   28,    0,
474,20040110,   10,    0,
474,20040111,   28,    0,
474,20040112,   51,    0,
474,20040113,   66,    0,
474,20040114,    1,    0,
474,20040115,  118,    0,
474,20040116,   71,    0,
474,20040117,   34,    0,
474,20040118,   67,    0,
474,20040119,  108,    0,
474,20040120,  124,    0,
474,20040121,    0,    0,
474,20040122,    0,    0,
474,20040123,    4,    0,
474,20040124,   21,    0,
474,20040125,    6,    0,
474,20040126,    0,    0,
474,20040127,    1,    0,
474,20040128,   55,    0,
474,20040129,   75,    4,
474,20040130,   29,    0,
474,20040131,    6,    0,
474,20040201,  205,    0,
474,20040202,   41,    0,
474,20040203,   64,    0,
474,20040204,   10,    0,
474,20040205,    9,    0,
474,20040206,   23,    0,
474,20040207,   50,    0,
474,20040208,   53,    0,
474,20040209,   29,    0,
474,20040210,   32,    0,
474,20040211,   44,    0,
474,20040212,    0,    0,
474,20040213,    1,    0,
474,20040214,    0,    0,
474,20040215,    0,    0,
474,20040216,    0,    0,
474,20040217,    0,    0,
474,20040218,    8,    0,
474,20040219,   32,    0,
474,20040220,    0,    0,
474,20040221,    0,    0,
474,20040222,    0,    0,
474,20040223,    9,    0,
474,20040224,    2,    0,
474,20040225,  123,    0,
474,20040226,   61,    1,
474,20040227,   37,    3,
474,20040228,    9,    2,
474,20040229,    2,    0,
474,20040301,    0,    0,
474,20040302,    0,    0,
474,20040303,    0,    0,
474,20040304,    0,    0,
474,20040305,    0,    0,
474,20040306,  109,    0,
474,20040307,   32,    0,
474,20040308,    1,    0,
474,20040309,    0,    0,
474,20040310,    0,    0,
474,20040311,    3,    0,
474,20040312,    0,    0,
474,20040313,   12,    0,
474,20040314,   51,    0,
474,20040315,    3,    0,
474,20040316,    0,    0,
474,20040317,    0,    0,
474,20040318,    3,    0,
474,20040319,   31,    0,
474,20040320,  168,    0,
474,20040321,   10,    0,
474,20040322,   80,    0,
474,20040323,    3,    0,
474,20040324,    0,    0,
474,20040325,    0,    0,
474,20040326,    0,    0,
474,20040327,    0,    0,
474,20040328,    0,    0,
474,20040329,    0,    0,
474,20040330,    0,    0,
474,20040331,    0,    0,
474,20040401,    0,    0,
474,20040402,    0,    0,
474,20040403,    9,    0,
474,20040404,   47,    0,
474,20040405,    1,    0,
474,20040406,   15,    0,
474,20040407,   42,    0,
474,20040408,    3,    0,
474,20040409,   15,    0,
474,20040410,   12,    0,
474,20040411,    0,    0,
474,20040412,    0,    0,
474,20040413,    0,    0,
474,20040414,    0,    0,
474,20040415,    0,    0,
474,20040416,    0,    0,
474,20040417,    0,    0,
474,20040418,    0,    0,
474,20040419,   22,    0,
474,20040420,   10,    0,
474,20040421,    0,    0,
474,20040422,   14,    0,
474,20040423,    0,    0,
474,20040424,    0,    0,
474,20040425,    0,    0,
474,20040426,    0,    0,
474,20040427,    0,    0,
474,20040428,   26,    0,
474,20040429,  108,    0,
474,20040430,    3,    0,
474,20040501,   68,    0,
474,20040502,    0,    0,
474,20040503,    0,    0,
474,20040504,    4,    0,
474,20040505,   32,    0,
474,20040506,    0,    0,
474,20040507,    2,    0,
474,20040508,   84,    0,
474,20040509,    0,    0,
474,20040510,    0,    0,
474,20040511,    0,    0,
474,20040512,    0,    0,
474,20040513,    0,    0,
474,20040514,    0,    0,
474,20040515,    0,    0,
474,20040516,    0,    0,
474,20040517,    0,    0,
474,20040518,    0,    0,
474,20040519,    0,    0,
474,20040520,    0,    0,
474,20040521,    0,    0,
474,20040522,    3,    0,
474,20040523,    4,    0,
474,20040524,    0,    0,
474,20040525,    0,    0,
474,20040526,    0,    0,
474,20040527,    0,    0,
474,20040528,    9,    0,
474,20040529,    1,    0,
474,20040530,    0,    0,
474,20040531,   82,    0,
474,20040601,    0,    0,
474,20040602,   31,    0,
474,20040603,   28,    0,
474,20040604,   52,    0,
474,20040605,    9,    0,
474,20040606,    0,    0,
474,20040607,    0,    0,
474,20040608,    0,    0,
474,20040609,    0,    0,
474,20040610,    0,    0,
474,20040611,    6,    0,
474,20040612,    8,    0,
474,20040613,    0,    0,
474,20040614,    0,    0,
474,20040615,    0,    0,
474,20040616,    0,    0,
474,20040617,    0,    0,
474,20040618,    0,    0,
474,20040619,    8,    0,
474,20040620,   26,    0,
474,20040621,   55,    0,
474,20040622,    1,    0,
474,20040623,  108,    0,
474,20040624,   93,    0,
474,20040625,    3,    0,
474,20040626,    0,    0,
474,20040627,   28,    0,
474,20040628,    0,    0,
474,20040629,    0,    0,
474,20040630,    0,    0,
474,20040701,   14,    0,
474,20040702,  267,    0,
474,20040703,  127,    0,
474,20040704,    0,    0,
474,20040705,    3,    0,
474,20040706,    0,    0,
474,20040707,    0,    0,
474,20040708,   65,    0,
474,20040709,  354,    0,
474,20040710,   85,    0,
474,20040711,   15,    0,
474,20040712,   34,    0,
474,20040713,   19,    0,
474,20040714,    0,    0,
474,20040715,   30,    0,
474,20040716,    0,    0,
474,20040717,    3,    0,
474,20040718,  205,    0,
474,20040719,   16,    0,
474,20040720,    0,    0,
474,20040721,    5,    0,
474,20040722,    0,    0,
474,20040723,   14,    0,
474,20040724,    0,    0,
474,20040725,    1,    0,
474,20040726,   41,    0,
474,20040727,    0,    0,
474,20040728,    0,    0,
474,20040729,    0,    0,
474,20040730,    0,    0,
474,20040731,    0,    0,
474,20040801,    0,    0,
474,20040802,    0,    0,
474,20040803,    0,    0,
474,20040804,    0,    0,
474,20040805,    6,    0,
474,20040806,    5,    0,
474,20040807,   13,    0,
474,20040808,   20,    0,
474,20040809,    0,    0,
474,20040810,    0,    0,
474,20040811,   32,    0,
474,20040812,    0,    0,
474,20040813,  346,    0,
474,20040814,   50,    0,
474,20040815,    0,    0,
474,20040816,  231,    0,
474,20040817,   21,    0,
474,20040818,    0,    0,
474,20040819,    3,    0,
474,20040820,  219,    0,
474,20040821,  409,    0,
474,20040822,    5,    0,
474,20040823,   64,    0,
474,20040824,    8,    0,
474,20040825,  289,    0,
474,20040826,   68,    0,
474,20040827,   26,    0,
474,20040828,  166,    0,
474,20040829,    0,    0,
474,20040830,   88,    0,
474,20040831,   38,    0,
474,20040901,    0,    0,
474,20040902,    0,    0,
474,20040903,    0,    0,
474,20040904,    0,    0,
474,20040905,    0,    0,
474,20040906,    0,    0,
474,20040907,    0,    0,
474,20040908,    0,    0,
474,20040909,    0,    0,
474,20040910,    0,    0,
474,20040911,    0,    0,
474,20040912,    5,    0,
474,20040913,   28,    0,
474,20040914,   50,    0,
474,20040915,  254,    0,
474,20040916,   32,    0,
474,20040917,    0,    0,
474,20040918,   10,    0,
474,20040919,    0,    0,
474,20040920,    0,    0,
474,20040921,   43,    0,
474,20040922,   23,    0,
474,20040923,  183,    0,
474,20040924,   45,    0,
474,20040925,   42,    0,
474,20040926,   22,    0,
474,20040927,   24,    0,
474,20040928,    0,    0,
474,20040929,  119,    0,
474,20040930,    0,    0,
474,20041001,   18,    0,
474,20041002,    1,    0,
474,20041003,   58,    0,
474,20041004,    2,    0,
474,20041005,   46,    0,
474,20041006,    0,    0,
474,20041007,    6,    0,
474,20041008,   10,    0,
474,20041009,    0,    0,
474,20041010,    0,    0,
474,20041011,    0,    0,
474,20041012,    0,    0,
474,20041013,    0,    0,
474,20041014,    0,    0,
474,20041015,   17,    0,
474,20041016,   18,    0,
474,20041017,   39,    0,
474,20041018,   86,    0,
474,20041019,   15,    0,
474,20041020,    9,    0,
474,20041021,   72,    0,
474,20041022,    2,    0,
474,20041023,   54,    0,
474,20041024,   58,    0,
474,20041025,   25,    0,
474,20041026,    0,    0,
474,20041027,    0,    0,
474,20041028,   30,    0,
474,20041029,    0,    0,
474,20041030,   19,    0,
474,20041031,    1,    0,
474,20041101,    0,    0,
474,20041102,   28,    0,
474,20041103,   24,    0,
474,20041104,    0,    0,
474,20041105,    0,    0,
474,20041106,    2,    0,
474,20041107,    8,    0,
474,20041108,    4,    0,
474,20041109,    0,    0,
474,20041110,    5,    0,
474,20041111,   36,    0,
474,20041112,    0,    0,
474,20041113,   41,    0,
474,20041114,   54,    0,
474,20041115,    1,    0,
474,20041116,    5,    0,
474,20041117,    5,    0,
474,20041118,   66,    0,
474,20041119,  290,    0,
474,20041120,   88,    0,
474,20041121,   25,    0,
474,20041122,   37,    0,
474,20041123,    2,    0,
474,20041124,    0,    0,
474,20041125,    0,    0,
474,20041126,    0,    0,
474,20041127,   25,    0,
474,20041128,    6,    0,
474,20041129,   10,    0,
474,20041130,    1,    0,
474,20041201,    0,    0,
474,20041202,    0,    0,
474,20041203,    2,    0,
474,20041204,    2,    0,
474,20041205,    2,    0,
474,20041206,    1,    0,
474,20041207,    0,    0,
474,20041208,    2,    0,
474,20041209,    0,    0,
474,20041210,    0,    0,
474,20041211,    0,    0,
474,20041212,    0,    0,
474,20041213,    0,    0,
474,20041214,    0,    0,
474,20041215,    0,    0,
474,20041216,    0,    0,
474,20041217,   46,    0,
474,20041218,   96,    0,
474,20041219,    6,    0,
474,20041220,    0,    0,
474,20041221,    0,    0,
474,20041222,    7,    0,
474,20041223,   84,    0,
474,20041224,    0,    0,
474,20041225,  113,    0,
474,20041226,   10,    0,
474,20041227,    0,    0,
474,20041228,   66,    0,
474,20041229,   54,    0,
474,20041230,    6,    0,
474,20041231,    0,    0,
474,20050101,   21,    0,
474,20050102,   15,    0,
474,20050103,    0,    0,
474,20050104,    0,    0,
474,20050105,    6,    0,
474,20050106,   25,    0,
474,20050107,    0,    0,
474,20050108,    0,    0,
474,20050109,    2,    0,
474,20050110,    4,    0,
474,20050111,   56,    0,
474,20050112,    8,    0,
474,20050113,    0,    0,
474,20050114,    0,    0,
474,20050115,    0,    0,
474,20050116,    0,    0,
474,20050117,    0,    0,
474,20050118,   71,    0,
474,20050119,   21,    0,
474,20050120,    4,    0,
474,20050121,  149,    0,
474,20050122,    3,    0,
474,20050123,    5,    0,
474,20050124,   56,  998,
474,20050125,    7,    0,
474,20050126,    0,    0,
474,20050127,    1,    0,
474,20050128,   13,    0,
474,20050129,    0,    0,
474,20050130,    5,    0,
474,20050131,    7,    0,
474,20050201,   28,    0,
474,20050202,   21,    0,
474,20050203,    6,    0,
474,20050204,    0,    0,
474,20050205,    0,    0,
474,20050206,    0,    0,
474,20050207,    0,    0,
474,20050208,    0,    0,
474,20050209,    0,    0,
474,20050210,   82,    0,
474,20050211,   26,    0,
474,20050212,  146,    0,
474,20050213,   94,    0,
474,20050214,   38,    0,
474,20050215,   24,    0,
474,20050216,    0,    0,
474,20050217,    0,    0,
474,20050218,    0,    0,
474,20050219,   78,    0,
474,20050220,   55,    0,
474,20050221,   17,    0,
474,20050222,    1,    0,
474,20050223,    3,  997,
474,20050224,    5,  998,
474,20050225,    2,    0,
474,20050226,    0,    0,
474,20050227,    0,    0,
474,20050228,    0,    0,
474,20050301,    2,  998,
474,20050302,   25,    2,
474,20050303,  105,   14,
474,20050304,    0,   11,
474,20050305,   45,   13,
474,20050306,    3,    6,
474,20050307,   17,  998,
474,20050308,    5,    0,
474,20050309,    7,    0,
474,20050310,    0,    0,
474,20050311,    0,    0,
474,20050312,   44,    0,
474,20050313,   13,    0,
474,20050314,    0,    0,
474,20050315,    0,    0,
474,20050316,    0,    0,
474,20050317,    4,    0,
474,20050318,    0,    0,
474,20050319,    2,    0,
474,20050320,    0,    0,
474,20050321,    0,    0,
474,20050322,    0,    0,
474,20050323,   14,    0,
474,20050324,    0,    0,
474,20050325,   15,    0,
474,20050326,    2,    0,
474,20050327,    0,    0,
474,20050328,   73,    0,
474,20050329,    4,    0,
474,20050330,    0,    0,
474,20050331,   45,    0,
474,20050401,    0,    0,
474,20050402,    0,    0,
474,20050403,    0,    0,
474,20050404,    0,    0,
474,20050405,   26,    0,
474,20050406,    0,    0,
474,20050407,   15,    0,
474,20050408,    0,    0,
474,20050409,    9,    0,
474,20050410,   48,    0,
474,20050411,    4,    0,
474,20050412,    0,    0,
474,20050413,    0,    0,
474,20050414,  143,    0,
474,20050415,    6,    0,
474,20050416,    2,    0,
474,20050417,   71,    0,
474,20050418,    0,    0,
474,20050419,    9,    0,
474,20050420,  111,    0,
474,20050421,    4,    0,
474,20050422,    0,    0,
474,20050423,    0,    0,
474,20050424,    0,    0,
474,20050425,    0,    0,
474,20050426,    0,    0,
474,20050427,   71,    0,
474,20050428,    0,    0,
474,20050429,  107,    0,
474,20050430,    0,    0,
474,20050501,    0,    0,
474,20050502,    0,    0,
474,20050503,   66,    0,
474,20050504,   22,    0,
474,20050505,    1,    0,
474,20050506,   47,    0,
474,20050507,   15,    0,
474,20050508,   29,    0,
474,20050509,    1,    0,
474,20050510,    1,    0,
474,20050511,    0,    0,
474,20050512,    0,    0,
474,20050513,    0,    0,
474,20050514,    0,    0,
474,20050515,    0,    0,
474,20050516,    0,    0,
474,20050517,   15,    0,
474,20050518,    0,    0,
474,20050519,    0,    0,
474,20050520,   76,    0,
474,20050521,    0,    0,
474,20050522,   26,    0,
474,20050523,    1,    0,
474,20050524,    4,    0,
474,20050525,    3,    0,
474,20050526,    0,    0,
474,20050527,    0,    0,
474,20050528,    0,    0,
474,20050529,    0,    0,
474,20050530,   38,    0,
474,20050531,   32,    0,
474,20050601,    6,    0,
474,20050602,   29,    0,
474,20050603,    0,    0,
474,20050604,  156,    0,
474,20050605,    6,    0,
474,20050606,    2,    0,
474,20050607,    0,    0,
474,20050608,    0,    0,
474,20050609,    0,    0,
474,20050610,    0,    0,
474,20050611,    0,    0,
474,20050612,    6,    0,
474,20050613,   93,    0,
474,20050614,    0,    0,
474,20050615,    0,    0,
474,20050616,    4,    0,
474,20050617,    0,    0,
474,20050618,    0,    0,
474,20050619,    0,    0,
474,20050620,    0,    0,
474,20050621,    0,    0,
474,20050622,    0,    0,
474,20050623,    0,    0,
474,20050624,    0,    0,
474,20050625,   29,    0,
474,20050626,    0,    0,
474,20050627,    0,    0,
474,20050628,    0,    0,
474,20050629,   21,    0,
474,20050630,   62,    0,
474,20050701,   19,    0,
474,20050702,   16,    0,
474,20050703,    0,    0,
474,20050704,  256,    0,
474,20050705,  168,    0,
474,20050706,   27,    0,
474,20050707,   49,    0,
474,20050708,    0,    0,
474,20050709,   21,    0,
474,20050710,    0,    0,
474,20050711,    0,    0,
474,20050712,    0,    0,
474,20050713,    0,    0,
474,20050714,    0,    0,
474,20050715,    0,    0,
474,20050716,    0,    0,
474,20050717,    0,    0,
474,20050718,    0,    0,
474,20050719,   13,    0,
474,20050720,    0,    0,
474,20050721,   48,    0,
474,20050722,    0,    0,
474,20050723,    0,    0,
474,20050724,    0,    0,
474,20050725,   52,    0,
474,20050726,   31,    0,
474,20050727,   49,    0,
474,20050728,   21,    0,
474,20050729,    1,    0,
474,20050730,  128,    0,
474,20050731,  141,    0,
474,20050801,   31,    0,
474,20050802,    0,    0,
474,20050803,    0,    0,
474,20050804,   12,    0,
474,20050805,   34,    0,
474,20050806,   47,    0,
474,20050807,   10,    0,
474,20050808,   39,    0,
474,20050809,    2,    0,
474,20050810,    0,    0,
474,20050811,    0,    0,
474,20050812,  176,    0,
474,20050813,  129,    0,
474,20050814,   96,    0,
474,20050815,   16,    0,
474,20050816,    0,    0,
474,20050817,    0,    0,
474,20050818,    0,    0,
474,20050819,    0,    0,
474,20050820,   77,    0,
474,20050821,    2,    0,
474,20050822,    0,    0,
474,20050823,  141,    0,
474,20050824,    0,    0,
474,20050825,  114,    0,
474,20050826,   24,    0,
474,20050827,   12,    0,
474,20050828,    0,    0,
474,20050829,    0,    0,
474,20050830,    0,    0,
474,20050831,    0,    0,
474,20050901,    0,    0,
474,20050902,    2,    0,
474,20050903,    0,    0,
474,20050904,    0,    0,
474,20050905,    0,    0,
474,20050906,    0,    0,
474,20050907,    0,    0,
474,20050908,    0,    0,
474,20050909,    0,    0,
474,20050910,  224,    0,
474,20050911,   31,    0,
474,20050912,    0,    0,
474,20050913,    0,    0,
474,20050914,    0,    0,
474,20050915,    3,    0,
474,20050916,  263,    0,
474,20050917,   76,    0,
474,20050918,    0,    0,
474,20050919,    0,    0,
474,20050920,    0,    0,
474,20050921,    0,    0,
474,20050922,    0,    0,
474,20050923,    0,    0,
474,20050924,    9,    0,
474,20050925,    0,    0,
474,20050926,   89,    0,
474,20050927,    0,    0,
474,20050928,   35,    0,
474,20050929,  123,    0,
474,20050930,   51,    0,
474,20051001,   67,    0,
474,20051002,  189,    0,
474,20051003,   26,    0,
474,20051004,    0,    0,
474,20051005,    0,    0,
474,20051006,    0,    0,
474,20051007,    0,    0,
474,20051008,    0,    0,
474,20051009,   20,    0,
474,20051010,    0,    0,
474,20051011,    0,    0,
474,20051012,    0,    0,
474,20051013,    0,    0,
474,20051014,    0,    0,
474,20051015,    0,    0,
474,20051016,    0,    0,
474,20051017,    0,    0,
474,20051018,    0,    0,
474,20051019,    8,    0,
474,20051020,   39,    0,
474,20051021,    7,    0,
474,20051022,   58,    0,
474,20051023,    0,    0,
474,20051024,   70,    0,
474,20051025,  136,    0,
474,20051026,  104,    0,
474,20051027,    0,    0,
474,20051028,    0,    0,
474,20051029,    6,    0,
474,20051030,    0,    0,
474,20051031,    0,    0,
474,20051101,    0,    0,
474,20051102,   30,    0,
474,20051103,   42,    0,
474,20051104,    0,    0,
474,20051105,   18,    0,
474,20051106,    2,    0,
474,20051107,   32,    0,
474,20051108,    5,    0,
474,20051109,    9,    0,
474,20051110,    6,    0,
474,20051111,   34,    0,
474,20051112,   19,    0,
474,20051113,    1,    0,
474,20051114,    0,    0,
474,20051115,   35,    0,
474,20051116,   75,    0,
474,20051117,   68,    0,
474,20051118,  130,    0,
474,20051119,   15,    0,
474,20051120,    7,    0,
474,20051121,    0,    0,
474,20051122,    0,    0,
474,20051123,    0,    0,
474,20051124,    0,    0,
474,20051125,  392,    0,
474,20051126,  316,    0,
474,20051127,    5,    0,
474,20051128,    1,    0,
474,20051129,   88,    0,
474,20051130,   41,    0,
474,20051201,    3,    0,
474,20051202,    0,    0,
474,20051203,    2,    0,
474,20051204,   33,    0,
474,20051205,  139,    0,
474,20051206,   88,    0,
474,20051207,   36,    0,
474,20051208,   10,    0,
474,20051209,    0,    0,
474,20051210,    0,    0,
474,20051211,    2,    0,
474,20051212,    0,    0,
474,20051213,    0,    0,
474,20051214,    8,    0,
474,20051215,    4,    0,
474,20051216,   65,    0,
474,20051217,    9,    0,
474,20051218,   21,    0,
474,20051219,   61,    0,
474,20051220,    2,    0,
474,20051221,    1,    0,
474,20051222,   19,    0,
474,20051223,   10,    0,
474,20051224,    2,    0,
474,20051225,    4,    0,
474,20051226,    6,    0,
474,20051227,    3,  998,
474,20051228,    0,    0,
474,20051229,    0,    0,
474,20051230,   24,    1,
474,20051231,  116,  998,
474,20060101,   40,    0,
474,20060102,    2,    0,
474,20060103,    0,    0,
474,20060104,   13,    0,
474,20060105,    0,    0,
474,20060106,    0,    0,
474,20060107,    0,    0,
474,20060108,    0,    0,
474,20060109,    0,    0,
474,20060110,    0,    0,
474,20060111,   16,    0,
474,20060112,   44,    0,
474,20060113,    0,    0,
474,20060114,    0,    0,
474,20060115,    0,    0,
474,20060116,    0,    0,
474,20060117,   64,    0,
474,20060118,   16,    0,
474,20060119,    3,    0,
474,20060120,    8,    0,
474,20060121,   32,    0,
474,20060122,    3,    0,
474,20060123,    0,    0,
474,20060124,    0,    0,
474,20060125,    0,    0,
474,20060126,    4,    0,
474,20060127,    0,    0,
474,20060128,    0,    0,
474,20060129,    0,    0,
474,20060130,    0,    0,
474,20060131,    0,    0,
474,20060201,    0,    0,
474,20060202,    0,    0,
474,20060203,    0,    0,
474,20060204,    4,    0,
474,20060205,    3,    0,
474,20060206,   10,    0,
474,20060207,    1,    0,
474,20060208,   89,    0,
474,20060209,   74,    0,
474,20060210,   20,    0,
474,20060211,    0,    0,
474,20060212,    3,    0,
474,20060213,   79,    0,
474,20060214,    5,    0,
474,20060215,  116,    0,
474,20060216,   76,    0,
474,20060217,   69,    0,
474,20060218,   12,    0,
474,20060219,    1,    0,
474,20060220,    0,    0,
474,20060221,    0,    0,
474,20060222,    2,    0,
474,20060223,    1,    0,
474,20060224,    0,    0,
474,20060225,    0,    0,
474,20060226,    0,    0,
474,20060227,   14,    0,
474,20060228,  141,  998,
474,20060301,  129,  998,
474,20060302,   59,  998,
474,20060303,   18,    1,
474,20060304,    2,  998,
474,20060305,    5,    0,
474,20060306,   47,  998,
474,20060307,    6,    0,
474,20060308,    2,    0,
474,20060309,  230,    0,
474,20060310,   33,    0,
474,20060311,   42,    0,
474,20060312,   12,    0,
474,20060313,    0,    0,
474,20060314,    0,    0,
474,20060315,    0,    0,
474,20060316,    0,    0,
474,20060317,    0,    0,
474,20060318,    0,    0,
474,20060319,    0,    0,
474,20060320,    0,    0,
474,20060321,    0,    0,
474,20060322,    0,    0,
474,20060323,    0,    0,
474,20060324,    0,    0,
474,20060325,   75,    0,
474,20060326,   80,    0,
474,20060327,   76,    0,
474,20060328,    4,    0,
474,20060329,   44,    0,
474,20060330,   99,    0,
474,20060331,    1,    0,
474,20060401,    4,    0,
474,20060402,   61,    0,
474,20060403,   56,    0,
474,20060404,    4,    0,
474,20060405,    1,    0,
474,20060406,    0,    0,
474,20060407,    3,    0,
474,20060408,   16,    0,
474,20060409,   26,    0,
474,20060410,    1,    0,
474,20060411,    0,    0,
474,20060412,   41,    0,
474,20060413,   10,    0,
474,20060414,   15,    0,
474,20060415,    0,    0,
474,20060416,   93,    0,
474,20060417,    4,    0,
474,20060418,   14,    0,
474,20060419,    0,    0,
474,20060420,    0,    0,
474,20060421,    0,    0,
474,20060422,    0,    0,
474,20060423,    0,    0,
474,20060424,   16,    0,
474,20060425,    0,    0,
474,20060426,    9,    0,
474,20060427,    0,    0,
474,20060428,    0,    0,
474,20060429,    0,    0,
474,20060430,    0,    0,
474,20060501,    5,    0,
474,20060502,   77,    0,
474,20060503,    0,    0,
474,20060504,    0,    0,
474,20060505,    0,    0,
474,20060506,    9,    0,
474,20060507,    0,    0,
474,20060508,    0,    0,
474,20060509,    0,    0,
474,20060510,    0,    0,
474,20060511,    0,    0,
474,20060512,    0,    0,
474,20060513,    0,    0,
474,20060514,    0,    0,
474,20060515,    0,    0,
474,20060516,    0,    0,
474,20060517,    5,    0,
474,20060518,   56,    0,
474,20060519,  127,    0,
474,20060520,   98,    0,
474,20060521,   32,    0,
474,20060522,   64,    0,
474,20060523,  100,    0,
474,20060524,    1,    0,
474,20060525,  166,    0,
474,20060526,   16,    0,
474,20060527,  131,    0,
474,20060528,   54,    0,
474,20060529,    0,    0,
474,20060530,   55,    0,
474,20060531,   31,    0,
474,20060601,    3,    0,
474,20060602,   12,    0,
474,20060603,    0,    0,
474,20060604,    0,    0,
474,20060605,    0,    0,
474,20060606,    0,    0,
474,20060607,    0,    0,
474,20060608,    0,    0,
474,20060609,    0,    0,
474,20060610,    0,    0,
474,20060611,    0,    0,
474,20060612,    0,    0,
474,20060613,    0,    0,
474,20060614,   72,    0,
474,20060615,   55,    0,
474,20060616,    5,    0,
474,20060617,    0,    0,
474,20060618,    0,    0,
474,20060619,    3,    0,
474,20060620,    0,    0,
474,20060621,   37,    0,
474,20060622,   45,    0,
474,20060623,    0,    0,
474,20060624,    0,    0,
474,20060625,    0,    0,
474,20060626,  163,    0,
474,20060627,    4,    0,
474,20060628,    0,    0,
474,20060629,    0,    0,
474,20060630,    0,    0,
474,20060701,    0,    0,
474,20060702,    0,    0,
474,20060703,    0,    0,
474,20060704,    0,    0,
474,20060705,   26,    0,
474,20060706,    3,    0,
474,20060707,    0,    0,
474,20060708,    0,    0,
474,20060709,    0,    0,
474,20060710,    5,    0,
474,20060711,   70,    0,
474,20060712,    0,    0,
474,20060713,    0,    0,
474,20060714,    0,    0,
474,20060715,    0,    0,
474,20060716,    0,    0,
474,20060717,    0,    0,
474,20060718,    0,    0,
474,20060719,    0,    0,
474,20060720,    0,    0,
474,20060721,    0,    0,
474,20060722,    0,    0,
474,20060723,    0,    0,
474,20060724,    0,    0,
474,20060725,    0,    0,
474,20060726,    0,    0,
474,20060727,   30,    0,
474,20060728,   10,    0,
474,20060729,    0,    0,
474,20060730,    0,    0,
474,20060731,   19,    0,
474,20060801,   19,    0,
474,20060802,   54,    0,
474,20060803,  150,    0,
474,20060804,  331,    0,
474,20060805,    9,    0,
474,20060806,    0,    0,
474,20060807,    0,    0,
474,20060808,    6,    0,
474,20060809,    0,    0,
474,20060810,   31,    0,
474,20060811,   40,    0,
474,20060812,   65,    0,
474,20060813,   10,    0,
474,20060814,  142,    0,
474,20060815,  349,    0,
474,20060816,    2,    0,
474,20060817,    5,    0,
474,20060818,   51,    0,
474,20060819,    0,    0,
474,20060820,   60,    0,
474,20060821,  186,    0,
474,20060822,  102,    0,
474,20060823,    0,    0,
474,20060824,    9,    0,
474,20060825,  301,    0,
474,20060826,    2,    0,
474,20060827,   27,    0,
474,20060828,   46,    0,
474,20060829,  119,    0,
474,20060830,   61,    0,
474,20060831,   40,    0,
474,20060901,    5,    0,
474,20060902,    0,    0,
474,20060903,   66,    0,
474,20060904,    1,    0,
474,20060905,    0,    0,
474,20060906,    0,    0,
474,20060907,    4,    0,
474,20060908,    5,    0,
474,20060909,    0,    0,
474,20060910,    0,    0,
474,20060911,    0,    0,
474,20060912,    0,    0,
474,20060913,    0,    0,
474,20060914,    0,    0,
474,20060915,    1,    0,
474,20060916,    0,    0,
474,20060917,    0,    0,
474,20060918,    0,    0,
474,20060919,   18,    0,
474,20060920,    0,    0,
474,20060921,    0,    0,
474,20060922,    0,    0,
474,20060923,    2,    0,
474,20060924,   32,    0,
474,20060925,   15,    0,
474,20060926,   18,    0,
474,20060927,    0,    0,
474,20060928,    0,    0,
474,20060929,    0,    0,
474,20060930,   35,    0,
474,20061001,   73,    0,
474,20061002,   61,    0,
474,20061003,  293,    0,
474,20061004,   93,    0,
474,20061005,   39,    0,
474,20061006,  196,    0,
474,20061007,  128,    0,
474,20061008,    0,    0,
474,20061009,    0,    0,
474,20061010,    0,    0,
474,20061011,    0,    0,
474,20061012,    0,    0,
474,20061013,    0,    0,
474,20061014,    0,    0,
474,20061015,    0,    0,
474,20061016,    0,    0,
474,20061017,    0,    0,
474,20061018,   15,    0,
474,20061019,   16,    0,
474,20061020,    2,    0,
474,20061021,    0,    0,
474,20061022,   73,    0,
474,20061023,   67,    0,
474,20061024,  154,    0,
474,20061025,   32,    0,
474,20061026,   24,    0,
474,20061027,    2,    0,
474,20061028,    1,    0,
474,20061029,    5,    0,
474,20061030,    0,    0,
474,20061031,    0,    0,
474,20061101,   32,    0,
474,20061102,   36,    0,
474,20061103,   58,    0,
474,20061104,   54,    0,
474,20061105,    0,    0,
474,20061106,    0,    0,
474,20061107,    0,    0,
474,20061108,    0,    0,
474,20061109,   11,    0,
474,20061110,    0,    0,
474,20061111,  116,    0,
474,20061112,   70,    0,
474,20061113,   56,    0,
474,20061114,    0,    0,
474,20061115,   68,    0,
474,20061116,    1,    0,
474,20061117,  101,    0,
474,20061118,   22,    0,
474,20061119,    1,    0,
474,20061120,   36,    0,
474,20061121,   91,    0,
474,20061122,   75,    0,
474,20061123,  121,    0,
474,20061124,   14,    0,
474,20061125,   54,    0,
474,20061126,    5,    0,
474,20061127,    0,    0,
474,20061128,    0,    0,
474,20061129,   11,    0,
474,20061130,    0,    0,
474,20061201,    0,    0,
474,20061202,  152,    0,
474,20061203,   66,    0,
474,20061204,   75,    0,
474,20061205,   42,    0,
474,20061206,   11,    0,
474,20061207,   81,    0,
474,20061208,  104,    0,
474,20061209,  168,    0,
474,20061210,   16,    0,
474,20061211,   37,    0,
474,20061212,   41,    0,
474,20061213,   39,    0,
474,20061214,    1,    0,
474,20061215,    0,    0,
474,20061216,   48,    0,
474,20061217,   42,    0,
474,20061218,    6,    0,
474,20061219,    0,    0,
474,20061220,    0,    0,
474,20061221,    0,    0,
474,20061222,    0,    0,
474,20061223,    0,    0,
474,20061224,    0,    0,
474,20061225,    0,    0,
474,20061226,    0,    0,
474,20061227,    2,    0,
474,20061228,   12,    0,
474,20061229,    1,    0,
474,20061230,   14,    0,
474,20061231,   54,    0,
474,20070101,   29,    0,
474,20070102,   52,    0,
474,20070103,   21,    0,
474,20070104,    8,    0,
474,20070105,    3,    0,
474,20070106,   12,    0,
474,20070107,   88,    0,
474,20070108,   73,    0,
474,20070109,   21,    0,
474,20070110,    0,    0,
474,20070111,  101,    0,
474,20070112,   20,    0,
474,20070113,    2,    0,
474,20070114,    2,    0,
474,20070115,    0,    0,
474,20070116,    6,    0,
474,20070117,   38,    0,
474,20070118,  371,    0,
474,20070119,   89,    0,
474,20070120,   24,    0,
474,20070121,   43,    0,
474,20070122,   23,    0,
474,20070123,   14,    0,
474,20070124,    0,    0,
474,20070125,    0,    0,
474,20070126,    0,    0,
474,20070127,   24,    0,
474,20070128,    2,    0,
474,20070129,    2,    0,
474,20070130,    8,    0,
474,20070131,    1,    0,
474,20070201,    9,    0,
474,20070202,    1,    0,
474,20070203,    0,    0,
474,20070204,    0,    0,
474,20070205,    0,    0,
474,20070206,   15,    0,
474,20070207,  116,    0,
474,20070208,    3,    0,
474,20070209,   25,    0,
474,20070210,    3,    0,
474,20070211,  123,    0,
474,20070212,   80,    0,
474,20070213,   42,    0,
474,20070214,   11,    0,
474,20070215,   72,    0,
474,20070216,    0,    0,
474,20070217,    0,    0,
474,20070218,    0,    0,
474,20070219,    0,    0,
474,20070220,    0,    0,
474,20070221,    6,    0,
474,20070222,   53,    0,
474,20070223,    4,    0,
474,20070224,   15,    0,
474,20070225,   90,    0,
474,20070226,   60,    0,
474,20070227,    8,    0,
474,20070228,   83,    0,
474,20070301,   70,    0,
474,20070302,   27,    0,
474,20070303,  146,    0,
474,20070304,   17,    0,
474,20070305,   76,    0,
474,20070306,   45,    0,
474,20070307,  176,    0,
474,20070308,   51,    0,
474,20070309,   11,    0,
474,20070310,   31,    0,
474,20070311,    0,    0,
474,20070312,    0,    0,
474,20070313,    0,    0,
474,20070314,    0,    0,
474,20070315,    0,    0,
474,20070316,    2,    0,
474,20070317,    4,    0,
474,20070318,  107,    0,
474,20070319,   18,    0,
474,20070320,   46,    0,
474,20070321,   34,    0,
474,20070322,    0,    0,
474,20070323,    1,    0,
474,20070324,    0,    0,
474,20070325,    0,    0,
474,20070326,    0,    0,
474,20070327,    0,    0,
474,20070328,    0,    0,
474,20070329,    0,    0,
474,20070330,    1,    0,
474,20070331,    0,    0,
474,20070401,    0,    0,
474,20070402,    0,    0,
474,20070403,    5,    0,
474,20070404,    0,    0,
474,20070405,    0,    0,
474,20070406,    0,    0,
474,20070407,    0,    0,
474,20070408,    0,    0,
474,20070409,    0,    0,
474,20070410,    0,    0,
474,20070411,    0,    0,
474,20070412,    0,    0,
474,20070413,    0,    0,
474,20070414,    0,    0,
474,20070415,    0,    0,
474,20070416,    0,    0,
474,20070417,    0,    0,
474,20070418,    0,    0,
474,20070419,    0,    0,
474,20070420,    0,    0,
474,20070421,    0,    0,
474,20070422,    0,    0,
474,20070423,    0,    0,
474,20070424,    0,    0,
474,20070425,    0,    0,
474,20070426,    0,    0,
474,20070427,    0,    0,
474,20070428,    0,    0,
474,20070429,    0,    0,
474,20070430,    0,    0,
474,20070501,    0,    0,
474,20070502,    0,    0,
474,20070503,    0,    0,
474,20070504,    0,    0,
474,20070505,    0,    0,
474,20070506,    0,    0,
474,20070507,  132,    0,
474,20070508,  124,    0,
474,20070509,   36,    0,
474,20070510,   73,    0,
474,20070511,  254,    0,
474,20070512,   83,    0,
474,20070513,    0,    0,
474,20070514,    0,    0,
474,20070515,    8,    0,
474,20070516,   54,    0,
474,20070517,   56,    0,
474,20070518,    1,    0,
474,20070519,    0,    0,
474,20070520,    0,    0,
474,20070521,   30,    0,
474,20070522,    2,    0,
474,20070523,    0,    0,
474,20070524,    0,    0,
474,20070525,    0,    0,
474,20070526,    2,    0,
474,20070527,   60,    0,
474,20070528,    1,    0,
474,20070529,  196,    0,
474,20070530,    0,    0,
474,20070531,   56,    0,
474,20070601,   62,    0,
474,20070602,    0,    0,
474,20070603,    0,    0,
474,20070604,    0,    0,
474,20070605,    0,    0,
474,20070606,    0,    0,
474,20070607,    0,    0,
474,20070608,    0,    0,
474,20070609,   71,    0,
474,20070610,    0,    0,
474,20070611,   24,    0,
474,20070612,    0,    0,
474,20070613,    0,    0,
474,20070614,   46,    0,
474,20070615,  390,    0,
474,20070616,    6,    0,
474,20070617,  109,    0,
474,20070618,   41,    0,
474,20070619,   53,    0,
474,20070620,   13,    0,
474,20070621,    0,    0,
474,20070622,  101,    0,
474,20070623,   29,    0,
474,20070624,    1,    0,
474,20070625,   50,    0,
474,20070626,   63,    0,
474,20070627,   55,    0,
474,20070628,   44,    0,
474,20070629,    0,    0,
474,20070630,   65,    0,
474,20070701,   82,    0,
474,20070702,   45,    0,
474,20070703,   43,    0,
474,20070704,  124,    0,
474,20070705,  194,    0,
474,20070706,   57,    0,
474,20070707,   10,    0,
474,20070708,    0,    0,
474,20070709,    0,    0,
474,20070710,  107,    0,
474,20070711,    0,    0,
474,20070712,    0,    0,
474,20070713,    1,    0,
474,20070714,    0,    0,
474,20070715,    0,    0,
474,20070716,   84,    0,
474,20070717,  409,    0,
474,20070718,    5,    0,
474,20070719,    0,    0,
474,20070720,    1,    0,
474,20070721,   44,    0,
474,20070722,   10,    0,
474,20070723,   59,    0,
474,20070724,  227,    0,
474,20070725,   20,    0,
474,20070726,    1,    0,
474,20070727,    4,    0,
474,20070728,  195,    0,
474,20070729,  133,    0,
474,20070730,   44,    0,
474,20070731,   12,    0,
474,20070801,    0,    0,
474,20070802,    0,    0,
474,20070803,    0,    0,
474,20070804,    0,    0,
474,20070805,    0,    0,
474,20070806,    0,    0,
474,20070807,   33,    0,
474,20070808,    0,    0,
474,20070809,    0,    0,
474,20070810,    1,    0,
474,20070811,    0,    0,
474,20070812,    0,    0,
474,20070813,    2,    0,
474,20070814,    0,    0,
474,20070815,  161,    0,
474,20070816,   10,    0,
474,20070817,   65,    0,
474,20070818,   19,    0,
474,20070819,    2,    0,
474,20070820,   31,    0,
474,20070821,    2,    0,
474,20070822,   17,    0,
474,20070823,    0,    0,
474,20070824,    0,    0,
474,20070825,    0,    0,
474,20070826,    0,    0,
474,20070827,    0,    0,
474,20070828,    0,    0,
474,20070829,    0,    0,
474,20070830,    0,    0,
474,20070831,    1,    0,
474,20070901,   13,    0,
474,20070902,    0,    0,
474,20070903,  156,    0,
474,20070904,   51,    0,
474,20070905,    3,    0,
474,20070906,    6,    0,
474,20070907,    1,    0,
474,20070908,    0,    0,
474,20070909,    3,    0,
474,20070910,    1,    0,
474,20070911,   32,    0,
474,20070912,    0,    0,
474,20070913,    0,    0,
474,20070914,    0,    0,
474,20070915,    0,    0,
474,20070916,    0,    0,
474,20070917,   31,    0,
474,20070918,  190,    0,
474,20070919,    4,    0,
474,20070920,   60,    0,
474,20070921,   38,    0,
474,20070922,    0,    0,
474,20070923,    0,    0,
474,20070924,    0,    0,
474,20070925,   58,    0,
474,20070926,  122,    0,
474,20070927,   89,    0,
474,20070928,   66,    0,
474,20070929,   12,    0,
474,20070930,   14,    0,
474,20071001,    0,    0,
474,20071002,    0,    0,
474,20071003,   36,    0,
474,20071004,    3,    0,
474,20071005,    1,    0,
474,20071006,    0,    0,
474,20071007,    0,    0,
474,20071008,    0,    0,
474,20071009,    0,    0,
474,20071010,   46,    0,
474,20071011,    0,    0,
474,20071012,    0,    0,
474,20071013,    0,    0,
474,20071014,    0,    0,
474,20071015,    0,    0,
474,20071016,    0,    0,
474,20071017,   23,    0,
474,20071018,   16,    0,
474,20071019,    0,    0,
474,20071020,    0,    0,
474,20071021,    0,    0,
474,20071022,    0,    0,
474,20071023,    0,    0,
474,20071024,    0,    0,
474,20071025,    0,    0,
474,20071026,    0,    0,
474,20071027,    0,    0,
474,20071028,    0,    0,
474,20071029,   59,    0,
474,20071030,   69,    0,
474,20071031,    8,    0,
474,20071101,    0,    0,
474,20071102,    0,    0,
474,20071103,   16,    0,
474,20071104,    1,    0,
474,20071105,    0,    0,
474,20071106,   54,    0,
474,20071107,   10,    0,
474,20071108,    0,    0,
474,20071109,   98,    0,
474,20071110,   87,    0,
474,20071111,   12,    0,
474,20071112,   23,    0,
474,20071113,    8,    0,
474,20071114,   84,    0,
474,20071115,    0,    0,
474,20071116,    0,    0,
474,20071117,    6,    0,
474,20071118,    0,    0,
474,20071119,    4,    0,
474,20071120,    2,    0,
474,20071121,    6,    0,
474,20071122,    5,    0,
474,20071123,    7,    0,
474,20071124,    2,    0,
474,20071125,   31,    0,
474,20071126,   50,    0,
474,20071127,    4,    0,
474,20071128,    4,    0,
474,20071129,    2,    0,
474,20071130,   17,    0,
474,20071201,   92,    0,
474,20071202,   14,    0,
474,20071203,  254,    0,
474,20071204,   25,    0,
474,20071205,    4,    0,
474,20071206,   31,    0,
474,20071207,  249,    0,
474,20071208,    9,    0,
474,20071209,  118,    0,
474,20071210,   39,    0,
474,20071211,   18,    0,
474,20071212,    4,    0,
474,20071213,    0,    0,
474,20071214,    0,    0,
474,20071215,    0,    0,
474,20071216,    0,    0,
474,20071217,    0,    0,
474,20071218,    0,    0,
474,20071219,    0,    0,
474,20071220,    1,  998,
474,20071221,    5,  997,
474,20071222,    0,  998,
474,20071223,    0,    0,
474,20071224,    0,    0,
474,20071225,    0,    0,
474,20071226,   12,    0,
474,20071227,    0,    0,
474,20071228,    0,    0,
474,20071229,   40,    0,
474,20071230,    9,    0,
474,20071231,    5,    0,
474,20080101,    0,    0,
474,20080102,    0,    0,
474,20080103,    0,    0,
474,20080104,    0,    0,
474,20080105,   99,    0,
474,20080106,   35,    0,
474,20080107,   16,    0,
474,20080108,    5,    0,
474,20080109,   11,    0,
474,20080110,    0,    0,
474,20080111,  188,    0,
474,20080112,   48,    0,
474,20080113,    6,    0,
474,20080114,    0,    0,
474,20080115,   12,    0,
474,20080116,  132,    0,
474,20080117,    8,    0,
474,20080118,  136,    0,
474,20080119,   96,    0,
474,20080120,  121,    0,
474,20080121,    4,    0,
474,20080122,  112,    0,
474,20080123,    8,    0,
474,20080124,    2,    0,
474,20080125,   16,    0,
474,20080126,    0,    0,
474,20080127,    0,    0,
474,20080128,    0,    0,
474,20080129,    0,    0,
474,20080130,   13,    0,
474,20080131,   17,    0,
474,20080201,   50,    0,
474,20080202,  162,    0,
474,20080203,    2,    0,
474,20080204,    4,    0,
474,20080205,   11,    0,
474,20080206,   46,    0,
474,20080207,    7,    0,
474,20080208,    0,    0,
474,20080209,    0,    0,
474,20080210,    0,    0,
474,20080211,    0,    0,
474,20080212,    0,    0,
474,20080213,    0,    0,
474,20080214,    0,    0,
474,20080215,    0,    0,
474,20080216,    0,    0,
474,20080217,    0,    0,
474,20080218,    0,    0,
474,20080219,    0,    0,
474,20080220,    0,    0,
474,20080221,    0,    0,
474,20080222,    9,    0,
474,20080223,    5,    0,
474,20080224,    0,    0,
474,20080225,   61,    0,
474,20080226,   43,    0,
474,20080227,   10,    0,
474,20080228,    0,    0,
474,20080229,    0,    0,
474,20080301,   42,    0,
474,20080302,    1,    0,
474,20080303,    0,    0,
474,20080304,    0,    0,
474,20080305,    9,    0,
474,20080306,    0,    0,
474,20080307,    0,    0,
474,20080308,    3,    0,
474,20080309,   11,    0,
474,20080310,  104,    0,
474,20080311,  110,    0,
474,20080312,   34,    0,
474,20080313,    1,    0,
474,20080314,    0,    0,
474,20080315,    0,    0,
474,20080316,   93,    0,
474,20080317,   65,    0,
474,20080318,    8,    0,
474,20080319,    9,    0,
474,20080320,   26,    0,
474,20080321,  186,    0,
474,20080322,  171,    0,
474,20080323,   11,    0,
474,20080324,  117,    2,
474,20080325,   14,    0,
474,20080326,   22,    0,
474,20080327,    2,    0,
474,20080328,   15,    0,
474,20080329,   65,    0,
474,20080330,   38,    0,
474,20080331,  137,    0,
474,20080401,    0,    0,
474,20080402,   33,    0,
474,20080403,    4,    0,
474,20080404,    0,    0,
474,20080405,   67,    0,
474,20080406,   33,    0,
474,20080407,    1,    0,
474,20080408,    2,    0,
474,20080409,    1,    0,
474,20080410,    0,    0,
474,20080411,    0,    0,
474,20080412,    0,    0,
474,20080413,    0,    0,
474,20080414,    0,    0,
474,20080415,    3,    0,
474,20080416,    0,    0,
474,20080417,    0,    0,
474,20080418,    0,    0,
474,20080419,    0,    0,
474,20080420,    3,    0,
474,20080421,    0,    0,
474,20080422,    0,    0,
474,20080423,    0,    0,
474,20080424,   73,    0,
474,20080425,   11,    0,
474,20080426,    0,    0,
474,20080427,    0,    0,
474,20080428,   13,    0,
474,20080429,   25,    0,
474,20080430,   81,    0,
474,20080501,   10,    0,
474,20080502,   57,    0,
474,20080503,    0,    0,
474,20080504,    0,    0,
474,20080505,    0,    0,
474,20080506,    0,    0,
474,20080507,    0,    0,
474,20080508,    0,    0,
474,20080509,    0,    0,
474,20080510,    0,    0,
474,20080511,    0,    0,
474,20080512,    0,    0,
474,20080513,    0,    0,
474,20080514,    0,    0,
474,20080515,    0,    0,
474,20080516,  149,    0,
474,20080517,   92,    0,
474,20080518,   33,    0,
474,20080519,    0,    0,
474,20080520,    0,    0,
474,20080521,    0,    0,
474,20080522,    0,    0,
474,20080523,    0,    0,
474,20080524,    0,    0,
474,20080525,   36,    0,
474,20080526,   19,    0,
474,20080527,   72,    0,
474,20080528,    2,    0,
474,20080529,    1,    0,
474,20080530,   25,    0,
474,20080531,    0,    0,
474,20080601,   62,    0,
474,20080602,   15,    0,
474,20080603,   29,    0,
474,20080604,    0,    0,
474,20080605,    0,    0,
474,20080606,    2,    0,
474,20080607,    0,    0,
474,20080608,    0,    0,
474,20080609,    0,    0,
474,20080610,    0,    0,
474,20080611,    0,    0,
474,20080612,    1,    0,
474,20080613,   27,    0,
474,20080614,    2,    0,
474,20080615,   45,    0,
474,20080616,    0,    0,
474,20080617,    0,    0,
474,20080618,    0,    0,
474,20080619,    5,    0,
474,20080620,    9,    0,
474,20080621,    0,    0,
474,20080622,    0,    0,
474,20080623,    0,    0,
474,20080624,    0,    0,
474,20080625,    0,    0,
474,20080626,    0,    0,
474,20080627,   98,    0,
474,20080628,   19,    0,
474,20080629,    5,    0,
474,20080630,    0,    0,
474,20080701,    0,    0,
474,20080702,    0,    0,
474,20080703,   34,    0,
474,20080704,    0,    0,
474,20080705,    0,    0,
474,20080706,   45,    0,
474,20080707,   26,    0,
474,20080708,  420,    0,
474,20080709,  172,    0,
474,20080710,  216,    0,
474,20080711,   26,    0,
474,20080712,  296,    0,
474,20080713,    8,    0,
474,20080714,    0,    0,
474,20080715,    0,    0,
474,20080716,   18,    0,
474,20080717,    2,    0,
474,20080718,   85,    0,
474,20080719,   69,    0,
474,20080720,   82,    0,
474,20080721,   38,    0,
474,20080722,  124,    0,
474,20080723,    0,    0,
474,20080724,    0,    0,
474,20080725,    0,    0,
474,20080726,    0,    0,
474,20080727,    0,    0,
474,20080728,   93,    0,
474,20080729,    3,    0,
474,20080730,    9,    0,
474,20080731,    0,    0,
474,20080801,   98,    0,
474,20080802,    0,    0,
474,20080803,   47,    0,
474,20080804,  110,    0,
474,20080805,    0,    0,
474,20080806,   22,    0,
474,20080807,  130,    0,
474,20080808,  257,    0,
474,20080809,    6,    0,
474,20080810,   36,    0,
474,20080811,    1,    0,
474,20080812,    8,    0,
474,20080813,   87,    0,
474,20080814,   46,    0,
474,20080815,    0,    0,
474,20080816,    0,    0,
474,20080817,    0,    0,
474,20080818,   66,    0,
474,20080819,   22,    0,
474,20080820,   32,    0,
474,20080821,    0,    0,
474,20080822,    2,    0,
474,20080823,  134,    0,
474,20080824,    0,    0,
474,20080825,    5,    0,
474,20080826,    0,    0,
474,20080827,    0,    0,
474,20080828,    0,    0,
474,20080829,    0,    0,
474,20080830,    0,    0,
474,20080831,    0,    0,
474,20080901,   14,    0,
474,20080902,    7,    0,
474,20080903,  144,    0,
474,20080904,    1,    0,
474,20080905,   20,    0,
474,20080906,   92,    0,
474,20080907,   15,    0,
474,20080908,  128,    0,
474,20080909,    0,    0,
474,20080910,   29,    0,
474,20080911,    0,    0,
474,20080912,   69,    0,
474,20080913,   60,    0,
474,20080914,    0,    0,
474,20080915,    0,    0,
474,20080916,    0,    0,
474,20080917,    0,    0,
474,20080918,    0,    0,
474,20080919,    0,    0,
474,20080920,    0,    0,
474,20080921,    0,    0,
474,20080922,    0,    0,
474,20080923,    0,    0,
474,20080924,   20,    0,
474,20080925,    0,    0,
474,20080926,    0,    0,
474,20080927,    0,    0,
474,20080928,    0,    0,
474,20080929,   44,    0,
474,20080930,   46,    0,
474,20081001,  127,    0,
474,20081002,   75,    0,
474,20081003,  174,    0,
474,20081004,   62,    0,
474,20081005,   65,    0,
474,20081006,  140,    0,
474,20081007,    0,    0,
474,20081008,    6,    0,
474,20081009,    0,    0,
474,20081010,    0,    0,
474,20081011,    0,    0,
474,20081012,    0,    0,
474,20081013,    0,    0,
474,20081014,    0,    0,
474,20081015,    8,    0,
474,20081016,   68,    0,
474,20081017,   98,    0,
474,20081018,    6,    0,
474,20081019,    0,    0,
474,20081020,    0,    0,
474,20081021,  121,    0,
474,20081022,    6,    0,
474,20081023,    0,    0,
474,20081024,   13,    0,
474,20081025,   47,    0,
474,20081026,    1,    0,
474,20081027,   78,    0,
474,20081028,   53,    0,
474,20081029,  211,    0,
474,20081030,    0,    0,
474,20081031,    0,    0,
474,20081101,    0,    0,
474,20081102,   40,    0,
474,20081103,    1,    0,
474,20081104,    1,    0,
474,20081105,    0,    0,
474,20081106,    8,    0,
474,20081107,    0,    0,
474,20081108,    0,    0,
474,20081109,   75,    0,
474,20081110,   12,    0,
474,20081111,  324,    0,
474,20081112,   61,    0,
474,20081113,   74,    0,
474,20081114,    4,    0,
474,20081115,    2,    0,
474,20081116,   15,    0,
474,20081117,    0,    0,
474,20081118,    2,    0,
474,20081119,   18,    0,
474,20081120,    5,    0,
474,20081121,   51,    0,
474,20081122,   25,    0,
474,20081123,   70,    0,
474,20081124,  182,    0,
474,20081125,   19,    0,
474,20081126,    4,    0,
474,20081127,    4,    0,
474,20081128,    0,    0,
474,20081129,    0,    0,
474,20081130,    0,    0,
474,20081201,   66,    0,
474,20081202,   47,    0,
474,20081203,  131,    0,
474,20081204,   16,    0,
474,20081205,   81,    0,
474,20081206,   31,    0,
474,20081207,   27,    0,
474,20081208,    0,    0,
474,20081209,   21,    0,
474,20081210,   67,    0,
474,20081211,  332,    0,
474,20081212,   91,    0,
474,20081213,    0,    0,
474,20081214,    0,    0,
474,20081215,    0,    0,
474,20081216,    0,    0,
474,20081217,    6,    0,
474,20081218,    0,    0,
474,20081219,   26,    0,
474,20081220,   61,    0,
474,20081221,    5,    0,
474,20081222,    0,    0,
474,20081223,    2,    0,
474,20081224,    0,    0,
474,20081225,    0,    0,
474,20081226,    0,    0,
474,20081227,    0,    0,
474,20081228,    0,    0,
474,20081229,    0,    0,
474,20081230,    0,    0,
474,20081231,    0,    0,
474,20090101,    0,    0,
474,20090102,    2,    0,
474,20090103,    0,    0,
474,20090104,    0,    0,
474,20090105,   69,    0,
474,20090106,    0,    0,
474,20090107,    0,    0,
474,20090108,    0,    0,
474,20090109,    0,    0,
474,20090110,    0,    0,
474,20090111,    0,    0,
474,20090112,    0,    0,
474,20090113,   15,    0,
474,20090114,   22,    0,
474,20090115,    0,    0,
474,20090116,    0,    0,
474,20090117,    0,    0,
474,20090118,   50,    0,
474,20090119,   19,    0,
474,20090120,  102,    0,
474,20090121,    9,    0,
474,20090122,    1,    0,
474,20090123,  252,    0,
474,20090124,  126,    0,
474,20090125,    0,    0,
474,20090126,    0,    0,
474,20090127,    0,    0,
474,20090128,    0,    0,
474,20090129,    0,    0,
474,20090130,    0,    0,
474,20090131,    0,    0,
474,20090201,    1,  998,
474,20090202,    0,    0,
474,20090203,    9,    0,
474,20090204,   22,  998,
474,20090205,    1,  998,
474,20090206,   36,    0,
474,20090207,   33,    0,
474,20090208,    6,    0,
474,20090209,   49,    0,
474,20090210,  146,    0,
474,20090211,   41,    0,
474,20090212,   13,    0,
474,20090213,    2,    0,
474,20090214,    2,    0,
474,20090215,    1,    0,
474,20090216,   58,    0,
474,20090217,  137,    0,
474,20090218,    6,    0,
474,20090219,    0,    0,
474,20090220,   10,    0,
474,20090221,    2,    0,
474,20090222,    3,    0,
474,20090223,    5,    0,
474,20090224,    3,    0,
474,20090225,    0,    0,
474,20090226,    2,    0,
474,20090227,    6,    0,
474,20090228,    6,    0,
474,20090301,    0,    0,
474,20090302,    8,    0,
474,20090303,    0,    0,
474,20090304,    6,    0,
474,20090305,   18,    0,
474,20090306,    0,    0,
474,20090307,    0,    0,
474,20090308,   52,    0,
474,20090309,   16,    0,
474,20090310,   38,    0,
474,20090311,   16,    0,
474,20090312,    2,    0,
474,20090313,    6,    0,
474,20090314,    0,    0,
474,20090315,    3,    0,
474,20090316,    0,    0,
474,20090317,    0,    0,
474,20090318,    0,    0,
474,20090319,    0,    0,
474,20090320,    0,    0,
474,20090321,    0,    0,
474,20090322,    0,    0,
474,20090323,    0,    0,
474,20090324,   77,    0,
474,20090325,   81,    0,
474,20090326,   56,    0,
474,20090327,   40,    0,
474,20090328,   30,    0,
474,20090329,   38,    0,
474,20090330,    0,    0,
474,20090331,    0,    0,
474,20090401,    0,    0,
474,20090402,    0,    0,
474,20090403,    0,    0,
474,20090404,    0,    0,
474,20090405,    0,    0,
474,20090406,    0,    0,
474,20090407,    0,    0,
474,20090408,    4,    0,
474,20090409,   36,    0,
474,20090410,    1,    0,
474,20090411,    0,    0,
474,20090412,    0,    0,
474,20090413,    0,    0,
474,20090414,    0,    0,
474,20090415,    0,    0,
474,20090416,   25,    0,
474,20090417,   21,    0,
474,20090418,    0,    0,
474,20090419,    0,    0,
474,20090420,    0,    0,
474,20090421,    0,    0,
474,20090422,    0,    0,
474,20090423,    0,    0,
474,20090424,    0,    0,
474,20090425,    0,    0,
474,20090426,    5,    0,
474,20090427,   40,    0,
474,20090428,   11,    0,
474,20090429,   37,    0,
474,20090430,    0,    0,
474,20090501,    0,    0,
474,20090502,    0,    0,
474,20090503,    0,    0,
474,20090504,    8,    0,
474,20090505,   10,    0,
474,20090506,   48,    0,
474,20090507,    1,    0,
474,20090508,    0,    0,
474,20090509,   13,    0,
474,20090510,    0,    0,
474,20090511,    0,    0,
474,20090512,    0,    0,
474,20090513,    0,    0,
474,20090514,   30,    0,
474,20090515,   62,    0,
474,20090516,  157,    0,
474,20090517,  301,    0,
474,20090518,    7,    0,
474,20090519,    0,    0,
474,20090520,    0,    0,
474,20090521,    0,    0,
474,20090522,    0,    0,
474,20090523,    0,    0,
474,20090524,    0,    0,
474,20090525,    0,    0,
474,20090526,  484,    0,
474,20090527,   57,    0,
474,20090528,    5,    0,
474,20090529,    0,    0,
474,20090530,    0,    0,
474,20090531,    0,    0,
474,20090601,    0,    0,
474,20090602,    0,    0,
474,20090603,    0,    0,
474,20090604,    4,    0,
474,20090605,   15,    0,
474,20090606,   14,    0,
474,20090607,    0,    0,
474,20090608,   74,    0,
474,20090609,   71,    0,
474,20090610,    2,    0,
474,20090611,  186,    0,
474,20090612,    3,    0,
474,20090613,    0,    0,
474,20090614,    4,    0,
474,20090615,   20,    0,
474,20090616,   79,    0,
474,20090617,    1,    0,
474,20090618,    1,    0,
474,20090619,    0,    0,
474,20090620,    0,    0,
474,20090621,    0,    0,
474,20090622,    0,    0,
474,20090623,    0,    0,
474,20090624,    0,    0,
474,20090625,    0,    0,
474,20090626,    0,    0,
474,20090627,    0,    0,
474,20090628,    0,    0,
474,20090629,    0,    0,
474,20090630,    0,    0,
474,20090701,    0,    0,
474,20090702,    0,    0,
474,20090703,    0,    0,
474,20090704,    5,    0,
474,20090705,    0,    0,
474,20090706,    0,    0,
474,20090707,  146,    0,
474,20090708,   19,    0,
474,20090709,    0,    0,
474,20090710,   98,    0,
474,20090711,    7,    0,
474,20090712,   61,    0,
474,20090713,   40,    0,
474,20090714,   30,    0,
474,20090715,   21,    0,
474,20090716,    0,    0,
474,20090717,   96,    0,
474,20090718,   71,    0,
474,20090719,   77,    0,
474,20090720,   14,    0,
474,20090721,    0,    0,
474,20090722,   80,    0,
474,20090723,   65,    0,
474,20090724,   99,    0,
474,20090725,   55,    0,
474,20090726,    0,    0,
474,20090727,    0,    0,
474,20090728,    0,    0,
474,20090729,    0,    0,
474,20090730,   43,    0,
474,20090731,   15,    0,
474,20090801,    0,    0,
474,20090802,   44,    0,
474,20090803,    0,    0,
474,20090804,    0,    0,
474,20090805,    0,    0,
474,20090806,    0,    0,
474,20090807,    0,    0,
474,20090808,    0,    0,
474,20090809,    0,    0,
474,20090810,    0,    0,
474,20090811,   54,    0,
474,20090812,    0,    0,
474,20090813,  139,    0,
474,20090814,    0,    0,
474,20090815,    0,    0,
474,20090816,    0,    0,
474,20090817,    0,    0,
474,20090818,    0,    0,
474,20090819,    0,    0,
474,20090820,    2,    0,
474,20090821,    1,    0,
474,20090822,    0,    0,
474,20090823,    0,    0,
474,20090824,    0,    0,
474,20090825,    2,    0,
474,20090826,    0,    0,
474,20090827,    2,    0,
474,20090828,   39,    0,
474,20090829,  251,    0,
474,20090830,    0,    0,
474,20090831,    0,    0,
474,20090901,    0,    0,
474,20090902,  113,    0,
474,20090903,   70,    0,
474,20090904,  109,    0,
474,20090905,   99,    0,
474,20090906,    1,    0,
474,20090907,    4,    0,
474,20090908,    0,    0,
474,20090909,    0,    0,
474,20090910,    0,    0,
474,20090911,    0,    0,
474,20090912,    0,    0,
474,20090913,    2,    0,
474,20090914,    0,    0,
474,20090915,   51,    0,
474,20090916,    4,    0,
474,20090917,    0,    0,
474,20090918,    0,    0,
474,20090919,    0,    0,
474,20090920,    0,    0,
474,20090921,    0,    0,
474,20090922,    0,    0,
474,20090923,    0,    0,
474,20090924,    0,    0,
474,20090925,    0,    0,
474,20090926,    0,    0,
474,20090927,    0,    0,
474,20090928,    0,    0,
474,20090929,    0,    0,
474,20090930,   41,    0,
474,20091001,   20,    0,
474,20091002,    1,    0,
474,20091003,    3,    0,
474,20091004,   15,    0,
474,20091005,    0,    0,
474,20091006,   81,    0,
474,20091007,   90,    0,
474,20091008,  202,    0,
474,20091009,    0,    0,
474,20091010,  105,    0,
474,20091011,   12,    0,
474,20091012,   32,    0,
474,20091013,   15,    0,
474,20091014,    0,    0,
474,20091015,    0,    0,
474,20091016,   25,    0,
474,20091017,    6,    0,
474,20091018,    2,    0,
474,20091019,   19,    0,
474,20091020,    1,    0,
474,20091021,    0,    0,
474,20091022,   53,    0,
474,20091023,    2,    0,
474,20091024,   30,    0,
474,20091025,   51,    0,
474,20091026,    1,    0,
474,20091027,   11,    0,
474,20091028,    0,    0,
474,20091029,    0,    0,
474,20091030,    0,    0,
474,20091031,    0,    0,
474,20091101,    0,    0,
474,20091102,  193,    0,
474,20091103,    3,    0,
474,20091104,   53,    0,
474,20091105,  329,    0,
474,20091106,  116,    0,
474,20091107,   35,    0,
474,20091108,   61,    0,
474,20091109,    1,    0,
474,20091110,    6,    0,
474,20091111,    2,    0,
474,20091112,   40,    0,
474,20091113,   10,    0,
474,20091114,   41,    0,
474,20091115,   30,    0,
474,20091116,   17,    0,
474,20091117,   17,    0,
474,20091118,    1,    0,
474,20091119,   11,    0,
474,20091120,    0,    0,
474,20091121,   57,    0,
474,20091122,   38,    0,
474,20091123,   61,    0,
474,20091124,  148,    0,
474,20091125,   16,    0,
474,20091126,   97,    0,
474,20091127,   81,    0,
474,20091128,   76,    0,
474,20091129,   91,    0,
474,20091130,   10,    0,
474,20091201,    3,    0,
474,20091202,    2,    0,
474,20091203,   65,    0,
474,20091204,  231,    0,
474,20091205,  119,    0,
474,20091206,   53,    0,
474,20091207,   35,    0,
474,20091208,   38,    0,
474,20091209,   13,    0,
474,20091210,  106,    0,
474,20091211,    6,    0,
474,20091212,    0,    0,
474,20091213,    0,    0,
474,20091214,    0,    0,
474,20091215,    0,    0,
474,20091216,    0,    0,
474,20091217,    2,  998,
474,20091218,   16,    1,
474,20091219,    0,  998,
474,20091220,   10,  997,
474,20091221,  110,    3,
474,20091222,   13,    4,
474,20091223,   16,    2,
474,20091224,    0,  998,
474,20091225,  180,    0,
474,20091226,   75,    0,
474,20091227,   37,    0,
474,20091228,   53,    0,
474,20091229,    2,    0,
474,20091230,   54,    0,
474,20091231,    1,    0,
474,20100101,    0,    0,
474,20100102,   11,    2,
474,20100103,    4,    0,
474,20100104,    0,    0,
474,20100105,  112,  998,
474,20100106,    1,    0,
474,20100107,    1,    0,
474,20100108,    0,    0,
474,20100109,    0,    0,
474,20100110,    5,    2,
474,20100111,    6,    1,
474,20100112,    3,    1,
474,20100113,    0,  998,
474,20100114,    0,  998,
474,20100115,    1,  998,
474,20100116,    0,    0,
474,20100117,   74,    0,
474,20100118,    1,    0,
474,20100119,   18,    0,
474,20100120,    0,    0,
474,20100121,    0,    0,
474,20100122,    0,    0,
474,20100123,    6,    0,
474,20100124,   79,  997,
474,20100125,    0,    0,
474,20100126,    0,    0,
474,20100127,    0,    0,
474,20100128,   66,    0,
474,20100129,   93,    0,
474,20100130,   73,    2,
474,20100131,   58,  998,
474,20100201,   11,    0,
474,20100202,    9,    0,
474,20100203,  135,    0,
474,20100204,   21,    0,
474,20100205,    5,    0,
474,20100206,    9,    0,
474,20100207,    0,    0,
474,20100208,    4,    0,
474,20100209,    0,    0,
474,20100210,    6,    1,
474,20100211,    2,    0,
474,20100212,    0,    0,
474,20100213,    1,    0,
474,20100214,    3,  997,
474,20100215,    3,  998,
474,20100216,    5,  997,
474,20100217,    4,    0,
474,20100218,    7,    0,
474,20100219,   13,    0,
474,20100220,   24,    0,
474,20100221,    0,    0,
474,20100222,  163,    0,
474,20100223,  123,    0,
474,20100224,   13,    0,
474,20100225,   88,    0,
474,20100226,   42,    0,
474,20100227,   14,    0,
474,20100228,   53,    0,
474,20100301,  211,    0,
474,20100302,    4,    0,
474,20100303,    0,    0,
474,20100304,    0,    0,
474,20100305,    0,    0,
474,20100306,   66,    0,
474,20100307,    0,    0,
474,20100308,    1,    0,
474,20100309,    0,    0,
474,20100310,    0,    0,
474,20100311,    0,    0,
474,20100312,    0,    0,
474,20100313,    1,    0,
474,20100314,    1,    0,
474,20100315,    0,    0,
474,20100316,   81,    0,
474,20100317,    0,    0,
474,20100318,    0,    0,
474,20100319,    2,    0,
474,20100320,   89,    0,
474,20100321,   60,    0,
474,20100322,    0,    0,
474,20100323,    0,    0,
474,20100324,    0,    0,
474,20100325,    0,    0,
474,20100326,   12,    0,
474,20100327,   31,    0,
474,20100328,    7,    0,
474,20100329,   23,    0,
474,20100330,   26,    0,
474,20100331,   34,    0,
474,20100401,   76,    0,
474,20100402,    6,    0,
474,20100403,   21,    0,
474,20100404,  159,    0,
474,20100405,    4,    0,
474,20100406,    0,    0,
474,20100407,    0,    0,
474,20100408,   19,    0,
474,20100409,    0,    0,
474,20100410,    0,    0,
474,20100411,    0,    0,
474,20100412,    0,    0,
474,20100413,    0,    0,
474,20100414,    0,    0,
474,20100415,    0,    0,
474,20100416,    0,    0,
474,20100417,    0,    0,
474,20100418,    0,    0,
474,20100419,    0,    0,
474,20100420,    0,    0,
474,20100421,    0,    0,
474,20100422,    3,    0,
474,20100423,    0,    0,
474,20100424,    0,    0,
474,20100425,    0,    0,
474,20100426,    1,    0,
474,20100427,    0,    0,
474,20100428,    0,    0,
474,20100429,    0,    0,
474,20100430,   56,    0,
474,20100501,   30,    0,
474,20100502,   11,    0,
474,20100503,  250,    0,
474,20100504,   65,    0,
474,20100505,    0,    0,
474,20100506,    1,    0,
474,20100507,    1,    0,
474,20100508,   15,    0,
474,20100509,   68,    0,
474,20100510,    1,    0,
474,20100511,    0,    0,
474,20100512,   52,    0,
474,20100513,    8,    0,
474,20100514,    0,    0,
474,20100515,    0,    0,
474,20100516,    0,    0,
474,20100517,    5,    0,
474,20100518,    0,    0,
474,20100519,    0,    0,
474,20100520,    0,    0,
474,20100521,    0,    0,
474,20100522,    0,    0,
474,20100523,    0,    0,
474,20100524,    0,    0,
474,20100525,    0,    0,
474,20100526,    0,    0,
474,20100527,    0,    0,
474,20100528,    1,    0,
474,20100529,    0,    0,
474,20100530,  100,    0,
474,20100531,   98,    0,
474,20100601,    1,    0,
474,20100602,    0,    0,
474,20100603,    0,    0,
474,20100604,    0,    0,
474,20100605,    0,    0,
474,20100606,    0,    0,
474,20100607,   21,    0,
474,20100608,    1,    0,
474,20100609,   71,    0,
474,20100610,   40,    0,
474,20100611,    7,    0,
474,20100612,   19,    0,
474,20100613,    0,    0,
474,20100614,    0,    0,
474,20100615,    0,    0,
474,20100616,    0,    0,
474,20100617,    0,    0,
474,20100618,    0,    0,
474,20100619,   10,    0,
474,20100620,   25,    0,
474,20100621,    1,    0,
474,20100622,    0,    0,
474,20100623,    0,    0,
474,20100624,    0,    0,
474,20100625,    0,    0,
474,20100626,    0,    0,
474,20100627,    0,    0,
474,20100628,    0,    0,
474,20100629,    0,    0,
474,20100630,    2,    0,
474,20100701,    0,    0,
474,20100702,    0,    0,
474,20100703,    7,    0,
474,20100704,   12,    0,
474,20100705,    0,    0,
474,20100706,    0,    0,
474,20100707,    0,    0,
474,20100708,    0,    0,
474,20100709,    0,    0,
474,20100710,    0,    0,
474,20100711,  105,    0,
474,20100712,    0,    0,
474,20100713,  115,    0,
474,20100714,   31,    0,
474,20100715,  187,    0,
474,20100716,    0,    0,
474,20100717,    3,    0,
474,20100718,   10,    0,
474,20100719,    0,    0,
474,20100720,    0,    0,
474,20100721,    0,    0,
474,20100722,    0,    0,
474,20100723,    3,    0,
474,20100724,    0,    0,
474,20100725,    0,    0,
474,20100726,   98,    0,
474,20100727,    0,    0,
474,20100728,   21,    0,
474,20100729,   42,    0,
474,20100730,    0,    0,
474,20100731,   23,    0,
474,20100801,    0,    0,
474,20100802,   62,    0,
474,20100803,    0,    0,
474,20100804,   12,    0,
474,20100805,   46,    0,
474,20100806,    0,    0,
474,20100807,    0,    0,
474,20100808,  117,    0,
474,20100809,    0,    0,
474,20100810,    0,    0,
474,20100811,  242,    0,
474,20100812,    0,    0,
474,20100813,   37,    0,
474,20100814,   60,    0,
474,20100815,    0,    0,
474,20100816,  181,    0,
474,20100817,   32,    0,
474,20100818,   58,    0,
474,20100819,    1,    0,
474,20100820,    0,    0,
474,20100821,    0,    0,
474,20100822,    0,    0,
474,20100823,  211,    0,
474,20100824,   10,    0,
474,20100825,   66,    0,
474,20100826,  527,    0,
474,20100827,  244,    0,
474,20100828,    3,    0,
474,20100829,   97,    0,
474,20100830,  182,    0,
474,20100831,    9,    0,
474,20100901,    1,    0,
474,20100902,    0,    0,
474,20100903,    0,    0,
474,20100904,    1,    0,
474,20100905,    0,    0,
474,20100906,    0,    0,
474,20100907,  186,    0,
474,20100908,   61,    0,
474,20100909,  121,    0,
474,20100910,    0,    0,
474,20100911,   25,    0,
474,20100912,   19,    0,
474,20100913,    0,    0,
474,20100914,   41,    0,
474,20100915,  144,    0,
474,20100916,  101,    0,
474,20100917,  124,    0,
474,20100918,   87,    0,
474,20100919,    0,    0,
474,20100920,    1,    0,
474,20100921,    0,    0,
474,20100922,    0,    0,
474,20100923,    1,    0,
474,20100924,  103,    0,
474,20100925,   25,    0,
474,20100926,   95,    0,
474,20100927,    2,    0,
474,20100928,   78,    0,
474,20100929,    4,    0,
474,20100930,   42,    0,
474,20101001,    4,    0,
474,20101002,  137,    0,
474,20101003,  166,    0,
474,20101004,    2,    0,
474,20101005,    0,    0,
474,20101006,   24,    0,
474,20101007,    6,    0,
474,20101008,    0,    0,
474,20101009,    0,    0,
474,20101010,    0,    0,
474,20101011,    0,    0,
474,20101012,    0,    0,
474,20101013,    0,    0,
474,20101014,    0,    0,
474,20101015,   12,    0,
474,20101016,  200,    0,
474,20101017,    0,    0,
474,20101018,    0,    0,
474,20101019,  111,    0,
474,20101020,  219,    0,
474,20101021,   41,    0,
474,20101022,    0,    0,
474,20101023,    3,    0,
474,20101024,  107,    0,
474,20101025,    9,    0,
474,20101026,    0,    0,
474,20101027,   26,    0,
474,20101028,   25,    0,
474,20101029,    0,    0,
474,20101030,    1,    0,
474,20101031,   18,    0,
474,20101101,    3,    0,
474,20101102,    4,    0,
474,20101103,   26,    0,
474,20101104,   46,    0,
474,20101105,    1,    0,
474,20101106,  252,    0,
474,20101107,  216,    0,
474,20101108,    5,    0,
474,20101109,   14,    0,
474,20101110,    2,    0,
474,20101111,   18,    0,
474,20101112,  163,    0,
474,20101113,   69,    0,
474,20101114,  134,    0,
474,20101115,   25,    0,
474,20101116,    1,    0,
474,20101117,    0,    0,
474,20101118,    0,    0,
474,20101119,    0,    0,
474,20101120,   10,    0,
474,20101121,    0,    0,
474,20101122,    0,    0,
474,20101123,   37,    0,
474,20101124,   52,    0,
474,20101125,  102,    0,
474,20101126,    8,    0,
474,20101127,    0,    0,
474,20101128,    0,    0,
474,20101129,    0,    0,
474,20101130,    8,    1,
474,20101201,    1,  998,
474,20101202,    1,    2,
474,20101203,    2,    2,
474,20101204,   19,    4,
474,20101205,  136,  998,
474,20101206,    5,  998,
474,20101207,    2,    0,
474,20101208,    0,    0,
474,20101209,   25,    0,
474,20101210,   42,    0,
474,20101211,    6,    0,
474,20101212,   13,    0,
474,20101213,    1,    0,
474,20101214,   12,    0,
474,20101215,    6,    0,
474,20101216,   19,    0,
474,20101217,  182,    4,
474,20101218,   40,    6,
474,20101219,   42,   12,
474,20101220,    1,   10,
474,20101221,   28,   12,
474,20101222,    0,   11,
474,20101223,    0,   10,
474,20101224,    0,    9,
474,20101225,    0,    9,
474,20101226,   25,    8,
474,20101227,    0,  998,
474,20101228,    0,  998,
474,20101229,    3,  998,
474,20101230,    0,  998,
474,20101231,    5,    0,
474,20110101,    8,    0,
474,20110102,   10,    0,
474,20110103,    2,    0,
474,20110104,    7,    0,
474,20110105,    1,    0,
474,20110106,   70,    0,
474,20110107,  142,    0,
474,20110108,   44,    0,
474,20110109,   17,    0,
474,20110110,    0,    0,
474,20110111,   26,    0,
474,20110112,   23,    0,
474,20110113,  212,    0,
474,20110114,   64,    0,
474,20110115,   73,    0,
474,20110116,    0,    0,
474,20110117,    0,    0,
474,20110118,   71,    0,
474,20110119,   28,    0,
474,20110120,   10,    0,
474,20110121,    1,    0,
474,20110122,    3,    0,
474,20110123,    2,    0,
474,20110124,    4,    0,
474,20110125,   25,    0,
474,20110126,    6,    0,
474,20110127,    0,    0,
474,20110128,    0,    0,
474,20110129,    0,    0,
474,20110130,    0,    0,
474,20110131,    0,    0,
474,20110201,    0,    0,
474,20110202,   11,    0,
474,20110203,   44,    0,
474,20110204,    0,    0,
474,20110205,    0,    0,
474,20110206,    0,    0,
474,20110207,    0,    0,
474,20110208,    0,    0,
474,20110209,    0,    0,
474,20110210,    0,    0,
474,20110211,  104,    0,
474,20110212,  108,    0,
474,20110213,   16,    0,
474,20110214,    4,    0,
474,20110215,   22,    0,
474,20110216,   14,    0,
474,20110217,    0,    0,
474,20110218,    0,    0,
474,20110219,    0,    0,
474,20110220,    3,    0,
474,20110221,    0,    0,
474,20110222,    0,    0,
474,20110223,    0,    0,
474,20110224,   69,    0,
474,20110225,    2,    0,
474,20110226,    0,    0,
474,20110227,  269,    0,
474,20110228,  279,    0,
474,20110301,    1,    0,
474,20110302,    0,    0,
474,20110303,    0,    0,
474,20110304,    0,    0,
474,20110305,    0,    0,
474,20110306,    0,    0,
474,20110307,    0,    0,
474,20110308,    0,    0,
474,20110309,    1,    0,
474,20110310,    0,    0,
474,20110311,    0,    0,
474,20110312,    0,    0,
474,20110313,    0,    0,
474,20110314,    0,    0,
474,20110315,    0,    0,
474,20110316,    0,    0,
474,20110317,    0,    0,
474,20110318,    0,    0,
474,20110319,   75,    0,
474,20110320,    1,    0,
474,20110321,    0,    0,
474,20110322,    0,    0,
474,20110323,    0,    0,
474,20110324,    0,    0,
474,20110325,    0,    0,
474,20110326,    0,    0,
474,20110327,   15,    0,
474,20110328,    1,    0,
474,20110329,    0,    0,
474,20110330,    0,    0,
474,20110331,   38,    0,
474,20110401,   45,    0,
474,20110402,    0,    0,
474,20110403,   28,    0,
474,20110404,    0,    0,
474,20110405,    6,    0,
474,20110406,    1,    0,
474,20110407,    0,    0,
474,20110408,    0,    0,
474,20110409,    0,    0,
474,20110410,    0,    0,
474,20110411,    0,    0,
474,20110412,   26,    0,
474,20110413,    0,    0,
474,20110414,    0,    0,
474,20110415,    0,    0,
474,20110416,    0,    0,
474,20110417,   12,    0,
474,20110418,    0,    0,
474,20110419,    0,    0,
474,20110420,    0,    0,
474,20110421,    0,    0,
474,20110422,    0,    0,
474,20110423,    0,    0,
474,20110424,    0,    0,
474,20110425,    0,    0,
474,20110426,    0,    0,
474,20110427,    0,    0,
474,20110428,   18,    0,
474,20110429,   19,    0,
474,20110430,    0,    0,
474,20110501,    0,    0,
474,20110502,    0,    0,
474,20110503,    0,    0,
474,20110504,    0,    0,
474,20110505,    0,    0,
474,20110506,    0,    0,
474,20110507,    0,    0,
474,20110508,    0,    0,
474,20110509,   31,    0,
474,20110510,   19,    0,
474,20110511,    9,    0,
474,20110512,    0,    0,
474,20110513,    0,    0,
474,20110514,    0,    0,
474,20110515,    0,    0,
474,20110516,   30,    0,
474,20110517,   13,    0,
474,20110518,    0,    0,
474,20110519,    8,    0,
474,20110520,    0,    0,
474,20110521,    0,    0,
474,20110522,   28,    0,
474,20110523,    0,    0,
474,20110524,    0,    0,
474,20110525,    0,    0,
474,20110526,    0,    0,
474,20110527,   13,    0,
474,20110528,    0,    0,
474,20110529,    4,    0,
474,20110530,    0,    0,
474,20110531,   27,    0,
474,20110601,    0,    0,
474,20110602,    0,    0,
474,20110603,    0,    0,
474,20110604,    0,    0,
474,20110605,    0,    0,
474,20110606,   15,    0,
474,20110607,   59,    0,
474,20110608,   65,    0,
474,20110609,    0,    0,
474,20110610,    0,    0,
474,20110611,  143,    0,
474,20110612,   25,    0,
474,20110613,   21,    0,
474,20110614,    5,    0,
474,20110615,    0,    0,
474,20110616,  236,    0,
474,20110617,   40,    0,
474,20110618,  125,    0,
474,20110619,   30,    0,
474,20110620,   48,    0,
474,20110621,   27,    0,
474,20110622,    0,    0,
474,20110623,   45,    0,
474,20110624,   15,    0,
474,20110625,   28,    0,
474,20110626,   40,    0,
474,20110627,    0,    0,
474,20110628,    0,    0,
474,20110629,  100,    0,
474,20110630,    0,    0,
474,20110701,    9,    0,
474,20110702,    3,    0,
474,20110703,    0,    0,
474,20110704,    0,    0,
474,20110705,    0,    0,
474,20110706,    6,    0,
474,20110707,    0,    0,
474,20110708,   25,    0,
474,20110709,   10,    0,
474,20110710,    0,    0,
474,20110711,    0,    0,
474,20110712,    0,    0,
474,20110713,  141,    0,
474,20110714,  186,    0,
474,20110715,  768,    0,
474,20110716,    2,    0,
474,20110717,  186,    0,
474,20110718,  201,    0,
474,20110719,   88,    0,
474,20110720,    0,    0,
474,20110721,    2,    0,
474,20110722,   29,    0,
474,20110723,    3,    0,
474,20110724,  381,    0,
474,20110725,  176,    0,
474,20110726,   26,    0,
474,20110727,   13,    0,
474,20110728,    1,    0,
474,20110729,    3,    0,
474,20110730,    8,    0,
474,20110731,    0,    0,
474,20110801,    0,    0,
474,20110802,    0,    0,
474,20110803,    3,    0,
474,20110804,    1,    0,
474,20110805,   38,    0,
474,20110806,    0,    0,
474,20110807,  169,    0,
474,20110808,  102,    0,
474,20110809,   47,    0,
474,20110810,   21,    0,
474,20110811,    9,    0,
474,20110812,   42,    0,
474,20110813,   11,    0,
474,20110814,   83,    0,
474,20110815,    0,    0,
474,20110816,    0,    0,
474,20110817,    0,    0,
474,20110818,   18,    0,
474,20110819,   96,    0,
474,20110820,    0,    0,
474,20110821,    0,    0,
474,20110822,    0,    0,
474,20110823,   42,    0,
474,20110824,   73,    0,
474,20110825,   44,    0,
474,20110826,  144,    0,
474,20110827,   22,    0,
474,20110828,  193,    0,
474,20110829,  252,    0,
474,20110830,    2,    0,
474,20110831,    6,    0,
474,20110901,    0,    0,
474,20110902,    0,    0,
474,20110903,    0,    0,
474,20110904,   77,    0,
474,20110905,   19,    0,
474,20110906,   35,    0,
474,20110907,  187,    0,
474,20110908,   56,    0,
474,20110909,  103,    0,
474,20110910,    1,    0,
474,20110911,   44,    0,
474,20110912,    9,    0,
474,20110913,    3,    0,
474,20110914,   26,    0,
474,20110915,    0,    0,
474,20110916,    0,    0,
474,20110917,    1,    0,
474,20110918,   87,    0,
474,20110919,   68,    0,
474,20110920,    0,    0,
474,20110921,    0,    0,
474,20110922,    0,    0,
474,20110923,    0,    0,
474,20110924,    0,    0,
474,20110925,    0,    0,
474,20110926,    0,    0,
474,20110927,    0,    0,
474,20110928,    0,    0,
474,20110929,    0,    0,
474,20110930,    0,    0,
474,20111001,    0,    0,
474,20111002,    0,    0,
474,20111003,    0,    0,
474,20111004,    0,    0,
474,20111005,    0,    0,
474,20111006,   36,    0,
474,20111007,   93,    0,
474,20111008,   70,    0,
474,20111009,   90,    0,
474,20111010,   34,    0,
474,20111011,    0,    0,
474,20111012,   97,    0,
474,20111013,   43,    0,
474,20111014,    0,    0,
474,20111015,    0,    0,
474,20111016,    0,    0,
474,20111017,    0,    0,
474,20111018,  125,    0,
474,20111019,    1,    0,
474,20111020,   94,    0,
474,20111021,   46,    0,
474,20111022,    0,    0,
474,20111023,    0,    0,
474,20111024,    0,    0,
474,20111025,    0,    0,
474,20111026,   17,    0,
474,20111027,    0,    0,
474,20111028,    1,    0,
474,20111029,    0,    0,
474,20111030,    0,    0,
474,20111031,    1,    0,
474,20111101,    0,    0,
474,20111102,   21,    0,
474,20111103,    0,    0,
474,20111104,    0,    0,
474,20111105,    2,    0,
474,20111106,    0,    0,
474,20111107,    0,    0,
474,20111108,    0,    0,
474,20111109,    0,    0,
474,20111110,    0,    0,
474,20111111,    0,    0,
474,20111112,    0,    0,
474,20111113,    0,    0,
474,20111114,    0,    0,
474,20111115,    0,    0,
474,20111116,    0,    0,
474,20111117,    0,    0,
474,20111118,    0,    0,
474,20111119,    0,    0,
474,20111120,    3,    0,
474,20111121,    4,    0,
474,20111122,    2,    0,
474,20111123,    9,    0,
474,20111124,    0,    0,
474,20111125,    0,    0,
474,20111126,    2,    0,
474,20111127,    0,    0,
474,20111128,   26,    0,
474,20111129,    3,    0,
474,20111130,    8,    0,
474,20111201,    9,    0,
474,20111202,  261,    0,
474,20111203,   55,    0,
474,20111204,   59,    0,
474,20111205,    9,    0,
474,20111206,   22,    0,
474,20111207,   39,    0,
474,20111208,    0,    0,
474,20111209,   59,    0,
474,20111210,    3,    0,
474,20111211,    0,    0,
474,20111212,   52,    0,
474,20111213,  115,    0,
474,20111214,   58,    0,
474,20111215,   47,    0,
474,20111216,  148,    0,
474,20111217,   98,    0,
474,20111218,  153,    0,
474,20111219,  116,    0,
474,20111220,   86,    0,
474,20111221,   54,    0,
474,20111222,   19,    0,
474,20111223,   11,    0,
474,20111224,   79,    0,
474,20111225,    4,    0,
474,20111226,    0,    0,
474,20111227,    0,    0,
474,20111228,    0,    0,
474,20111229,    0,    0,
474,20111230,   56,    0,
474,20111231,   46,    0,
474,20120101,   19,    0,
474,20120102,  233,    0,
474,20120103,   33,    0,
474,20120104,  133,    0,
474,20120105,  126,    0,
474,20120106,   32,    0,
474,20120107,   18,    0,
474,20120108,    0,    0,
474,20120109,    6,    0,
474,20120110,    0,    0,
474,20120111,    0,    0,
474,20120112,   16,    0,
474,20120113,   16,    0,
474,20120114,    5,    0,
474,20120115,    0,    0,
474,20120116,    0,    0,
474,20120117,    0,    0,
474,20120118,    0,    0,
474,20120119,  125,    0,
474,20120120,   37,    0,
474,20120121,   21,    0,
474,20120122,    4,    0,
474,20120123,    8,    0,
474,20120124,   21,    0,
474,20120125,   21,    0,
474,20120126,   17,    0,
474,20120127,   28,    0,
474,20120128,    2,    0,
474,20120129,    0,    0,
474,20120130,    1,    0,
474,20120131,    1,  998,
474,20120201,    0,    0,
474,20120202,    0,    0,
474,20120203,    0,    0,
474,20120204,   39,    2,
474,20120205,    0,    2,
474,20120206,    0,    2,
474,20120207,    0,    2,
474,20120208,    0,    2,
474,20120209,    0,    1,
474,20120210,    0,    1,
474,20120211,    0,    1,
474,20120212,    0,    1,
474,20120213,    7,  998,
474,20120214,   33,    0,
474,20120215,   17,    0,
474,20120216,   29,    0,
474,20120217,    3,    0,
474,20120218,    0,    0,
474,20120219,   97,    0,
474,20120220,   13,    0,
474,20120221,    0,    0,
474,20120222,    0,    0,
474,20120223,   33,    0,
474,20120224,    0,    0,
474,20120225,    0,    0,
474,20120226,    0,    0,
474,20120227,    0,    0,
474,20120228,    4,    0,
474,20120229,    2,    0,
474,20120301,    0,    0,
474,20120302,    0,    0,
474,20120303,    0,    0,
474,20120304,    2,    0,
474,20120305,   97,    0,
474,20120306,    3,    0,
474,20120307,    0,    0,
474,20120308,  168,    0,
474,20120309,    0,    0,
474,20120310,   10,    0,
474,20120311,    0,    0,
474,20120312,    0,    0,
474,20120313,    0,    0,
474,20120314,    0,    0,
474,20120315,    0,    0,
474,20120316,    0,    0,
474,20120317,    0,    0,
474,20120318,   13,    0,
474,20120319,    1,    0,
474,20120320,    0,    0,
474,20120321,    0,    0,
474,20120322,    0,    0,
474,20120323,    0,    0,
474,20120324,    0,    0,
474,20120325,    0,    0,
474,20120326,    0,    0,
474,20120327,    0,    0,
474,20120328,    0,    0,
474,20120329,    0,    0,
474,20120330,    0,    0,
474,20120331,    0,    0,
474,20120401,    0,    0,
474,20120402,    0,    0,
474,20120403,    0,    0,
474,20120404,    0,    0,
474,20120405,   24,    0,
474,20120406,    0,    0,
474,20120407,   12,    0,
474,20120408,    0,    0,
474,20120409,   52,    0,
474,20120410,  109,    0,
474,20120411,    0,    0,
474,20120412,    3,    0,
474,20120413,    0,    0,
474,20120414,    0,    0,
474,20120415,    0,    0,
474,20120416,    3,    0,
474,20120417,    0,    0,
474,20120418,   42,    0,
474,20120419,   17,    0,
474,20120420,   27,    0,
474,20120421,   40,    0,
474,20120422,   12,    0,
474,20120423,   50,    0,
474,20120424,   24,    0,
474,20120425,    3,    0,
474,20120426,   23,    0,
474,20120427,   39,    0,
474,20120428,  136,    0,
474,20120429,   42,    0,
474,20120430,    2,    0,
474,20120501,   98,    0,
474,20120502,    2,    0,
474,20120503,   55,    0,
474,20120504,    1,    0,
474,20120505,    0,    0,
474,20120506,    0,    0,
474,20120507,    0,    0,
474,20120508,   25,    0,
474,20120509,   50,    0,
474,20120510,   56,    0,
474,20120511,    9,    0,
474,20120512,    3,    0,
474,20120513,    0,    0,
474,20120514,    0,    0,
474,20120515,   59,    0,
474,20120516,   12,    0,
474,20120517,    0,    0,
474,20120518,    1,    0,
474,20120519,   21,    0,
474,20120520,  103,    0,
474,20120521,    0,    0,
474,20120522,    0,    0,
474,20120523,    0,    0,
474,20120524,    0,    0,
474,20120525,    0,    0,
474,20120526,    0,    0,
474,20120527,    0,    0,
474,20120528,    0,    0,
474,20120529,    5,    0,
474,20120530,    8,    0,
474,20120531,   12,    0,
474,20120601,   54,    0,
474,20120602,    0,    0,
474,20120603,   58,    0,
474,20120604,   34,    0,
474,20120605,   56,    0,
474,20120606,   36,    0,
474,20120607,   51,    0,
474,20120608,   14,    0,
474,20120609,    2,    0,
474,20120610,    0,    0,
474,20120611,    3,    0,
474,20120612,   41,    0,
474,20120613,    0,    0,
474,20120614,    0,    0,
474,20120615,   41,    0,
474,20120616,   73,    0,
474,20120617,    0,    0,
474,20120618,  113,    0,
474,20120619,    0,    0,
474,20120620,    0,    0,
474,20120621,    0,    0,
474,20120622,   91,    0,
474,20120623,   26,    0,
474,20120624,   88,    0,
474,20120625,   50,    0,
474,20120626,    0,    0,
474,20120627,    0,    0,
474,20120628,    0,    0,
474,20120629,    0,    0,
474,20120630,    0,    0,
474,20120701,    6,    0,
474,20120702,    0,    0,
474,20120703,    0,    0,
474,20120704,    0,    0,
474,20120705,    0,    0,
474,20120706,   23,    0,
474,20120707,    9,    0,
474,20120708,   20,    0,
474,20120709,  132,    0,
474,20120710,    0,    0,
474,20120711,  233,    0,
474,20120712,  168,    0,
474,20120713,   80,    0,
474,20120714,   15,    0,
474,20120715,   79,    0,
474,20120716,    6,    0,
474,20120717,  212,    0,
474,20120718,    2,    0,
474,20120719,   61,    0,
474,20120720,   36,    0,
474,20120721,    1,    0,
474,20120722,    0,    0,
474,20120723,    0,    0,
474,20120724,    0,    0,
474,20120725,    0,    0,
474,20120726,    0,    0,
474,20120727,    0,    0,
474,20120728,   64,    0,
474,20120729,    0,    0,
474,20120730,  111,    0,
474,20120731,   26,    0,
474,20120801,   38,    0,
474,20120802,   53,    0,
474,20120803,    6,    0,
474,20120804,   22,    0,
474,20120805,    1,    0,
474,20120806,   89,    0,
474,20120807,   67,    0,
474,20120808,   19,    0,
474,20120809,   15,    0,
474,20120810,    0,    0,
474,20120811,    0,    0,
474,20120812,    0,    0,
474,20120813,    0,    0,
474,20120814,   69,    0,
474,20120815,    0,    0,
474,20120816,    5,    0,
474,20120817,    0,    0,
474,20120818,    0,    0,
474,20120819,    0,    0,
474,20120820,    1,    0,
474,20120821,    0,    0,
474,20120822,    0,    0,
474,20120823,    0,    0,
474,20120824,    0,    0,
474,20120825,   20,    0,
474,20120826,  289,    0,
474,20120827,   10,    0,
474,20120828,   15,    0,
474,20120829,    0,    0,
474,20120830,    7,    0,
474,20120831,  319,    0,
474,20120901,   19,    0,
474,20120902,    0,    0,
474,20120903,    0,    0,
474,20120904,    0,    0,
474,20120905,    0,    0,
474,20120906,    0,    0,
474,20120907,    0,    0,
474,20120908,    0,    0,
474,20120909,    0,    0,
474,20120910,    1,    0,
474,20120911,    5,    0,
474,20120912,   24,    0,
474,20120913,   81,    0,
474,20120914,    2,    0,
474,20120915,   23,    0,
474,20120916,    0,    0,
474,20120917,    0,    0,
474,20120918,   89,    0,
474,20120919,  261,    0,
474,20120920,  100,    0,
474,20120921,   16,    0,
474,20120922,   71,    0,
474,20120923,    0,    0,
474,20120924,  152,    0,
474,20120925,  164,    0,
474,20120926,   11,    0,
474,20120927,    3,    0,
474,20120928,   70,    0,
474,20120929,   44,    0,
474,20120930,    0,    0,
474,20121001,    0,    0,
474,20121002,   19,    0,
474,20121003,   24,    0,
474,20121004,   97,    0,
474,20121005,  106,    0,
474,20121006,  206,    0,
474,20121007,    3,    0,
474,20121008,    0,    0,
474,20121009,    0,    0,
474,20121010,    0,    0,
474,20121011,    0,    0,
474,20121012,   77,    0,
474,20121013,   57,    0,
474,20121014,  170,    0,
474,20121015,  126,    0,
474,20121016,   31,    0,
474,20121017,   14,    0,
474,20121018,   24,    0,
474,20121019,   78,    0,
474,20121020,    4,    0,
474,20121021,   69,    0,
474,20121022,    2,    0,
474,20121023,    0,    0,
474,20121024,    0,    0,
474,20121025,    0,    0,
474,20121026,    0,    0,
474,20121027,    3,    0,
474,20121028,    5,    0,
474,20121029,   57,    0,
474,20121030,  122,    0,
474,20121031,   10,    0,
474,20121101,    0,    0,
474,20121102,   44,    0,
474,20121103,    4,    0,
474,20121104,   34,    0,
474,20121105,  165,    0,
474,20121106,   16,    0,
474,20121107,   94,    0,
474,20121108,    1,    0,
474,20121109,    2,    0,
474,20121110,    8,    0,
474,20121111,   53,    0,
474,20121112,    5,    0,
474,20121113,   11,    0,
474,20121114,    0,    0,
474,20121115,    0,    0,
474,20121116,    0,    0,
474,20121117,    0,    0,
474,20121118,   49,    0,
474,20121119,    0,    0,
474,20121120,    2,    0,
474,20121121,    0,    0,
474,20121122,    9,    0,
474,20121123,   25,    0,
474,20121124,   23,    0,
474,20121125,   65,    0,
474,20121126,    3,    0,
474,20121127,    2,    0,
474,20121128,    2,    0,
474,20121129,    7,    0,
474,20121130,   12,    0,
474,20121201,   89,    0,
474,20121202,  105,    0,
474,20121203,   48,    0,
474,20121204,   34,    0,
474,20121205,   45,    0,
474,20121206,   23,    0,
474,20121207,  126,    1,
474,20121208,    2,  998,
474,20121209,   41,    0,
474,20121210,   32,    0,
474,20121211,   10,    0,
474,20121212,   23,    0,
474,20121213,    0,    0,
474,20121214,    0,    0,
474,20121215,  102,    0,
474,20121216,   36,    0,
474,20121217,   16,    0,
474,20121218,   84,    0,
474,20121219,    6,    0,
474,20121220,    0,    0,
474,20121221,   76,    0,
474,20121222,   13,    0,
474,20121223,  259,    0,
474,20121224,   11,    0,
474,20121225,  111,    0,
474,20121226,   53,    0,
474,20121227,   53,    0,
474,20121228,   12,    0,
474,20121229,   31,    0,
474,20121230,    4,    0,
474,20121231,    0,    0,
474,20130101,  157,    0,
474,20130102,   46,    0,
474,20130103,    5,    0,
474,20130104,    0,    0,
474,20130105,    3,    0,
474,20130106,    2,    0,
474,20130107,    1,    0,
474,20130108,    4,    0,
474,20130109,   30,    0,
474,20130110,   24,    0,
474,20130111,   35,    0,
474,20130112,    0,    0,
474,20130113,    0,    0,
474,20130114,    0,    0,
474,20130115,   21,   13,
474,20130116,    1,    6,
474,20130117,    0,    5,
474,20130118,    0,    4,
474,20130119,    0,    4,
474,20130120,    0,    3,
474,20130121,   46,    7,
474,20130122,    0,    7,
474,20130123,    0,    7,
474,20130124,    0,    7,
474,20130125,    0,    7,
474,20130126,    0,    6,
474,20130127,   64,  998,
474,20130128,   57,    0,
474,20130129,   28,    0,
474,20130130,  112,    0,
474,20130131,    7,    0,
474,20130201,   19,    0,
474,20130202,   95,    0,
474,20130203,    7,    0,
474,20130204,   21,    0,
474,20130205,   52,    0,
474,20130206,   71,  998,
474,20130207,    6,    0,
474,20130208,   34,    0,
474,20130209,    9,  998,
474,20130210,   35,  998,
474,20130211,    0,    0,
474,20130212,    0,    0,
474,20130213,    0,    0,
474,20130214,    0,    0,
474,20130215,   61,    0,
474,20130216,   14,    0,
474,20130217,    0,    0,
474,20130218,    0,    0,
474,20130219,    0,    0,
474,20130220,    0,    0,
474,20130221,    0,    0,
474,20130222,    0,    0,
474,20130223,    0,    0,
474,20130224,    5,  998,
474,20130225,    8,    0,
474,20130226,    2,    0,
474,20130227,    0,    0,
474,20130228,    0,    0,
474,20130301,    1,    0,
474,20130302,    0,    0,
474,20130303,    3,    0,
474,20130304,    0,    0,
474,20130305,    0,    0,
474,20130306,    0,    0,
474,20130307,    0,    0,
474,20130308,    3,    0,
474,20130309,  107,    0,
474,20130310,  197,    0,
474,20130311,    1,    0,
474,20130312,    0,    0,
474,20130313,    3,  997,
474,20130314,    3,    0,
474,20130315,    0,    0,
474,20130316,   59,    0,
474,20130317,    5,    0,
474,20130318,   33,    0,
474,20130319,    3,    0,
474,20130320,   13,    0,
474,20130321,    0,    0,
474,20130322,    0,    0,
474,20130323,    0,    0,
474,20130324,    0,    0,
474,20130325,    0,    0,
474,20130326,    0,    0,
474,20130327,    0,    0,
474,20130328,    0,    0,
474,20130329,    0,    0,
474,20130330,   13,    0,
474,20130331,    0,    0,
474,20130401,    0,    0,
474,20130402,    0,    0,
474,20130403,    0,    0,
474,20130404,    0,    0,
474,20130405,    0,    0,
474,20130406,    0,    0,
474,20130407,    0,    0,
474,20130408,    0,    0,
474,20130409,    0,    0,
474,20130410,    3,    0,
474,20130411,   51,    0,
474,20130412,   22,    0,
474,20130413,   51,    0,
474,20130414,   30,    0,
474,20130415,    5,    0,
474,20130416,    4,    0,
474,20130417,    0,    0,
474,20130418,    0,    0,
474,20130419,    0,    0,
474,20130420,    0,    0,
474,20130421,    0,    0,
474,20130422,    0,    0,
474,20130423,    6,    0,
474,20130424,    0,    0,
474,20130425,    0,    0,
474,20130426,    8,    0,
474,20130427,   41,    0,
474,20130428,    0,    0,
474,20130429,   12,    0,
474,20130430,    0,    0,
474,20130501,    0,    0,
474,20130502,    0,    0,
474,20130503,    0,    0,
474,20130504,    0,    0,
474,20130505,    0,    0,
474,20130506,    0,    0,
474,20130507,    0,    0,
474,20130508,    1,    0,
474,20130509,   25,    0,
474,20130510,    5,    0,
474,20130511,    9,    0,
474,20130512,   63,    0,
474,20130513,   51,    0,
474,20130514,   25,    0,
474,20130515,   19,    0,
474,20130516,    0,    0,
474,20130517,   97,    0,
474,20130518,   88,    0,
474,20130519,    0,    0,
474,20130520,    2,    0,
474,20130521,  203,    0,
474,20130522,   26,    0,
474,20130523,   17,    0,
474,20130524,   46,    0,
474,20130525,   48,    0,
474,20130526,   58,    0,
474,20130527,    0,    0,
474,20130528,    0,    0,
474,20130529,    5,    0,
474,20130530,    4,    0,
474,20130531,    0,    0,
474,20130601,    0,    0,
474,20130602,    0,    0,
474,20130603,    0,    0,
474,20130604,    0,    0,
474,20130605,    0,    0,
474,20130606,    0,    0,
474,20130607,    0,    0,
474,20130608,    0,    0,
474,20130609,    0,    0,
474,20130610,    0,    0,
474,20130611,    0,    0,
474,20130612,    0,    0,
474,20130613,   79,    0,
474,20130614,    1,    0,
474,20130615,   18,    0,
474,20130616,    9,    0,
474,20130617,    0,    0,
474,20130618,    0,    0,
474,20130619,    0,    0,
474,20130620,    0,    0,
474,20130621,  184,    0,
474,20130622,   79,    0,
474,20130623,   91,    0,
474,20130624,   27,    0,
474,20130625,   15,    0,
474,20130626,    0,    0,
474,20130627,  109,    0,
474,20130628,   25,    0,
474,20130629,  100,    0,
474,20130630,    0,    0,
474,20130701,    0,    0,
474,20130702,    0,    0,
474,20130703,   66,    0,
474,20130704,    4,    0,
474,20130705,    0,    0,
474,20130706,    0,    0,
474,20130707,    0,    0,
474,20130708,    0,    0,
474,20130709,    0,    0,
474,20130710,    0,    0,
474,20130711,    0,    0,
474,20130712,    0,    0,
474,20130713,    0,    0,
474,20130714,    0,    0,
474,20130715,    0,    0,
474,20130716,    0,    0,
474,20130717,    0,    0,
474,20130718,    0,    0,
474,20130719,    0,    0,
474,20130720,    0,    0,
474,20130721,    0,    0,
474,20130722,    0,    0,
474,20130723,    0,    0,
474,20130724,    0,    0,
474,20130725,    0,    0,
474,20130726,    2,    0,
474,20130727,   29,    0,
474,20130728,  142,    0,
474,20130729,    4,    0,
474,20130730,    2,    0,
474,20130731,  141,    0,
474,20130801,    0,    0,
474,20130802,    0,    0,
474,20130803,    0,    0,
474,20130804,    0,    0,
474,20130805,    0,    0,
474,20130806,   17,    0,
474,20130807,    0,    0,
474,20130808,   32,    0,
474,20130809,    0,    0,
474,20130810,    0,    0,
474,20130811,    3,    0,
474,20130812,    0,    0,
474,20130813,   54,    0,
474,20130814,    0,    0,
474,20130815,    0,    0,
474,20130816,   30,    0,
474,20130817,    0,    0,
474,20130818,   55,    0,
474,20130819,   76,    0,
474,20130820,    0,    0,
474,20130821,    0,    0,
474,20130822,    0,    0,
474,20130823,    0,    0,
474,20130824,    0,    0,
474,20130825,   15,    0,
474,20130826,    0,    0,
474,20130827,    0,    0,
474,20130828,    0,    0,
474,20130829,    0,    0,
474,20130830,    0,    0,
474,20130831,    4,    0,
474,20130901,    0,    0,
474,20130902,    0,    0,
474,20130903,    0,    0,
474,20130904,    0,    0,
474,20130905,    0,    0,
474,20130906,    0,    0,
474,20130907,   44,    0,
474,20130908,   34,    0,
474,20130909,  123,    0,
474,20130910,  140,    0,
474,20130911,  304,    0,
474,20130912,   35,    0,
474,20130913,    0,    0,
474,20130914,   78,    0,
474,20130915,   20,    0,
474,20130916,   87,    0,
474,20130917,   55,    0,
474,20130918,   90,    0,
474,20130919,   58,    0,
474,20130920,  141,    0,
474,20130921,    1,    0,
474,20130922,    0,    0,
474,20130923,    0,    0,
474,20130924,    0,    0,
474,20130925,    0,    0,
474,20130926,    0,    0,
474,20130927,    0,    0,
474,20130928,    0,    0,
474,20130929,    0,    0,
474,20130930,    0,    0,
474,20131001,    0,    0,
474,20131002,    0,    0,
474,20131003,    0,    0,
474,20131004,   45,    0,
474,20131005,    0,    0,
474,20131006,    0,    0,
474,20131007,    0,    0,
474,20131008,    0,    0,
474,20131009,    0,    0,
474,20131010,   62,    0,
474,20131011,   61,    0,
474,20131012,  275,    0,
474,20131013,  172,    0,
474,20131014,  340,    0,
474,20131015,   79,    0,
474,20131016,  141,    0,
474,20131017,   11,    0,
474,20131018,    0,    0,
474,20131019,    0,    0,
474,20131020,  102,    0,
474,20131021,    0,    0,
474,20131022,    0,    0,
474,20131023,    1,    0,
474,20131024,   15,    0,
474,20131025,    1,    0,
474,20131026,    6,    0,
474,20131027,   60,    0,
474,20131028,  137,    0,
474,20131029,  120,    0,
474,20131030,   77,    0,
474,20131031,    0,    0,
474,20131101,   12,    0,
474,20131102,   77,    0,
474,20131103,   10,    0,
474,20131104,  214,    0,
474,20131105,  103,    0,
474,20131106,  112,    0,
474,20131107,   95,    0,
474,20131108,    1,    0,
474,20131109,   31,    0,
474,20131110,  149,    0,
474,20131111,    9,    0,
474,20131112,   15,    0,
474,20131113,   28,    0,
474,20131114,   27,    0,
474,20131115,  105,    0,
474,20131116,    2,    0,
474,20131117,    0,    0,
474,20131118,    0,    0,
474,20131119,   65,    0,
474,20131120,   66,    0,
474,20131121,   49,    0,
474,20131122,    1,    0,
474,20131123,    0,    0,
474,20131124,    7,    0,
474,20131125,    4,    0,
474,20131126,   21,    0,
474,20131127,    2,    0,
474,20131128,   10,    0,
474,20131129,    0,    0,
474,20131130,   54,    0,
474,20131201,   16,    0,
474,20131202,    1,    0,
474,20131203,    4,    0,
474,20131204,    0,    0,
474,20131205,    7,    0,
474,20131206,  167,    0,
474,20131207,   25,    0,
474,20131208,   33,    0,
474,20131209,    0,    0,
474,20131210,    0,    0,
474,20131211,    0,    0,
474,20131212,    0,    0,
474,20131213,    0,    0,
474,20131214,   33,    0,
474,20131215,   32,    0,
474,20131216,    0,    0,
474,20131217,   47,    0,
474,20131218,    2,    0,
474,20131219,   88,    0,
474,20131220,    0,    0,
474,20131221,    1,    0,
474,20131222,  166,    0,
474,20131223,   29,    0,
474,20131224,   37,    0,
474,20131225,  115,    0,
474,20131226,    5,    0,
474,20131227,   38,    0,
474,20131228,   30,    0,
474,20131229,   19,    0,
474,20131230,    0,    0,
474,20131231,   12,    0,
474,20140101,   57,    0,
474,20140102,   72,    0,
474,20140103,   54,    0,
474,20140104,   42,    0,
474,20140105,    0,    0,
474,20140106,   23,    0,
474,20140107,   89,    0,
474,20140108,  115,    0,
474,20140109,   40,    0,
474,20140110,   10,    0,
474,20140111,    4,    0,
474,20140112,   11,    0,
474,20140113,    5,    0,
474,20140114,   32,    0,
474,20140115,   31,    0,
474,20140116,   58,    0,
474,20140117,   58,    0,
474,20140118,    7,    0,
474,20140119,    5,    0,
474,20140120,    0,    0,
474,20140121,   56,    0,
474,20140122,    0,    0,
474,20140123,   67,    0,
474,20140124,  166,    0,
474,20140125,   16,    0,
474,20140126,   82,    0,
474,20140127,  125,    0,
474,20140128,   21,    0,
474,20140129,    9,    0,
474,20140130,    0,    0,
474,20140131,    0,    0,
474,20140201,  126,    0,
474,20140202,    0,    0,
474,20140203,    0,    0,
474,20140204,    0,    0,
474,20140205,   11,    0,
474,20140206,   24,    0,
474,20140207,  126,    0,
474,20140208,  121,    0,
474,20140209,   30,    0,
474,20140210,   10,    0,
474,20140211,   14,    0,
474,20140212,   41,    0,
474,20140213,   40,    0,
474,20140214,   24,    0,
474,20140215,   83,    0,
474,20140216,    3,    0,
474,20140217,    0,    0,
474,20140218,    0,    0,
474,20140219,   19,    0,
474,20140220,    0,    0,
474,20140221,   63,    0,
474,20140222,   48,    0,
474,20140223,    0,    0,
474,20140224,    0,    0,
474,20140225,    0,    0,
474,20140226,   44,    0,
474,20140227,    0,    0,
474,20140228,   31,    0,
474,20140301,   84,    0,
474,20140302,    8,    0,
474,20140303,    5,    0,
474,20140304,    4,    0,
474,20140305,    0,    0,
474,20140306,    0,    0,
474,20140307,    0,    0,
474,20140308,    0,    0,
474,20140309,    0,    0,
474,20140310,    0,    0,
474,20140311,    0,    0,
474,20140312,    0,    0,
474,20140313,    0,    0,
474,20140314,    0,    0,
474,20140315,    0,    0,
474,20140316,    0,    0,
474,20140317,    0,    0,
474,20140318,    0,    0,
474,20140319,   17,    0,
474,20140320,    0,    0,
474,20140321,  147,    0,
474,20140322,   87,    0,
474,20140323,   13,    0,
474,20140324,    5,    0,
474,20140325,    0,    0,
474,20140326,    0,    0,
474,20140327,    0,    0,
474,20140328,    0,    0,
474,20140329,    0,    0,
474,20140330,    0,    0,
474,20140331,    0,    0,
474,20140401,    0,    0,
474,20140402,    0,    0,
474,20140403,    0,    0,
474,20140404,    0,    0,
474,20140405,    0,    0,
474,20140406,   12,    0,
474,20140407,    2,    0,
474,20140408,  187,    0,
474,20140409,   19,    0,
474,20140410,    1,    0,
474,20140411,    0,    0,
474,20140412,    0,    0,
474,20140413,    0,    0,
474,20140414,    0,    0,
474,20140415,    9,    0,
474,20140416,    0,    0,
474,20140417,    0,    0,
474,20140418,   29,    0,
474,20140419,    8,    0,
474,20140420,    0,    0,
474,20140421,    0,    0,
474,20140422,   10,    0,
474,20140423,    0,    0,
474,20140424,    0,    0,
474,20140425,    6,    0,
474,20140426,   34,    0,
474,20140427,    5,    0,
474,20140428,    0,    0,
474,20140429,    0,    0,
474,20140430,    1,    0,
474,20140501,    2,    0,
474,20140502,    0,    0,
474,20140503,    0,    0,
474,20140504,    0,    0,
474,20140505,    0,    0,
474,20140506,    0,    0,
474,20140507,    4,    0,
474,20140508,    0,    0,
474,20140509,  163,    0,
474,20140510,   42,    0,
474,20140511,   70,    0,
474,20140512,  136,    0,
474,20140513,   71,    0,
474,20140514,    0,    0,
474,20140515,   60,    0,
474,20140516,    0,    0,
474,20140517,    0,    0,
474,20140518,    0,    0,
474,20140519,    0,    0,
474,20140520,    0,    0,
474,20140521,  164,    0,
474,20140522,   32,    0,
474,20140523,    2,    0,
474,20140524,    0,    0,
474,20140525,    2,    0,
474,20140526,    0,    0,
474,20140527,  108,    0,
474,20140528,  159,    0,
474,20140529,   10,    0,
474,20140530,    2,    0,
474,20140531,    0,    0,
474,20140601,    0,    0,
474,20140602,    0,    0,
474,20140603,    0,    0,
474,20140604,   22,    0,
474,20140605,  123,    0,
474,20140606,   14,    0,
474,20140607,    0,    0,
474,20140608,   79,    0,
474,20140609,    9,    0,
474,20140610,   40,    0,
474,20140611,    4,    0,
474,20140612,    0,    0,
474,20140613,    0,    0,
474,20140614,    0,    0,
474,20140615,    0,    0,
474,20140616,    0,    0,
474,20140617,    0,    0,
474,20140618,    2,    0,
474,20140619,    2,    0,
474,20140620,    5,    0,
474,20140621,    5,    0,
474,20140622,    0,    0,
474,20140623,    0,    0,
474,20140624,    0,    0,
474,20140625,    0,    0,
474,20140626,    0,    0,
474,20140627,   16,    0,
474,20140628,    0,    0,
474,20140629,   53,    0,
474,20140630,   21,    0,
474,20140701,    1,    0,
474,20140702,    0,    0,
474,20140703,    0,    0,
474,20140704,    0,    0,
474,20140705,    2,    0,
474,20140706,   93,    0,
474,20140707,   42,    0,
474,20140708,   81,    0,
474,20140709,   92,    0,
474,20140710,   51,    0,
474,20140711,    1,    0,
474,20140712,    0,    0,
474,20140713,    0,    0,
474,20140714,    0,    0,
474,20140715,    0,    0,
474,20140716,    0,    0,
474,20140717,    0,    0,
474,20140718,    0,    0,
474,20140719,    0,    0,
474,20140720,   39,    0,
474,20140721,    0,    0,
474,20140722,   18,    0,
474,20140723,    0,    0,
474,20140724,    0,    0,
474,20140725,    0,    0,
474,20140726,    5,    0,
474,20140727,    0,    0,
474,20140728,  188,    0,
474,20140729,  170,    0,
474,20140730,    1,    0,
474,20140731,    0,    0,
474,20140801,    0,    0,
474,20140802,    0,    0,
474,20140803,    0,    0,
474,20140804,  121,    0,
474,20140805,    0,    0,
474,20140806,    0,    0,
474,20140807,   50,    0,
474,20140808,    0,    0,
474,20140809,   39,    0,
474,20140810,    0,    0,
474,20140811,   77,    0,
474,20140812,  114,    0,
474,20140813,   14,    0,
474,20140814,   18,    0,
474,20140815,  116,    0,
474,20140816,    3,    0,
474,20140817,    1,    0,
474,20140818,   83,    0,
474,20140819,  140,    0,
474,20140820,   65,    0,
474,20140821,   52,    0,
474,20140822,   54,    0,
474,20140823,   92,    0,
474,20140824,   50,    0,
474,20140825,   12,    0,
474,20140826,  223,    0,
474,20140827,    2,    0,
474,20140828,    0,    0,
474,20140829,   21,    0,
474,20140830,   29,    0,
474,20140831,    2,    0,
474,20140901,    1,    0,
474,20140902,   10,    0,
474,20140903,    0,    0,
474,20140904,    0,    0,
474,20140905,    0,    0,
474,20140906,    0,    0,
474,20140907,    1,    0,
474,20140908,    0,    0,
474,20140909,    0,    0,
474,20140910,    0,    0,
474,20140911,    0,    0,
474,20140912,    0,    0,
474,20140913,    0,    0,
474,20140914,    0,    0,
474,20140915,    0,    0,
474,20140916,    0,    0,
474,20140917,    0,    0,
474,20140918,    0,    0,
474,20140919,    0,    0,
474,20140920,    0,    0,
474,20140921,   12,    0,
474,20140922,    0,    0,
474,20140923,    0,    0,
474,20140924,    3,    0,
474,20140925,   82,    0,
474,20140926,    2,    0,
474,20140927,    0,    0,
474,20140928,    0,    0,
474,20140929,    0,    0,
474,20140930,    8,    0,
474,20141001,    0,    0,
474,20141002,    0,    0,
474,20141003,    0,    0,
474,20141004,    0,    0,
474,20141005,  145,    0,
474,20141006,    0,    0,
474,20141007,   15,    0,
474,20141008,   95,    0,
474,20141009,   65,    0,
474,20141010,   26,    0,
474,20141011,    0,    0,
474,20141012,   18,    0,
474,20141013,   38,    0,
474,20141014,    5,    0,
474,20141015,   17,    0,
474,20141016,   62,    0,
474,20141017,    1,    0,
474,20141018,    0,    0,
474,20141019,    0,    0,
474,20141020,    1,    0,
474,20141021,   63,    0,
474,20141022,  249,    0,
474,20141023,    8,    0,
474,20141024,    5,    0,
474,20141025,   51,    0,
474,20141026,    0,    0,
474,20141027,    0,    0,
474,20141028,    0,    0,
474,20141029,    2,    0,
474,20141030,    3,    0,
474,20141031,    2,    0,
474,20141101,    0,    0,
474,20141102,    0,    0,
474,20141103,   35,    0,
474,20141104,   93,    0,
474,20141105,    2,    0,
474,20141106,    2,    0,
474,20141107,    4,    0,
474,20141108,   13,    0,
474,20141109,    0,    0,
474,20141110,    0,    0,
474,20141111,    0,    0,
474,20141112,    0,    0,
474,20141113,    6,    0,
474,20141114,    0,    0,
474,20141115,  125,    0,
474,20141116,   90,    0,
474,20141117,   57,    0,
474,20141118,    4,    0,
474,20141119,    1,    0,
474,20141120,    0,    0,
474,20141121,    0,    0,
474,20141122,    0,    0,
474,20141123,    8,    0,
474,20141124,   62,    0,
474,20141125,    0,    0,
474,20141126,    1,    0,
474,20141127,    9,    0,
474,20141128,    8,    0,
474,20141129,    0,    0,
474,20141130,    0,    0,
474,20141201,   32,    0,
474,20141202,    0,    0,
474,20141203,    0,    0,
474,20141204,    0,    0,
474,20141205,    0,    0,
474,20141206,   35,    0,
474,20141207,    0,    0,
474,20141208,   78,    0,
474,20141209,   68,    0,
474,20141210,   72,    0,
474,20141211,   19,    0,
474,20141212,  125,    0,
474,20141213,   70,    0,
474,20141214,   24,    0,
474,20141215,   34,    0,
474,20141216,   14,    0,
474,20141217,   20,    0,
474,20141218,   10,    0,
474,20141219,   93,    0,
474,20141220,   21,    0,
474,20141221,   19,    0,
474,20141222,    0,    0,
474,20141223,    9,    0,
474,20141224,   30,    0,
474,20141225,   19,    0,
474,20141226,   52,    0,
474,20141227,  159,  998,
474,20141228,   60,  998,
474,20141229,   37,    0,
474,20141230,    5,    0,
474,20141231,    0,    0,
474,20150101,    0,    0,
474,20150102,   44,    0,
474,20150103,    3,    0,
474,20150104,   38,    0,
474,20150105,    6,    0,
474,20150106,    0,    0,
474,20150107,   13,    0,
474,20150108,   30,    0,
474,20150109,  136,    0,
474,20150110,   73,    0,
474,20150111,   50,    0,
474,20150112,    3,    0,
474,20150113,  321,    0,
474,20150114,  131,    0,
474,20150115,   91,    0,
474,20150116,   76,    0,
474,20150117,   36,    0,
474,20150118,   24,    0,
474,20150119,   52,    0,
474,20150120,    0,    0,
474,20150121,    0,    0,
474,20150122,    0,    0,
474,20150123,    0,    0,
474,20150124,   95,    0,
474,20150125,    1,    0,
474,20150126,    6,    0,
474,20150127,   13,    0,
474,20150128,    3,    0,
474,20150129,  173,    0,
474,20150130,  126,    0,
474,20150131,   20,    0,
474,20150201,   41,    0,
474,20150202,   70,    0,
474,20150203,   69,    0,
474,20150204,    7,    0,
474,20150205,   61,    2,
474,20150206,    0,  998,
474,20150207,    0,    0,
474,20150208,    3,    0,
474,20150209,    0,    0,
474,20150210,    0,    0,
474,20150211,    0,    0,
474,20150212,    0,    0,
474,20150213,    0,    0,
474,20150214,    0,    0,
474,20150215,    0,    0,
474,20150216,    0,    0,
474,20150217,    0,    0,
474,20150218,    4,    0,
474,20150219,    0,    0,
474,20150220,  127,    0,
474,20150221,  273,    0,
474,20150222,    6,    0,
474,20150223,   97,    0,
474,20150224,   41,    0,
474,20150225,   11,    0,
474,20150226,   31,    0,
474,20150227,   89,    0,
474,20150228,    0,    0,
474,20150301,   74,    0,
474,20150302,   44,    0,
474,20150303,   25,    0,
474,20150304,   50,    0,
474,20150305,    2,    0,
474,20150306,    0,    0,
474,20150307,    0,    0,
474,20150308,    0,    0,
474,20150309,    2,    0,
474,20150310,    0,    0,
474,20150311,    0,    0,
474,20150312,    0,    0,
474,20150313,    0,    0,
474,20150314,    0,    0,
474,20150315,    0,    0,
474,20150316,    0,    0,
474,20150317,    0,    0,
474,20150318,    0,    0,
474,20150319,    0,    0,
474,20150320,    0,    0,
474,20150321,   10,    0,
474,20150322,    4,    0,
474,20150323,    0,    0,
474,20150324,    0,    0,
474,20150325,   65,    0,
474,20150326,    4,    0,
474,20150327,   65,    0,
474,20150328,    0,    0,
474,20150329,   20,    0,
474,20150330,   93,    0,
474,20150331,  141,    0,
474,20150401,   29,    0,
474,20150402,   60,    0,
474,20150403,    0,    0,
474,20150404,   16,    0,
474,20150405,    0,    0,
474,20150406,    2,    0,
474,20150407,    0,    0,
474,20150408,    0,    0,
474,20150409,    0,    0,
474,20150410,    0,    0,
474,20150411,    0,    0,
474,20150412,   40,    0,
474,20150413,    9,    0,
474,20150414,    0,    0,
474,20150415,    0,    0,
474,20150416,    0,    0,
474,20150417,    0,    0,
474,20150418,    0,    0,
474,20150419,    0,    0,
474,20150420,    0,    0,
474,20150421,    0,    0,
474,20150422,    0,    0,
474,20150423,    0,    0,
474,20150424,    0,    0,
474,20150425,    9,    0,
474,20150426,   11,    0,
474,20150427,    1,    0,
474,20150428,    3,    0,
474,20150429,    0,    0,
474,20150430,   66,    0,
474,20150501,    0,    0,
474,20150502,    0,    0,
474,20150503,    0,    0,
474,20150504,   36,    0,
474,20150505,   56,    0,
474,20150506,   52,    0,
474,20150507,   17,    0,
474,20150508,    0,    0,
474,20150509,    5,    0,
474,20150510,    0,    0,
474,20150511,    0,    0,
474,20150512,    0,    0,
474,20150513,    0,    0,
474,20150514,    0,    0,
474,20150515,    0,    0,
474,20150516,   10,    0,
474,20150517,   10,    0,
474,20150518,    0,    0,
474,20150519,   83,    0,
474,20150520,    5,    0,
474,20150521,    0,    0,
474,20150522,    0,    0,
474,20150523,    2,    0,
474,20150524,    0,    0,
474,20150525,   12,    0,
474,20150526,    0,    0,
474,20150527,    0,    0,
474,20150528,    0,    0,
474,20150529,    0,    0,
474,20150530,  125,    0,
474,20150531,    6,    0,
474,20150601,  109,    0,
474,20150602,   16,    0,
474,20150603,    3,    0,
474,20150604,    0,    0,
474,20150605,    0,    0,
474,20150606,   20,    0,
474,20150607,    0,    0,
474,20150608,    0,    0,
474,20150609,    0,    0,
474,20150610,    0,    0,
474,20150611,    0,    0,
474,20150612,    0,    0,
474,20150613,    3,    0,
474,20150614,    2,    0,
474,20150615,    0,    0,
474,20150616,    0,    0,
474,20150617,    0,    0,
474,20150618,   13,    0,
474,20150619,    4,    0,
474,20150620,    0,    0,
474,20150621,  101,    0,
474,20150622,   25,    0,
474,20150623,   69,    0,
474,20150624,    0,    0,
474,20150625,    0,    0,
474,20150626,    0,    0,
474,20150627,    4,    0,
474,20150628,    0,    0,
474,20150629,    0,    0,
474,20150630,    0,    0,
474,20150701,    0,    0,
474,20150702,    0,    0,
474,20150703,    0,    0,
474,20150704,    0,    0,
474,20150705,    0,    0,
474,20150706,   48,    0,
474,20150707,    0,    0,
474,20150708,   34,    0,
474,20150709,   35,    0,
474,20150710,    0,    0,
474,20150711,    0,    0,
474,20150712,    9,    0,
474,20150713,    4,    0,
474,20150714,   35,    0,
474,20150715,   24,    0,
474,20150716,    4,    0,
474,20150717,    4,    0,
474,20150718,    5,    0,
474,20150719,   37,    0,
474,20150720,   71,    0,
474,20150721,   21,    0,
474,20150722,    0,    0,
474,20150723,    0,    0,
474,20150724,    0,    0,
474,20150725,   80,    0,
474,20150726,  157,    0,
474,20150727,  189,    0,
474,20150728,  115,    0,
474,20150729,   52,    0,
474,20150730,   17,    0,
474,20150731,    0,    0,
474,20150801,    0,    0,
474,20150802,    0,    0,
474,20150803,    0,    0,
474,20150804,   53,    0,
474,20150805,    0,    0,
474,20150806,    0,    0,
474,20150807,    0,    0,
474,20150808,    0,    0,
474,20150809,    0,    0,
474,20150810,    0,    0,
474,20150811,    0,    0,
474,20150812,    1,    0,
474,20150813,    0,    0,
474,20150814,  269,    0,
474,20150815,   93,    0,
474,20150816,   11,    0,
474,20150817,   51,    0,
474,20150818,  335,    0,
474,20150819,   37,    0,
474,20150820,    0,    0,
474,20150821,    0,    0,
474,20150822,    0,    0,
474,20150823,    0,    0,
474,20150824,   76,    0,
474,20150825,  288,    0,
474,20150826,   39,    0,
474,20150827,  244,    0,
474,20150828,   42,    0,
474,20150829,    5,    0,
474,20150830,    8,    0,
474,20150831,   78,    0,
474,20150901,   86,    0,
474,20150902,   44,    0,
474,20150903,   71,    0,
474,20150904,  162,    0,
474,20150905,  273,    0,
474,20150906,   31,    0,
474,20150907,   32,    0,
474,20150908,    8,    0,
474,20150909,    0,    0,
474,20150910,    0,    0,
474,20150911,    0,    0,
474,20150912,    0,    0,
474,20150913,    1,    0,
474,20150914,   17,    0,
474,20150915,   30,    0,
474,20150916,   86,    0,
474,20150917,   96,    0,
474,20150918,  106,    0,
474,20150919,   65,    0,
474,20150920,    2,    0,
474,20150921,    0,    0,
474,20150922,   64,    0,
474,20150923,  162,    0,
474,20150924,   76,    0,
474,20150925,   82,    0,
474,20150926,    0,    0,
474,20150927,    0,    0,
474,20150928,    0,    0,
474,20150929,    0,    0,
474,20150930,    0,    0,
474,20151001,    0,    0,
474,20151002,    0,    0,
474,20151003,    0,    0,
474,20151004,    0,    0,
474,20151005,    0,    0,
474,20151006,   36,    0,
474,20151007,    4,    0,
474,20151008,   44,    0,
474,20151009,    0,    0,
474,20151010,    0,    0,
474,20151011,    0,    0,
474,20151012,    0,    0,
474,20151013,    0,    0,
474,20151014,    0,    0,
474,20151015,   15,    0,
474,20151016,   97,    0,
474,20151017,   38,    0,
474,20151018,    3,    0,
474,20151019,    6,    0,
474,20151020,    2,    0,
474,20151021,   12,    0,
474,20151022,   64,    0,
474,20151023,    3,    0,
474,20151024,    0,    0,
474,20151025,    7,    0,
474,20151026,    0,    0,
474,20151027,    0,    0,
474,20151028,    0,    0,
474,20151029,    7,    0,
474,20151030,    0,    0,
474,20151031,    0,    0,
474,20151101,    0,    0,
474,20151102,    0,    0,
474,20151103,    0,    0,
474,20151104,    0,    0,
474,20151105,   18,    0,
474,20151106,   63,    0,
474,20151107,   12,    0,
474,20151108,   56,    0,
474,20151109,    1,    0,
474,20151110,   92,    0,
474,20151111,   81,    0,
474,20151112,    0,    0,
474,20151113,   10,    0,
474,20151114,   61,    0,
474,20151115,  184,    0,
474,20151116,    4,    0,
474,20151117,  200,    0,
474,20151118,   65,    0,
474,20151119,   90,    0,
474,20151120,   52,    0,
474,20151121,  186,    0,
474,20151122,  102,    0,
474,20151123,   49,    0,
474,20151124,   62,    0,
474,20151125,  107,    0,
474,20151126,   51,    0,
474,20151127,    6,    0,
474,20151128,  109,    0,
474,20151129,   75,    0,
474,20151130,  136,    0,
474,20151201,  220,    0,
474,20151202,   10,    0,
474,20151203,    0,    0,
474,20151204,   78,    0,
474,20151205,    0,    0,
474,20151206,    0,    0,
474,20151207,   32,    0,
474,20151208,    1,    0,
474,20151209,   61,    0,
474,20151210,    0,    0,
474,20151211,   83,    0,
474,20151212,   28,    0,
474,20151213,   99,    0,
474,20151214,    1,    0,
474,20151215,    0,    0,
474,20151216,   41,    0,
474,20151217,    8,    0,
474,20151218,    8,    0,
474,20151219,    0,    0,
474,20151220,    0,    0,
474,20151221,   52,    0,
474,20151222,   58,    0,
474,20151223,   16,    0,
474,20151224,    0,    0,
474,20151225,   15,    0,
474,20151226,   24,    0,
474,20151227,    0,    0,
474,20151228,    0,    0,
474,20151229,    0,    0,
474,20151230,   24,    0,
474,20151231,   30,    0,
474,20160101,   15,    0,
474,20160102,   28,    0,
474,20160103,   96,    0,
474,20160104,  229,    0,
474,20160105,   57,    0,
474,20160106,   24,    0,
474,20160107,    0,    0,
474,20160108,  178,    0,
474,20160109,    0,    0,
474,20160110,    5,    0,
474,20160111,    2,    0,
474,20160112,   57,    0,
474,20160113,  148,    0,
474,20160114,  132,    0,
474,20160115,  198,    0,
474,20160116,  111,    0,
474,20160117,   15,    0,
474,20160118,    0,    0,
474,20160119,    0,    0,
474,20160120,    3,    0,
474,20160121,   12,    0,
474,20160122,    1,    0,
474,20160123,   65,    0,
474,20160124,   25,    0,
474,20160125,    2,    0,
474,20160126,    0,    0,
474,20160127,  150,    0,
474,20160128,  112,    0,
474,20160129,    0,    0,
474,20160130,  191,    0,
474,20160131,   10,    0,
474,20160201,   98,    0,
474,20160202,    2,    0,
474,20160203,    0,    0,
474,20160204,   50,    0,
474,20160205,  111,    0,
474,20160206,    0,    0,
474,20160207,   22,    0,
474,20160208,   59,    0,
474,20160209,   25,    0,
474,20160210,   86,    0,
474,20160211,   58,    0,
474,20160212,    3,    0,
474,20160213,    0,    0,
474,20160214,   66,    0,
474,20160215,   62,    0,
474,20160216,    0,    0,
474,20160217,    0,    0,
474,20160218,    0,    0,
474,20160219,   30,    0,
474,20160220,   39,    0,
474,20160221,  288,    0,
474,20160222,   34,    0,
474,20160223,    5,    0,
474,20160224,   19,    0,
474,20160225,   10,    0,
474,20160226,   14,    0,
474,20160227,    0,    0,
474,20160228,    0,    0,
474,20160229,    0,    0,
474,20160301,    0,    0,
474,20160302,  104,    0,
474,20160303,   91,    0,
474,20160304,   92,    0,
474,20160305,   64,    0,
474,20160306,    0,    0,
474,20160307,   75,  998,
474,20160308,   19,    0,
474,20160309,    0,    0,
474,20160310,    0,    0,
474,20160311,    0,    0,
474,20160312,    0,    0,
474,20160313,    0,    0,
474,20160314,    0,    0,
474,20160315,    0,    0,
474,20160316,    0,    0,
474,20160317,    0,    0,
474,20160318,    0,    0,
474,20160319,    0,    0,
474,20160320,    0,    0,
474,20160321,   10,    0,
474,20160322,    0,    0,
474,20160323,    0,    0,
474,20160324,    2,    0,
474,20160325,   59,    0,
474,20160326,    5,    0,
474,20160327,   91,    0,
474,20160328,  109,    0,
474,20160329,   20,    0,
474,20160330,   79,    0,
474,20160331,    0,    0,
474,20160401,    0,    0,
474,20160402,    0,    0,
474,20160403,    4,    0,
474,20160404,   66,    0,
474,20160405,   44,    0,
474,20160406,    0,    0,
474,20160407,   90,    0,
474,20160408,   28,    0,
474,20160409,    0,    0,
474,20160410,   36,    0,
474,20160411,    0,    0,
474,20160412,   11,    0,
474,20160413,    0,    0,
474,20160414,    0,    0,
474,20160415,   10,    0,
474,20160416,   40,    0,
474,20160417,   28,    0,
474,20160418,    0,    0,
474,20160419,    0,    0,
474,20160420,    0,    0,
474,20160421,    0,    0,
474,20160422,    0,    0,
474,20160423,    0,    0,
474,20160424,   26,    0,
474,20160425,   11,    0,
474,20160426,   79,    0,
474,20160427,   64,    0,
474,20160428,   79,    0,
474,20160429,   83,    0,
474,20160430,   14,    0,
474,20160501,    0,    0,
474,20160502,    0,    0,
474,20160503,   67,    0,
474,20160504,    0,    0,
474,20160505,    0,    0,
474,20160506,    0,    0,
474,20160507,    0,    0,
474,20160508,    0,    0,
474,20160509,    0,    0,
474,20160510,    0,    0,
474,20160511,    0,    0,
474,20160512,    0,    0,
474,20160513,    0,    0,
474,20160514,    1,    0,
474,20160515,    7,    0,
474,20160516,   37,    0,
474,20160517,    0,    0,
474,20160518,    0,    0,
474,20160519,  119,    0,
474,20160520,   36,    0,
474,20160521,    0,    0,
474,20160522,   33,    0,
474,20160523,  245,    0,
474,20160524,    7,    0,
474,20160525,    7,    0,
474,20160526,    0,    0,
474,20160527,    0,    0,
474,20160528,    0,    0,
474,20160529,    0,    0,
474,20160530,   10,    0,
474,20160531,   91,    0,
474,20160601,    1,    0,
474,20160602,    5,    0,
474,20160603,   10,    0,
474,20160604,    0,    0,
474,20160605,    0,    0,
474,20160606,    0,    0,
474,20160607,    0,    0,
474,20160608,    0,    0,
474,20160609,    0,    0,
474,20160610,    0,    0,
474,20160611,   28,    0,
474,20160612,    3,    0,
474,20160613,   68,    0,
474,20160614,   55,    0,
474,20160615,   10,    0,
474,20160616,   10,    0,
474,20160617,   39,    0,
474,20160618,    3,    0,
474,20160619,    8,    0,
474,20160620,   57,    0,
474,20160621,  274,    0,
474,20160622,    3,    0,
474,20160623,  535,    0,
474,20160624,   66,    0,
474,20160625,    0,    0,
474,20160626,    0,    0,
474,20160627,    6,    0,
474,20160628,   40,    0,
474,20160629,   85,    0,
474,20160630,   63,    0,
474,20160701,   68,    0,
474,20160702,   87,    0,
474,20160703,   12,    0,
474,20160704,    0,    0,
474,20160705,    2,    0,
474,20160706,   25,    0,
474,20160707,    0,    0,
474,20160708,    0,    0,
474,20160709,   17,    0,
474,20160710,    0,    0,
474,20160711,    0,    0,
474,20160712,    5,    0,
474,20160713,   36,    0,
474,20160714,    0,    0,
474,20160715,    0,    0,
474,20160716,    0,    0,
474,20160717,    0,    0,
474,20160718,    0,    0,
474,20160719,    0,    0,
474,20160720,    0,    0,
474,20160721,    0,    0,
474,20160722,    0,    0,
474,20160723,    0,    0,
474,20160724,    0,    0,
474,20160725,    0,    0,
474,20160726,    0,    0,
474,20160727,    0,    0,
474,20160728,  142,    0,
474,20160729,   42,    0,
474,20160730,   15,    0,
474,20160731,    0,    0,
474,20160801,    4,    0,
474,20160802,   40,    0,
474,20160803,  133,    0,
474,20160804,    1,    0,
474,20160805,    0,    0,
474,20160806,    6,    0,
474,20160807,    0,    0,
474,20160808,    0,    0,
474,20160809,   71,    0,
474,20160810,   14,    0,
474,20160811,   73,    0,
474,20160812,  118,    0,
474,20160813,    0,    0,
474,20160814,    0,    0,
474,20160815,    0,    0,
474,20160816,    0,    0,
474,20160817,    0,    0,
474,20160818,    0,    0,
474,20160819,    0,    0,
474,20160820,  151,    0,
474,20160821,  275,    0,
474,20160822,  141,    0,
474,20160823,    0,    0,
474,20160824,    0,    0,
474,20160825,    0,    0,
474,20160826,    0,    0,
474,20160827,    0,    0,
474,20160828,   11,    0,
474,20160829,   10,    0,
474,20160830,    0,    0,
474,20160831,    0,    0,
474,20160901,    0,    0,
474,20160902,    0,    0,
474,20160903,   12,    0,
474,20160904,   44,    0,
474,20160905,   38,    0,
474,20160906,    1,    0,
474,20160907,    0,    0,
474,20160908,    0,    0,
474,20160909,    0,    0,
474,20160910,    2,    0,
474,20160911,    0,    0,
474,20160912,    0,    0,
474,20160913,    0,    0,
474,20160914,    0,    0,
474,20160915,    0,    0,
474,20160916,   34,    0,
474,20160917,    0,    0,
474,20160918,    0,    0,
474,20160919,    0,    0,
474,20160920,    0,    0,
474,20160921,    0,    0,
474,20160922,    0,    0,
474,20160923,    0,    0,
474,20160924,    0,    0,
474,20160925,    0,    0,
474,20160926,    0,    0,
474,20160927,    0,    0,
474,20160928,    0,    0,
474,20160929,    0,    0,
474,20160930,  128,    0,
474,20161001,   12,    0,
474,20161002,   75,    0,
474,20161003,  164,    0,
474,20161004,    0,    0,
474,20161005,    0,    0,
474,20161006,    0,    0,
474,20161007,    0,    0,
474,20161008,    0,    0,
474,20161009,    0,    0,
474,20161010,   26,    0,
474,20161011,    0,    0,
474,20161012,    0,    0,
474,20161013,    0,    0,
474,20161014,    0,    0,
474,20161015,  162,    0,
474,20161016,    5,    0,
474,20161017,   54,    0,
474,20161018,    0,    0,
474,20161019,  124,    0,
474,20161020,   21,    0,
474,20161021,   41,    0,
474,20161022,    4,    0,
474,20161023,    2,    0,
474,20161024,    0,    0,
474,20161025,    0,    0,
474,20161026,    0,    0,
474,20161027,    0,    0,
474,20161028,    0,    0,
474,20161029,    0,    0,
474,20161030,    0,    0,
474,20161031,    0,    0,
474,20161101,    0,    0,
474,20161102,   55,    0,
474,20161103,   37,    0,
474,20161104,   14,    0,
474,20161105,   61,    0,
474,20161106,   60,    0,
474,20161107,   68,    0,
474,20161108,    2,    0,
474,20161109,   39,    0,
474,20161110,   50,    0,
474,20161111,  108,    0,
474,20161112,    0,    0,
474,20161113,   32,    0,
474,20161114,    0,    0,
474,20161115,   59,    0,
474,20161116,   63,    0,
474,20161117,   75,    0,
474,20161118,  167,    0,
474,20161119,    7,    0,
474,20161120,   68,    0,
474,20161121,   77,    0,
474,20161122,   11,    0,
474,20161123,    0,    0,
474,20161124,   10,    0,
474,20161125,    0,    0,
474,20161126,    0,    0,
474,20161127,    0,    0,
474,20161128,    0,    0,
474,20161129,    0,    0,
474,20161130,    0,    0,
474,20161201,    0,    0,
474,20161202,    3,    0,
474,20161203,    0,    0,
474,20161204,    0,    0,
474,20161205,    0,    0,
474,20161206,    0,    0,
474,20161207,    0,    0,
474,20161208,    0,    0,
474,20161209,   19,    0,
474,20161210,    0,    0,
474,20161211,   76,    0,
474,20161212,    0,    0,
474,20161213,   13,    0,
474,20161214,    6,    0,
474,20161215,    0,    0,
474,20161216,    0,    0,
474,20161217,    0,    0,
474,20161218,    0,    0,
474,20161219,    0,    0,
474,20161220,    0,    0,
474,20161221,    0,    0,
474,20161222,   54,    0,
474,20161223,    3,    0,
474,20161224,    2,    0,
474,20161225,   10,    0,
474,20161226,    7,    0,
474,20161227,    0,    0,
474,20161228,    0,    0,
474,20161229,    0,    0,
474,20161230,    0,    0,
474,20161231,    2,    0,
474,20170101,    1,    0,
474,20170102,   19,    0,
474,20170103,   19,    0,
474,20170104,   16,    0,
474,20170105,   21,    0,
474,20170106,    0,    0,
474,20170107,   27,    0,
474,20170108,   13,    0,
474,20170109,    5,    0,
474,20170110,  117,    0,
474,20170111,   13,    0,
474,20170112,    1,    0,
474,20170113,  315,    0,
474,20170114,   26,    0,
474,20170115,  111,    0,
474,20170116,    4,    0,
474,20170117,    0,    0,
474,20170118,    0,    0,
474,20170119,    0,    0,
474,20170120,    0,    0,
474,20170121,    0,    0,
474,20170122,    0,    0,
474,20170123,    0,    0,
474,20170124,   22,    0,
474,20170125,    0,    0,
474,20170126,    0,    0,
474,20170127,    0,    0,
474,20170128,    0,    0,
474,20170129,    3,    0,
474,20170130,  126,    0,
474,20170131,    0,    0,
474,20170201,    0,    0,
474,20170202,   17,    0,
474,20170203,   15,    0,
474,20170204,    6,    0,
474,20170205,   57,    0,
474,20170206,    0,    0,
474,20170207,    3,    0,
474,20170208,   36,    0,
474,20170209,    2,    0,
474,20170210,    0,    0,
474,20170211,    6,  997,
474,20170212,   43,    7,
474,20170213,    0,  998,
474,20170214,    0,  998,
474,20170215,    0,    0,
474,20170216,    4,    0,
474,20170217,    1,    0,
474,20170218,    0,    0,
474,20170219,    5,    0,
474,20170220,    3,    0,
474,20170221,    4,    0,
474,20170222,   52,    0,
474,20170223,  209,    0,
474,20170224,   41,    0,
474,20170225,    1,    0,
474,20170226,   48,    0,
474,20170227,    3,    0,
474,20170228,  178,    0,
474,20170301,    7,    0,
474,20170302,  114,    0,
474,20170303,    2,    0,
474,20170304,    5,    0,
474,20170305,   18,    0,
474,20170306,   58,    0,
474,20170307,    2,    0,
474,20170308,   82,    0,
474,20170309,   77,    0,
474,20170310,    0,    0,
474,20170311,    0,    0,
474,20170312,    0,    0,
474,20170313,    0,    0,
474,20170314,    0,    0,
474,20170315,    0,    0,
474,20170316,    0,    0,
474,20170317,    0,    0,
474,20170318,   98,    0,
474,20170319,   83,    0,
474,20170320,   26,    0,
474,20170321,   22,    0,
474,20170322,    0,    0,
474,20170323,    0,    0,
474,20170324,    0,    0,
474,20170325,    0,    0,
474,20170326,    0,    0,
474,20170327,    0,    0,
474,20170328,    0,    0,
474,20170329,    0,    0,
474,20170330,    0,    0,
474,20170331,    0,    0,
474,20170401,    8,    0,
474,20170402,    8,    0,
474,20170403,    0,    0,
474,20170404,    0,    0,
474,20170405,    0,    0,
474,20170406,    0,    0,
474,20170407,    0,    0,
474,20170408,    0,    0,
474,20170409,    0,    0,
474,20170410,    0,    0,
474,20170411,    0,    0,
474,20170412,    0,    0,
474,20170413,   16,    0,
474,20170414,    0,    0,
474,20170415,   28,    0,
474,20170416,   13,    0,
474,20170417,  107,    0,
474,20170418,   23,    0,
474,20170419,    8,    0,
474,20170420,    0,    0,
474,20170421,    0,    0,
474,20170422,   26,    0,
474,20170423,    5,    0,
474,20170424,    4,    0,
474,20170425,   36,    0,
474,20170426,   47,    0,
474,20170427,   55,    0,
474,20170428,   14,    0,
474,20170429,    2,    0,
474,20170430,    0,    0,
474,20170501,    0,    0,
474,20170502,    0,    0,
474,20170503,   53,    0,
474,20170504,   13,    0,
474,20170505,    0,    0,
474,20170506,    0,    0,
474,20170507,    0,    0,
474,20170508,    1,    0,
474,20170509,    0,    0,
474,20170510,    0,    0,
474,20170511,    0,    0,
474,20170512,   29,    0,
474,20170513,   90,    0,
474,20170514,   31,    0,
474,20170515,   11,    0,
474,20170516,    1,    0,
474,20170517,    0,    0,
474,20170518,   10,    0,
474,20170519,   13,    0,
474,20170520,    0,    0,
474,20170521,    0,    0,
474,20170522,    0,    0,
474,20170523,    0,    0,
474,20170524,    0,    0,
474,20170525,    0,    0,
474,20170526,    0,    0,
474,20170527,    0,    0,
474,20170528,    0,    0,
474,20170529,   67,    0,
474,20170530,    0,    0,
474,20170531,    8,    0,
474,20170601,    0,    0,
474,20170602,    0,    0,
474,20170603,   48,    0,
474,20170604,    0,    0,
474,20170605,    0,    0,
474,20170606,   19,    0,
474,20170607,   98,    0,
474,20170608,   33,    0,
474,20170609,  225,    0,
474,20170610,    0,    0,
474,20170611,    0,    0,
474,20170612,    0,    0,
474,20170613,    0,    0,
474,20170614,    0,    0,
474,20170615,    0,    0,
474,20170616,    0,    0,
474,20170617,    0,    0,
474,20170618,    0,    0,
474,20170619,    0,    0,
474,20170620,    0,    0,
474,20170621,    0,    0,
474,20170622,    0,    0,
474,20170623,  109,    0,
474,20170624,   11,    0,
474,20170625,   14,    0,
474,20170626,    6,    0,
474,20170627,    0,    0,
474,20170628,   22,    0,
474,20170629,    6,    0,
474,20170630,    7,    0,
474,20170701,  111,    0,
474,20170702,    7,    0,
474,20170703,    2,    0,
474,20170704,    0,    0,
474,20170705,    0,    0,
474,20170706,    0,    0,
474,20170707,  140,    0,
474,20170708,    0,    0,
474,20170709,    0,    0,
474,20170710,    0,    0,
474,20170711,    0,    0,
474,20170712,  271,    0,
474,20170713,   82,    0,
474,20170714,    3,    0,
474,20170715,    1,    0,
474,20170716,   14,    0,
474,20170717,   13,    0,
474,20170718,    0,    0,
474,20170719,   24,    0,
474,20170720,   36,    0,
474,20170721,   37,    0,
474,20170722,    0,    0,
474,20170723,   15,    0,
474,20170724,  225,    0,
474,20170725,  137,    0,
474,20170726,    7,    0,
474,20170727,   54,    0,
474,20170728,    7,    0,
474,20170729,   36,    0,
474,20170730,  202,    0,
474,20170731,  101,    0,
474,20170801,    0,    0,
474,20170802,    0,    0,
474,20170803,   31,    0,
474,20170804,    1,    0,
474,20170805,    0,    0,
474,20170806,   15,    0,
474,20170807,    0,    0,
474,20170808,    0,    0,
474,20170809,   98,    0,
474,20170810,    1,    0,
474,20170811,   19,    0,
474,20170812,   55,    0,
474,20170813,   19,    0,
474,20170814,   18,    0,
474,20170815,    0,    0,
474,20170816,   25,    0,
474,20170817,    5,    0,
474,20170818,   21,    0,
474,20170819,  105,    0,
474,20170820,   71,    0,
474,20170821,    0,    0,
474,20170822,    0,    0,
474,20170823,    0,    0,
474,20170824,    0,    0,
474,20170825,    0,    0,
474,20170826,    0,    0,
474,20170827,    0,    0,
474,20170828,    0,    0,
474,20170829,    0,    0,
474,20170830,  291,    0,
474,20170831,  224,    0,
474,20170901,    2,    0,
474,20170902,    4,    0,
474,20170903,    0,    0,
474,20170904,    0,    0,
474,20170905,    0,    0,
474,20170906,   16,    0,
474,20170907,    1,    0,
474,20170908,  365,    0,
474,20170909,  551,    0,
474,20170910,    6,    0,
474,20170911,   15,    0,
474,20170912,  176,    0,
474,20170913,   73,    0,
474,20170914,    8,    0,
474,20170915,  212,    0,
474,20170916,  255,    0,
474,20170917,   17,    0,
474,20170918,   71,    0,
474,20170919,   33,    0,
474,20170920,   19,    0,
474,20170921,    0,    0,
474,20170922,    2,    0,
474,20170923,   55,    0,
474,20170924,    0,    0,
474,20170925,    0,    0,
474,20170926,    0,    0,
474,20170927,    0,    0,
474,20170928,   12,    0,
474,20170929,   63,    0,
474,20170930,  101,    0,
474,20171001,   16,    0,
474,20171002,    6,    0,
474,20171003,    1,    0,
474,20171004,    0,    0,
474,20171005,  152,    0,
474,20171006,   63,    0,
474,20171007,   16,    0,
474,20171008,  140,    0,
474,20171009,    2,    0,
474,20171010,   26,    0,
474,20171011,    1,    0,
474,20171012,    5,    0,
474,20171013,    0,    0,
474,20171014,    0,    0,
474,20171015,    0,    0,
474,20171016,    0,    0,
474,20171017,    0,    0,
474,20171018,    0,    0,
474,20171019,    0,    0,
474,20171020,   79,    0,
474,20171021,   27,    0,
474,20171022,   56,    0,
474,20171023,   36,    0,
474,20171024,   21,    0,
474,20171025,    3,    0,
474,20171026,    0,    0,
474,20171027,    6,    0,
474,20171028,    0,    0,
474,20171029,    5,    0,
474,20171030,   15,    0,
474,20171031,    4,    0,
474,20171101,    9,    0,
474,20171102,    0,    0,
474,20171103,    0,    0,
474,20171104,    3,    0,
474,20171105,   39,    0,
474,20171106,  121,    0,
474,20171107,    6,    0,
474,20171108,    5,    0,
474,20171109,    0,    0,
474,20171110,   58,    0,
474,20171111,   22,    0,
474,20171112,   29,    0,
474,20171113,   82,    0,
474,20171114,    4,    0,
474,20171115,   26,    0,
474,20171116,    2,    0,
474,20171117,   20,    0,
474,20171118,    0,    0,
474,20171119,   11,    0,
474,20171120,   26,    0,
474,20171121,   76,    0,
474,20171122,   14,    0,
474,20171123,    0,    0,
474,20171124,   77,    0,
474,20171125,   10,    0,
474,20171126,    7,    0,
474,20171127,   78,    0,
474,20171128,  126,    0,
474,20171129,  112,    0,
474,20171130,   47,    0,
474,20171201,   74,    0,
474,20171202,    0,    0,
474,20171203,   18,    0,
474,20171204,   36,    0,
474,20171205,    0,    0,
474,20171206,    0,    0,
474,20171207,    0,    0,
474,20171208,  114,    0,
474,20171209,  196,    0,
474,20171210,   71,    0,
474,20171211,  123,    2,
474,20171212,  152,    3,
474,20171213,  115,  998,
474,20171214,  176,    0,
474,20171215,   49,    0,
474,20171216,   18,    0,
474,20171217,   24,    0,
474,20171218,   54,    0,
474,20171219,    0,    0,
474,20171220,    1,    0,
474,20171221,    6,    0,
474,20171222,   43,    0,
474,20171223,    2,    0,
474,20171224,    1,    0,
474,20171225,    0,    0,
474,20171226,   10,    0,
474,20171227,   51,    0,
474,20171228,   28,    0,
474,20171229,    0,    0,
474,20171230,  100,    0,
474,20171231,   36,    0,
474,20180101,   97,    0,
474,20180102,   17,    0,
474,20180103,  156,    0,
474,20180104,    0,    0,
474,20180105,   12,    0,
474,20180106,   47,    0,
474,20180107,    0,    0,
474,20180108,    0,    0,
474,20180109,    0,    0,
474,20180110,    1,    0,
474,20180111,   10,    0,
474,20180112,    0,    0,
474,20180113,    0,    0,
474,20180114,    0,    0,
474,20180115,    0,    0,
474,20180116,  219,    0,
474,20180117,   35,    0,
474,20180118,   85,    0,
474,20180119,   53,    0,
474,20180120,   15,    0,
474,20180121,   27,    0,
474,20180122,   32,    0,
474,20180123,    0,    0,
474,20180124,    9,    0,
474,20180125,   69,    0,
474,20180126,    0,    0,
474,20180127,    0,    0,
474,20180128,   10,    0,
474,20180129,    0,    0,
474,20180130,   23,    0,
474,20180131,   13,    0,
474,20180201,   62,    0,
474,20180202,   91,    0,
474,20180203,   33,    0,
474,20180204,   13,    0,
474,20180205,    1,    0,
474,20180206,    0,    0,
474,20180207,    0,    0,
474,20180208,    0,    0,
474,20180209,    0,    0,
474,20180210,   11,    0,
474,20180211,   53,    0,
474,20180212,    0,    0,
474,20180213,    0,    0,
474,20180214,    0,    0,
474,20180215,   55,    0,
474,20180216,    0,    0,
474,20180217,    0,    0,
474,20180218,    0,    0,
474,20180219,    0,    0,
474,20180220,    4,    0,
474,20180221,    0,    0,
474,20180222,    0,    0,
474,20180223,    0,    0,
474,20180224,    0,    0,
474,20180225,    0,    0,
474,20180226,    0,    0,
474,20180227,    0,    0,
474,20180228,    0,    0,
474,20180301,    0,    0,
474,20180302,    0,    0,
474,20180303,    2,  998,
474,20180304,    0,    0,
474,20180305,   49,    0,
474,20180306,    0,    0,
474,20180307,    0,    0,
474,20180308,    7,    0,
474,20180309,   51,    0,
474,20180310,   52,    0,
474,20180311,   50,    0,
474,20180312,   35,    0,
474,20180313,   49,    0,
474,20180314,    8,    0,
474,20180315,    0,    0,
474,20180316,   36,    0,
474,20180317,   14,    0,
474,20180318,    0,    0,
474,20180319,    0,    0,
474,20180320,    2,    0,
474,20180321,    0,    0,
474,20180322,   54,    0,
474,20180323,    0,    0,
474,20180324,    0,    0,
474,20180325,    0,    0,
474,20180326,    2,    0,
474,20180327,    0,    0,
474,20180328,   39,    0,
474,20180329,  114,    0,
474,20180330,    9,    0,
474,20180331,   42,    0,
474,20180401,    6,    0,
474,20180402,    6,    0,
474,20180403,   35,    0,
474,20180404,  141,    0,
474,20180405,   32,    0,
474,20180406,    0,    0,
474,20180407,    0,    0,
474,20180408,    0,    0,
474,20180409,    8,    0,
474,20180410,    1,    0,
474,20180411,   98,    0,
474,20180412,    9,    0,
474,20180413,    7,    0,
474,20180414,    0,    0,
474,20180415,   23,    0,
474,20180416,    9,    0,
474,20180417,    0,    0,
474,20180418,    0,    0,
474,20180419,    0,    0,
474,20180420,    0,    0,
474,20180421,    0,    0,
474,20180422,    0,    0,
474,20180423,    0,    0,
474,20180424,    7,    0,
474,20180425,    4,    0,
474,20180426,   20,    0,
474,20180427,    2,    0,
474,20180428,    7,    0,
474,20180429,    5,    0,
474,20180430,  295,    0,
474,20180501,  209,    0,
474,20180502,    0,    0,
474,20180503,   17,    0,
474,20180504,    0,    0,
474,20180505,    0,    0,
474,20180506,    0,    0,
474,20180507,    0,    0,
474,20180508,    0,    0,
474,20180509,    0,    0,
474,20180510,    0,    0,
474,20180511,    0,    0,
474,20180512,    0,    0,
474,20180513,    1,    0,
474,20180514,    0,    0,
474,20180515,    0,    0,
474,20180516,    0,    0,
474,20180517,    0,    0,
474,20180518,    0,    0,
474,20180519,    0,    0,
474,20180520,    0,    0,
474,20180521,    0,    0,
474,20180522,   17,    0,
474,20180523,    7,    0,
474,20180524,    0,    0,
474,20180525,   33,    0,
474,20180526,    0,    0,
474,20180527,    0,    0,
474,20180528,   39,    0,
474,20180529,  163,    0,
474,20180530,  108,    0,
474,20180531,   10,    0,
474,20180601,  377,    0,
474,20180602,   20,    0,
474,20180603,    0,    0,
474,20180604,    0,    0,
474,20180605,    0,    0,
474,20180606,    0,    0,
474,20180607,    0,    0,
474,20180608,    0,    0,
474,20180609,    0,    0,
474,20180610,    0,    0,
474,20180611,    0,    0,
474,20180612,    0,    0,
474,20180613,    0,    0,
474,20180614,    0,    0,
474,20180615,   22,    0,
474,20180616,    0,    0,
474,20180617,    0,    0,
474,20180618,   12,    0,
474,20180619,    4,    0,
474,20180620,    0,    0,
474,20180621,    0,    0,
474,20180622,    1,    0,
474,20180623,    0,    0,
474,20180624,    0,    0,
474,20180625,    0,    0,
474,20180626,    0,    0,
474,20180627,    0,    0,
474,20180628,    0,    0,
474,20180629,    0,    0,
474,20180630,    0,    0,
474,20180701,    0,    0,
474,20180702,    0,    0,
474,20180703,    0,    0,
474,20180704,    0,    0,
474,20180705,    0,    0,
474,20180706,    0,    0,
474,20180707,    0,    0,
474,20180708,    0,    0,
474,20180709,    0,    0,
474,20180710,    1,    0,
474,20180711,    9,    0,
474,20180712,    0,    0,
474,20180713,    0,    0,
474,20180714,    0,    0,
474,20180715,    0,    0,
474,20180716,    0,    0,
474,20180717,    0,    0,
474,20180718,    0,    0,
474,20180719,    0,    0,
474,20180720,    0,    0,
474,20180721,    0,    0,
474,20180722,    0,    0,
474,20180723,    0,    0,
474,20180724,    0,    0,
474,20180725,    0,    0,
474,20180726,    0,    0,
474,20180727,    4,    0,
474,20180728,    5,    0,
474,20180729,   22,    0,
474,20180730,   21,    0,
474,20180731,   51,    0,
474,20180801,    0,    0,
474,20180802,    0,    0,
474,20180803,    0,    0,
474,20180804,    0,    0,
474,20180805,    0,    0,
474,20180806,    0,    0,
474,20180807,    0,    0,
474,20180808,   64,    0,
474,20180809,    2,    0,
474,20180810,  130,    0,
474,20180811,  322,    0,
474,20180812,    0,    0,
474,20180813,    0,    0,
474,20180814,  103,    0,
474,20180815,    0,    0,
474,20180816,    0,    0,
474,20180817,    3,    0,
474,20180818,    0,    0,
474,20180819,    0,    0,
474,20180820,    0,    0,
474,20180821,    0,    0,
474,20180822,    0,    0,
474,20180823,    0,    0,
474,20180824,   54,    0,
474,20180825,  285,    0,
474,20180826,    8,    0,
474,20180827,   22,    0,
474,20180828,    2,    0,
474,20180829,    0,    0,
474,20180830,   96,    0,
474,20180831,    0,    0,
474,20180901,    0,    0,
474,20180902,    0,    0,
474,20180903,    0,    0,
474,20180904,    1,    0,
474,20180905,  271,    0,
474,20180906,   67,    0,
474,20180907,  195,    0,
474,20180908,   13,    0,
474,20180909,    0,    0,
474,20180910,    0,    0,
474,20180911,    0,    0,
474,20180912,   21,    0,
474,20180913,    4,    0,
474,20180914,    2,    0,
474,20180915,    3,    0,
474,20180916,    0,    0,
474,20180917,    0,    0,
474,20180918,    0,    0,
474,20180919,    0,    0,
474,20180920,    0,    0,
474,20180921,   21,    0,
474,20180922,   84,    0,
474,20180923,   56,    0,
474,20180924,  146,    0,
474,20180925,    0,    0,
474,20180926,    0,    0,
474,20180927,    0,    0,
474,20180928,    0,    0,
474,20180929,    0,    0,
474,20180930,    0,    0,
474,20181001,   57,    0,
474,20181002,   53,    0,
474,20181003,    0,    0,
474,20181004,    0,    0,
474,20181005,    0,    0,
474,20181006,    0,    0,
474,20181007,    7,    0,
474,20181008,    0,    0,
474,20181009,    0,    0,
474,20181010,    0,    0,
474,20181011,    0,    0,
474,20181012,   17,    0,
474,20181013,    0,    0,
474,20181014,    0,    0,
474,20181015,    0,    0,
474,20181016,    0,    0,
474,20181017,    0,    0,
474,20181018,    0,    0,
474,20181019,    0,    0,
474,20181020,    0,    0,
474,20181021,    0,    0,
474,20181022,   15,    0,
474,20181023,    0,    0,
474,20181024,    3,    0,
474,20181025,    4,    0,
474,20181026,   18,    0,
474,20181027,  142,    0,
474,20181028,   22,    0,
474,20181029,    0,    0,
474,20181030,  183,    0,
474,20181031,  140,    0,
474,20181101,    3,    0,
474,20181102,   43,    0,
474,20181103,    0,    0,
474,20181104,    0,    0,
474,20181105,    0,    0,
474,20181106,    0,    0,
474,20181107,    0,    0,
474,20181108,    2,    0,
474,20181109,    0,    0,
474,20181110,   24,    0,
474,20181111,   10,    0,
474,20181112,   71,    0,
474,20181113,    7,    0,
474,20181114,    0,    0,
474,20181115,    0,    0,
474,20181116,    0,    0,
474,20181117,    0,    0,
474,20181118,    0,    0,
474,20181119,    0,    0,
474,20181120,    0,    0,
474,20181121,    4,    0,
474,20181122,    0,    0,
474,20181123,    0,    0,
474,20181124,    0,    0,
474,20181125,    0,    0,
474,20181126,    0,    0,
474,20181127,    0,    0,
474,20181128,   16,    0,
474,20181129,   42,    0,
474,20181130,   21,    0,
474,20181201,    0,    0,
474,20181202,   83,    0,
474,20181203,    6,    0,
474,20181204,   27,    0,
474,20181205,    0,    0,
474,20181206,   50,    0,
474,20181207,   52,    0,
474,20181208,  136,    0,
474,20181209,   53,    0,
474,20181210,   35,    0,
474,20181211,   27,    0,
474,20181212,    9,    0,
474,20181213,    0,    0,
474,20181214,    0,    0,
474,20181215,    0,    0,
474,20181216,   42,  998,
474,20181217,   37,    0,
474,20181218,   13,    0,
474,20181219,   20,    0,
474,20181220,   13,    0,
474,20181221,  135,    0,
474,20181222,   64,    0,
474,20181223,    1,    0,
474,20181224,   81,    0,
474,20181225,    0,    0,
474,20181226,    0,    0,
474,20181227,    0,    0,
474,20181228,    0,    0,
474,20181229,    0,    0,
474,20181230,    0,    0,
474,20181231,    6,    0,
474,20190101,    1,    0,
474,20190102,    2,    0,
474,20190103,   13,    0,
474,20190104,   26,    0,
474,20190105,    1,    0,
474,20190106,    0,    0,
474,20190107,    0,    0,
474,20190108,   16,    0,
474,20190109,   23,    0,
474,20190110,    0,    0,
474,20190111,   23,    0,
474,20190112,   16,    0,
474,20190113,   29,    0,
474,20190114,   20,    0,
474,20190115,    1,    0,
474,20190116,    0,    0,
474,20190117,  135,    0,
474,20190118,   49,    0,
474,20190119,    0,    0,
474,20190120,    0,    0,
474,20190121,    0,    0,
474,20190122,    0,    0,
474,20190123,   19,  998,
474,20190124,    0,  998,
474,20190125,    1,    0,
474,20190126,   24,    0,
474,20190127,  114,    0,
474,20190128,   88,    0,
474,20190129,    9,    0,
474,20190130,    0,    0,
474,20190131,   72,  998,
474,20190201,    5,  998,
474,20190202,   14,    0,
474,20190203,   16,    0,
474,20190204,    0,    0,
474,20190205,   52,    0,
474,20190206,   23,    0,
474,20190207,  127,    0,
474,20190208,    8,    0,
474,20190209,   12,    0,
474,20190210,  110,    0,
474,20190211,  190,    0,
474,20190212,    0,    0,
474,20190213,    0,    0,
474,20190214,    0,    0,
474,20190215,    0,    0,
474,20190216,    0,    0,
474,20190217,    0,    0,
474,20190218,    0,    0,
474,20190219,   11,    0,
474,20190220,    0,    0,
474,20190221,    0,    0,
474,20190222,    9,    0,
474,20190223,    0,    0,
474,20190224,    0,    0,
474,20190225,    0,    0,
474,20190226,    0,    0,
474,20190227,    0,    0,
474,20190228,    0,    0,
474,20190301,    2,    0,
474,20190302,    1,    0,
474,20190303,   45,    0,
474,20190304,   82,    0,
474,20190305,    0,    0,
474,20190306,   17,    0,
474,20190307,  198,    0,
474,20190308,   47,    0,
474,20190309,   47,    0,
474,20190310,   76,    0,
474,20190311,  108,    0,
474,20190312,    4,    0,
474,20190313,   55,    0,
474,20190314,   60,    0,
474,20190315,   64,    0,
474,20190316,   65,    0,
474,20190317,   71,    0,
474,20190318,   14,    0,
474,20190319,    0,    0,
474,20190320,    0,    0,
474,20190321,    0,    0,
474,20190322,    0,    0,
474,20190323,    0,    0,
474,20190324,    0,    0,
474,20190325,    0,    0,
474,20190326,    2,    0,
474,20190327,    0,    0,
474,20190328,    1,    0,
474,20190329,    0,    0,
474,20190330,    0,    0,
474,20190331,    0,    0,
474,20190401,    0,    0,
474,20190402,    2,    0,
474,20190403,   11,    0,
474,20190404,   21,    0,
474,20190405,    0,    0,
474,20190406,    2,    0,
474,20190407,    0,    0,
474,20190408,    0,    0,
474,20190409,    0,    0,
474,20190410,    0,    0,
474,20190411,    0,    0,
474,20190412,    0,    0,
474,20190413,    0,    0,
474,20190414,    2,    0,
474,20190415,    0,    0,
474,20190416,    0,    0,
474,20190417,    0,    0,
474,20190418,    0,    0,
474,20190419,    0,    0,
474,20190420,    0,    0,
474,20190421,    0,    0,
474,20190422,    0,    0,
474,20190423,    0,    0,
474,20190424,    0,    0,
474,20190425,  130,    0,
474,20190426,   52,    0,
474,20190427,   28,    0,
474,20190428,   93,    0,
474,20190429,   10,    0,
474,20190430,    0,    0,
474,20190501,    0,    0,
474,20190502,    0,    0,
474,20190503,   11,    0,
474,20190504,   40,    0,
474,20190505,   39,    0,
474,20190506,    2,    0,
474,20190507,   27,    0,
474,20190508,   11,    0,
474,20190509,   17,    0,
474,20190510,   10,    0,
474,20190511,    0,    0,
474,20190512,    3,    0,
474,20190513,    0,    0,
474,20190514,    0,    0,
474,20190515,    0,    0,
474,20190516,    0,    0,
474,20190517,    0,    0,
474,20190518,    0,    0,
474,20190519,    0,    0,
474,20190520,    0,    0,
474,20190521,    0,    0,
474,20190522,    0,    0,
474,20190523,    0,    0,
474,20190524,    0,    0,
474,20190525,    2,    0,
474,20190526,    0,    0,
474,20190527,  104,    0,
474,20190528,   32,    0,
474,20190529,    0,    0,
474,20190530,   21,    0,
474,20190531,    0,    0,
474,20190601,    0,    0,
474,20190602,    0,    0,
474,20190603,   16,    0,
474,20190604,    0,    0,
474,20190605,  108,    0,
474,20190606,  194,    0,
474,20190607,    0,    0,
474,20190608,   45,    0,
474,20190609,   15,    0,
474,20190610,    0,    0,
474,20190611,   59,    0,
474,20190612,   13,    0,
474,20190613,  215,    0,
474,20190614,   18,    0,
474,20190615,  318,    0,
474,20190616,    3,    0,
474,20190617,    0,    0,
474,20190618,    0,    0,
474,20190619,   46,    0,
474,20190620,    3,    0,
474,20190621,    0,    0,
474,20190622,    0,    0,
474,20190623,    0,    0,
474,20190624,    0,    0,
474,20190625,    0,    0,
474,20190626,    0,    0,
474,20190627,    0,    0,
474,20190628,    0,    0,
474,20190629,    0,    0,
474,20190630,    0,    0,
474,20190701,    0,    0,
474,20190702,    0,    0,
474,20190703,    0,    0,
474,20190704,    0,    0,
474,20190705,    0,    0,
474,20190706,    0,    0,
474,20190707,   33,    0,
474,20190708,    8,    0,
474,20190709,    0,    0,
474,20190710,    0,    0,
474,20190711,   60,    0,
474,20190712,    8,    0,
474,20190713,  184,    0,
474,20190714,   13,    0,
474,20190715,    3,    0,
474,20190716,    0,    0,
474,20190717,    0,    0,
474,20190718,    0,    0,
474,20190719,   10,    0,
474,20190720,   65,    0,
474,20190721,   35,    0,
474,20190722,    0,    0,
474,20190723,    0,    0,
474,20190724,    0,    0,
474,20190725,    0,    0,
474,20190726,    0,    0,
474,20190727,    8,    0,
474,20190728,   26,    0,
474,20190729,    0,    0,
474,20190730,    0,    0,
474,20190731,    3,    0,
474,20190801,  290,    0,
474,20190802,    5,    0,
474,20190803,   22,    0,
474,20190804,    0,    0,
474,20190805,    2,    0,
474,20190806,    0,    0,
474,20190807,   16,    0,
474,20190808,    0,    0,
474,20190809,   19,    0,
474,20190810,   19,    0,
474,20190811,    5,    0,
474,20190812,   22,    0,
474,20190813,  108,    0,
474,20190814,  112,    0,
474,20190815,   99,    0,
474,20190816,    1,    0,
474,20190817,   45,    0,
474,20190818,   16,    0,
474,20190819,    2,    0,
474,20190820,    8,    0,
474,20190821,    0,    0,
474,20190822,    0,    0,
474,20190823,    0,    0,
474,20190824,    0,    0,
474,20190825,    0,    0,
474,20190826,    0,    0,
474,20190827,    0,    0,
474,20190828,    0,    0,
474,20190829,    0,    0,
474,20190830,    3,    0,
474,20190831,    0,    0,
474,20190901,    0,    0,
474,20190902,    3,    0,
474,20190903,    0,    0,
474,20190904,    0,    0,
474,20190905,   82,    0,
474,20190906,   20,    0,
474,20190907,  162,    0,
474,20190908,   80,    0,
474,20190909,    4,    0,
474,20190910,    0,    0,
474,20190911,   20,    0,
474,20190912,   59,    0,
474,20190913,    0,    0,
474,20190914,    0,    0,
474,20190915,    0,    0,
474,20190916,   29,    0,
474,20190917,    2,    0,
474,20190918,    0,    0,
474,20190919,    2,    0,
474,20190920,    0,    0,
474,20190921,    0,    0,
474,20190922,    0,    0,
474,20190923,   39,    0,
474,20190924,    7,    0,
474,20190925,   57,    0,
474,20190926,  110,    0,
474,20190927,   69,    0,
474,20190928,  105,    0,
474,20190929,  141,    0,
474,20190930,  115,    0,
474,20191001,   73,    0,
474,20191002,  125,    0,
474,20191003,   57,    0,
474,20191004,   75,    0,
474,20191005,   40,    0,
474,20191006,   26,    0,
474,20191007,  156,    0,
474,20191008,   61,    0,
474,20191009,   30,    0,
474,20191010,   99,    0,
474,20191011,    7,    0,
474,20191012,   81,    0,
474,20191013,   82,    0,
474,20191014,   21,    0,
474,20191015,   14,    0,
474,20191016,    4,    0,
474,20191017,  132,    0,
474,20191018,    3,    0,
474,20191019,   66,    0,
474,20191020,    0,    0,
474,20191021,  150,    0,
474,20191022,   26,    0,
474,20191023,   42,    0,
474,20191024,    1,    0,
474,20191025,   12,    0,
474,20191026,    0,    0,
474,20191027,   46,    0,
474,20191028,    0,    0,
474,20191029,    0,    0,
474,20191030,    0,    0,
474,20191031,    0,    0,
474,20191101,    0,    0,
474,20191102,   72,    0,
474,20191103,   40,    0,
474,20191104,   62,    0,
474,20191105,    6,    0,
474,20191106,    6,    0,
474,20191107,    5,    0,
474,20191108,   77,    0,
474,20191109,   23,    0,
474,20191110,   72,    0,
474,20191111,    0,    0,
474,20191112,  187,    0,
474,20191113,  173,    0,
474,20191114,   24,    0,
474,20191115,    4,    0,
474,20191116,    0,    0,
474,20191117,    0,    0,
474,20191118,    6,    0,
474,20191119,  111,    0,
474,20191120,   39,    0,
474,20191121,    0,    0,
474,20191122,    8,    0,
474,20191123,    0,    0,
474,20191124,    0,    0,
474,20191125,    0,    0,
474,20191126,    0,    0,
474,20191127,  103,    0,
474,20191128,  176,    0,
474,20191129,   67,    0,
474,20191130,    5,    0,
474,20191201,    0,    0,
474,20191202,   15,    0,
474,20191203,   10,    0,
474,20191204,    0,    0,
474,20191205,    0,    0,
474,20191206,   21,    0,
474,20191207,  141,    0,
474,20191208,   41,    0,
474,20191209,  114,    0,
474,20191210,   61,    0,
474,20191211,   24,    0,
474,20191212,   17,    0,
474,20191213,   42,    0,
474,20191214,   60,    0,
474,20191215,   99,    0,
474,20191216,   20,    0,
474,20191217,   43,    0,
474,20191218,   33,    0,
474,20191219,    2,    0,
474,20191220,    9,    0,
474,20191221,   14,    0,
474,20191222,   29,    0,
474,20191223,   38,    0,
474,20191224,   26,    0,
474,20191225,   49,    0,
474,20191226,    0,    0,
474,20191227,   31,    0,
474,20191228,    0,    0,
474,20191229,    0,    0,
474,20191230,    0,    0,
474,20191231,    0,    0,
474,20200101,    0,    0,
474,20200102,    0,    0,
474,20200103,    9,    0,
474,20200104,   31,    0,
474,20200105,    1,    0,
474,20200106,    0,    0,
474,20200107,    4,    0,
474,20200108,    4,    0,
474,20200109,   26,    0,
474,20200110,   69,    0,
474,20200111,    2,    0,
474,20200112,    0,    0,
474,20200113,   10,    0,
474,20200114,   71,    0,
474,20200115,   10,    0,
474,20200116,   25,    0,
474,20200117,    7,    0,
474,20200118,   33,    0,
474,20200119,    7,    0,
474,20200120,    0,    0,
474,20200121,    0,    0,
474,20200122,    1,    0,
474,20200123,    7,    0,
474,20200124,    0,    0,
474,20200125,    1,    0,
474,20200126,    0,    0,
474,20200127,   39,    0,
474,20200128,  148,    0,
474,20200129,    4,    0,
474,20200130,    0,    0,
474,20200131,    7,    0,
474,20200201,    4,    0,
474,20200202,   24,    0,
474,20200203,   49,    0,
474,20200204,   40,    0,
474,20200205,    6,    0,
474,20200206,    0,    0,
474,20200207,    0,    0,
474,20200208,    0,    0,
474,20200209,    7,    0,
474,20200210,  136,    0,
474,20200211,   32,    0,
474,20200212,    3,    0,
474,20200213,   34,    0,
474,20200214,  105,    0,
474,20200215,    0,    0,
474,20200216,    3,    0,
474,20200217,  206,    0,
474,20200218,   40,    0,
474,20200219,  136,    0,
474,20200220,   17,    0,
474,20200221,   71,    0,
474,20200222,    2,    0,
474,20200223,  255,    0,
474,20200224,   18,    0,
474,20200225,   84,    0,
474,20200226,   76,    0,
474,20200227,   11,    0,
474,20200228,   55,    0,
474,20200229,  145,    0,
474,20200301,   19,    0,
474,20200302,   17,    0,
474,20200303,   41,    0,
474,20200304,   43,    0,
474,20200305,   15,    0,
474,20200306,  148,    0,
474,20200307,    0,    0,
474,20200308,    0,    0,
474,20200309,   14,    0,
474,20200310,  109,    0,
474,20200311,   72,    0,
474,20200312,   12,    0,
474,20200313,    3,    0,
474,20200314,   32,    0,
474,20200315,    3,    0,
474,20200316,    0,    0,
474,20200317,    0,    0,
474,20200318,    0,    0,
474,20200319,    0,    0,
474,20200320,    0,    0,
474,20200321,    0,    0,
474,20200322,    0,    0,
474,20200323,    0,    0,
474,20200324,    0,    0,
474,20200325,    0,    0,
474,20200326,    0,    0,
474,20200327,    0,    0,
474,20200328,    0,    0,
474,20200329,    0,    0,
474,20200330,    0,    0,
474,20200331,   11,    0,
474,20200401,    0,    0,
474,20200402,    0,    0,
474,20200403,    0,    0,
474,20200404,    0,    0,
474,20200405,    0,    0,
474,20200406,    0,    0,
474,20200407,    3,    0,
474,20200408,    0,    0,
474,20200409,    0,    0,
474,20200410,    0,    0,
474,20200411,    0,    0,
474,20200412,    0,    0,
474,20200413,    0,    0,
474,20200414,    2,    0,
474,20200415,    0,    0,
474,20200416,    0,    0,
474,20200417,    0,    0,
474,20200418,    0,    0,
474,20200419,    9,    0,
474,20200420,    0,    0,
474,20200421,    0,    0,
474,20200422,    0,    0,
474,20200423,    0,    0,
474,20200424,    0,    0,
474,20200425,    0,    0,
474,20200426,    0,    0,
474,20200427,    0,    0,
474,20200428,    9,    0,
474,20200429,   49,    0,
474,20200430,   51,    0,
474,20200501,  102,    0,
474,20200502,   18,    0,
474,20200503,    0,    0,
474,20200504,   12,    0,
474,20200505,    0,    0,
474,20200506,    0,    0,
474,20200507,    0,    0,
474,20200508,    0,    0,
474,20200509,    0,    0,
474,20200510,    0,    0,
474,20200511,    0,    0,
474,20200512,    2,    0,
474,20200513,   11,    0,
474,20200514,    0,    0,
474,20200515,    0,    0,
474,20200516,    0,    0,
474,20200517,    0,    0,
474,20200518,    0,    0,
474,20200519,    0,    0,
474,20200520,    0,    0,
474,20200521,    0,    0,
474,20200522,    0,    0,
474,20200523,    1,    0,
474,20200524,    4,    0,
474,20200525,   11,    0,
474,20200526,    0,    0,
474,20200527,    0,    0,
474,20200528,    0,    0,
474,20200529,    0,    0,
474,20200530,    0,    0,
474,20200531,    0,    0,
474,20200601,    0,    0,
474,20200602,    0,    0,
474,20200603,    0,    0,
474,20200604,    0,    0,
474,20200605,   61,    0,
474,20200606,   15,    0,
474,20200607,   86,    0,
474,20200608,   16,    0,
474,20200609,    2,    0,
474,20200610,    0,    0,
474,20200611,   26,    0,
474,20200612,   11,    0,
474,20200613,  194,    0,
474,20200614,    1,    0,
474,20200615,    0,    0,
474,20200616,    0,    0,
474,20200617,  426,    0,
474,20200618,  186,    0,
474,20200619,   22,    0,
474,20200620,    0,    0,
474,20200621,    0,    0,
474,20200622,    0,    0,
474,20200623,    0,    0,
474,20200624,    0,    0,
474,20200625,    0,    0,
474,20200626,    0,    0,
474,20200627,  263,    0,
474,20200628,   41,    0,
474,20200629,    2,    0,
474,20200630,   10,    0,
474,20200701,  124,    0,
474,20200702,    0,    0,
474,20200703,    0,    0,
474,20200704,   16,    0,
474,20200705,  104,    0,
474,20200706,    0,    0,
474,20200707,    2,    0,
474,20200708,   79,    0,
474,20200709,  125,    0,
474,20200710,  123,    0,
474,20200711,    0,    0,
474,20200712,    0,    0,
474,20200713,    0,    0,
474,20200714,    4,    0,
474,20200715,    4,    0,
474,20200716,   18,    0,
474,20200717,    0,    0,
474,20200718,    0,    0,
474,20200719,    0,    0,
474,20200720,   23,    0,
474,20200721,    0,    0,
474,20200722,    0,    0,
474,20200723,    0,    0,
474,20200724,    0,    0,
474,20200725,    2,    0,
474,20200726,  222,    0,
474,20200727,    0,    0,
474,20200728,   20,    0,
474,20200729,    0,    0,
474,20200730,    0,    0,
474,20200731,    0,    0,
474,20200801,    4,    0,
474,20200802,    0,    0,
474,20200803,   47,    0,
474,20200804,   42,    0,
474,20200805,    0,    0,
474,20200806,    0,    0,
474,20200807,    0,    0,
474,20200808,    0,    0,
474,20200809,    1,    0,
474,20200810,    0,    0,
474,20200811,    0,    0,
474,20200812,    0,    0,
474,20200813,    0,    0,
474,20200814,    5,    0,
474,20200815,   67,    0,
474,20200816,   66,    0,
474,20200817,   40,    0,
474,20200818,  228,    0,
474,20200819,    0,    0,
474,20200820,   21,    0,
474,20200821,    0,    0,
474,20200822,   30,    0,
474,20200823,  102,    0,
474,20200824,   23,    0,
474,20200825,    1,    0,
474,20200826,   44,    0,
474,20200827,    4,    0,
474,20200828,   11,    0,
474,20200829,   95,    0,
474,20200830,  159,    0,
474,20200831,  142,    0,
474,20200901,    0,    0,
474,20200902,    0,    0,
474,20200903,   15,    0,
474,20200904,  101,    0,
474,20200905,   76,    0,
474,20200906,    5,    0,
474,20200907,    4,    0,
474,20200908,    4,    0,
474,20200909,    0,    0,
474,20200910,   13,    0,
474,20200911,    0,    0,
474,20200912,    0,    0,
474,20200913,    0,    0,
474,20200914,    0,    0,
474,20200915,    0,    0,
474,20200916,    0,    0,
474,20200917,    0,    0,
474,20200918,    0,    0,
474,20200919,    0,    0,
474,20200920,    0,    0,
474,20200921,    0,    0,
474,20200922,    0,    0,
474,20200923,    0,    0,
474,20200924,  196,    0,
474,20200925,   10,    0,
474,20200926,  209,    0,
474,20200927,   91,    0,
474,20200928,   39,    0,
474,20200929,   56,    0,
474,20200930,   13,    0,
474,20201001,   20,    0,
474,20201002,   61,    0,
474,20201003,    3,    0,
474,20201004,  107,    0,
474,20201005,   39,    0,
474,20201006,  220,    0,
474,20201007,  102,    0,
474,20201008,   63,    0,
474,20201009,   35,    0,
474,20201010,   65,    0,
474,20201011,  182,    0,
474,20201012,   41,    0,
474,20201013,    3,    0,
474,20201014,    0,    0,
474,20201015,    0,    0,
474,20201016,    0,    0,
474,20201017,    4,    0,
474,20201018,   10,    0,
474,20201019,    6,    0,
474,20201020,    0,    0,
474,20201021,   97,    0,
474,20201022,   17,    0,
474,20201023,    0,    0,
474,20201024,    3,    0,
474,20201025,   96,    0,
474,20201026,   30,    0,
474,20201027,   57,    0,
474,20201028,   56,    0,
474,20201029,   88,    0,
474,20201030,   98,    0,
474,20201031,    2,    0,
474,20201101,   33,    0,
474,20201102,   19,    0,
474,20201103,    4,    0,
474,20201104,   46,    0,
474,20201105,    0,    0,
474,20201106,    0,    0,
474,20201107,    0,    0,
474,20201108,    0,    0,
474,20201109,    0,    0,
474,20201110,    0,    0,
474,20201111,    7,    0,
474,20201112,   27,    0,
474,20201113,   47,    0,
474,20201114,   15,    0,
474,20201115,    5,    0,
474,20201116,  130,    0,
474,20201117,   24,    0,
474,20201118,    0,    0,
474,20201119,    6,    0,
474,20201120,   21,    0,
474,20201121,    2,    0,
474,20201122,   48,    0,
474,20201123,    0,    0,
474,20201124,    0,    0,
474,20201125,    0,    0,
474,20201126,    6,    0,
474,20201127,   39,    0,
474,20201128,    1,    0,
474,20201129,    0,    0,
474,20201130,    0,    0,
474,20201201,   89,    0,
474,20201202,    2,    0,
474,20201203,   49,    0,
474,20201204,   51,    0,
474,20201205,    0,    0,
474,20201206,    0,    0,
474,20201207,   59,    0,
474,20201208,   31,    0,
474,20201209,    2,    0,
474,20201210,    0,    0,
474,20201211,    0,    0,
474,20201212,   29,    0,
474,20201213,   31,    0,
474,20201214,   44,    0,
474,20201215,    3,    0,
474,20201216,    2,    0,
474,20201217,   74,    0,
474,20201218,    1,    0,
474,20201219,    0,    0,
474,20201220,    5,    0,
474,20201221,    2,    0,
474,20201222,  222,    0,
474,20201223,   49,    0,
474,20201224,  189,    0,
474,20201225,   51,    0,
474,20201226,   15,    0,
474,20201227,   65,    0,
474,20201228,  122,    0,
474,20201229,   54,    0,
474,20201230,   36,    0,
474,20201231,   85,    0,
474,20210101,    3,    0,
474,20210102,   17,    0,
474,20210103,    1,    0,
474,20210104,   12,    0,
474,20210105,    1,    0,
474,20210106,    0,    0,
474,20210107,   79,    0,
474,20210108,   82,    0,
474,20210109,    8,    0,
474,20210110,    6,    0,
474,20210111,    0,    0,
474,20210112,  112,    0,
474,20210113,    7,    0,
474,20210114,    0,    0,
474,20210115,    0,    0,
474,20210116,    0,    0,
474,20210117,   33,    0,
474,20210118,    1,    0,
474,20210119,  124,    0,
474,20210120,   21,    0,
474,20210121,   20,    0,
474,20210122,   84,    0,
474,20210123,   11,    0,
474,20210124,   49,    0,
474,20210125,    0,    0,
474,20210126,   21,    0,
474,20210127,   11,    0,
474,20210128,   68,    0,
474,20210129,  153,    0,
474,20210130,    2,    0,
474,20210131,    0,    0,
474,20210201,   16,    0,
474,20210202,   19,    0,
474,20210203,   64,    0,
474,20210204,  111,    0,
474,20210205,   17,    0,
474,20210206,   10,    0,
474,20210207,   55,    3,
474,20210208,   10,    4,
474,20210209,    1,    4,
474,20210210,    0,    4,
474,20210211,    0,    4,
474,20210212,    1,    3,
474,20210213,    1,    3,
474,20210214,    0,  998,
474,20210215,   20,  998,
474,20210216,   71,    0,
474,20210217,   21,    0,
474,20210218,    0,    0,
474,20210219,   34,    0,
474,20210220,    0,    0,
474,20210221,    0,    0,
474,20210222,    0,    0,
474,20210223,    0,    0,
474,20210224,    0,    0,
474,20210225,    0,    0,
474,20210226,    4,    0,
474,20210227,    0,    0,
474,20210228,    0,    0,
474,20210301,    0,    0,
474,20210302,    0,    0,
474,20210303,    0,    0,
474,20210304,    0,    0,
474,20210305,    0,    0,
474,20210306,    0,    0,
474,20210307,    0,    0,
474,20210308,    0,    0,
474,20210309,   68,    0,
474,20210310,    3,    0,
474,20210311,   61,    0,
474,20210312,    4,    0,
474,20210313,  161,    0,
474,20210314,   48,    0,
474,20210315,   28,    0,
474,20210316,   15,    0,
474,20210317,   43,    0,
474,20210318,    4,    0,
474,20210319,    0,    0,
474,20210320,    0,    0,
474,20210321,    4,    0,
474,20210322,    0,    0,
474,20210323,    0,    0,
474,20210324,    0,    0,
474,20210325,    1,    0,
474,20210326,    0,    0,
474,20210327,   40,    0,
474,20210328,    1,    0,
474,20210329,    0,    0,
474,20210330,    0,    0,
474,20210331,    0,    0,
474,20210401,    0,    0,
474,20210402,    0,    0,
474,20210403,    0,    0,
474,20210404,    0,    0,
474,20210405,    2,    0,
474,20210406,   64,    0,
474,20210407,   85,    0,
474,20210408,   47,    0,
474,20210409,    0,    0,
474,20210410,    0,    0,
474,20210411,  118,    0,
474,20210412,   40,    0,
474,20210413,    2,    0,
474,20210414,    0,    0,
474,20210415,    0,    0,
474,20210416,    0,    0,
474,20210417,    0,    0,
474,20210418,    0,    0,
474,20210419,    0,    0,
474,20210420,    0,    0,
474,20210421,    0,    0,
474,20210422,    0,    0,
474,20210423,    0,    0,
474,20210424,    0,    0,
474,20210425,    0,    0,
474,20210426,    0,    0,
474,20210427,    0,    0,
474,20210428,    0,    0,
474,20210429,   87,    0,
474,20210430,   20,    0,
474,20210501,    3,    0,
474,20210502,    0,    0,
474,20210503,    0,    0,
474,20210504,   45,    0,
474,20210505,   36,    0,
474,20210506,   91,    0,
474,20210507,   35,    0,
474,20210508,    1,    0,
474,20210509,   39,    0,
474,20210510,  145,    0,
474,20210511,    1,    0,
474,20210512,   39,    0,
474,20210513,    0,    0,
474,20210514,   63,    0,
474,20210515,    1,    0,
474,20210516,   29,    0,
474,20210517,  100,    0,
474,20210518,   21,    0,
474,20210519,    8,    0,
474,20210520,    1,    0,
474,20210521,   15,    0,
474,20210522,  135,    0,
474,20210523,   23,    0,
474,20210524,   52,    0,
474,20210525,   90,    0,
474,20210526,   17,    0,
474,20210527,   41,    0,
474,20210528,    0,    0,
474,20210529,    0,    0,
474,20210530,    0,    0,
474,20210531,    0,    0,
474,20210601,    0,    0,
474,20210602,    0,    0,
474,20210603,    0,    0,
474,20210604,    0,    0,
474,20210605,   40,    0,
474,20210606,    0,    0,
474,20210607,    0,    0,
474,20210608,    0,    0,
474,20210609,    0,    0,
474,20210610,    0,    0,
474,20210611,    0,    0,
474,20210612,    0,    0,
474,20210613,    0,    0,
474,20210614,    0,    0,
474,20210615,    0,    0,
474,20210616,    0,    0,
474,20210617,    0,    0,
474,20210618,  201,    0,
474,20210619,  190,    0,
474,20210620,  321,    0,
474,20210621,   38,    0,
474,20210622,   23,    0,
474,20210623,    0,    0,
474,20210624,    0,    0,
474,20210625,    0,    0,
474,20210626,   54,    0,
474,20210627,   36,    0,
474,20210628,   92,    0,
474,20210629,   95,    0,
474,20210630,   61,    0,
474,20210701,   42,    0,
474,20210702,    4,    0,
474,20210703,    0,    0,
474,20210704,    4,    0,
474,20210705,    5,    0,
474,20210706,   57,    0,
474,20210707,    0,    0,
474,20210708,    0,    0,
474,20210709,    0,    0,
474,20210710,    0,    0,
474,20210711,    7,    0,
474,20210712,    8,    0,
474,20210713,   30,    0,
474,20210714,    1,    0,
474,20210715,    0,    0,
474,20210716,    0,    0,
474,20210717,    0,    0,
474,20210718,    0,    0,
474,20210719,    0,    0,
474,20210720,    0,    0,
474,20210721,    0,    0,
474,20210722,    0,    0,
474,20210723,    0,    0,
474,20210724,    0,    0,
474,20210725,    3,    0,
474,20210726,  154,    0,
474,20210727,   17,    0,
474,20210728,  110,    0,
474,20210729,   47,    0,
474,20210730,    1,    0,
474,20210731,  103,    0,
474,20210801,   38,    0,
474,20210802,   14,    0,
474,20210803,    0,    0,
474,20210804,    0,    0,
474,20210805,    4,    0,
474,20210806,   19,    0,
474,20210807,    3,    0,
474,20210808,  107,    0,
474,20210809,   31,    0,
474,20210810,   47,    0,
474,20210811,    1,    0,
474,20210812,    0,    0,
474,20210813,    0,    0,
474,20210814,    0,    0,
474,20210815,    0,    0,
474,20210816,   34,    0,
474,20210817,    6,    0,
474,20210818,   49,    0,
474,20210819,    1,    0,
474,20210820,   17,    0,
474,20210821,    1,    0,
474,20210822,  103,    0,
474,20210823,   60,    0,
474,20210824,    0,    0,
474,20210825,    0,    0,
474,20210826,    4,    0,
474,20210827,   10,    0,
474,20210828,    2,    0,
474,20210829,    4,    0,
474,20210830,   12,    0,
474,20210831,    0,    0,
474,20210901,    0,    0,
474,20210902,    0,    0,
474,20210903,    0,    0,
474,20210904,    0,    0,
474,20210905,    0,    0,
474,20210906,    0,    0,
474,20210907,    0,    0,
474,20210908,    0,    0,
474,20210909,    0,    0,
474,20210910,    0,    0,
474,20210911,    3,    0,
474,20210912,    4,    0,
474,20210913,    0,    0,
474,20210914,    0,    0,
474,20210915,    4,    0,
474,20210916,    1,    0,
474,20210917,    0,    0,
474,20210918,    0,    0,
474,20210919,    0,    0,
474,20210920,    2,    0,
474,20210921,    0,    0,
474,20210922,    0,    0,
474,20210923,    0,    0,
474,20210924,    0,    0,
474,20210925,    0,    0,
474,20210926,    0,    0,
474,20210927,    0,    0,
474,20210928,   50,    0,
474,20210929,   27,    0,
474,20210930,   39,    0,
474,20211001,    1,    0,
474,20211002,  147,    0,
474,20211003,  226,    0,
474,20211004,   39,    0,
474,20211005,   24,    0,
474,20211006,  263,    0,
474,20211007,   73,    0,
474,20211008,    1,    0,
474,20211009,    0,    0,
474,20211010,    0,    0,
474,20211011,    5,    0,
474,20211012,   48,    0,
474,20211013,   46,    0,
474,20211014,   25,    0,
474,20211015,   24,    0,
474,20211016,    0,    0,
474,20211017,    0,    0,
474,20211018,    2,    0,
474,20211019,   12,    0,
474,20211020,   27,    0,
474,20211021,  204,    0,
474,20211022,   43,    0,
474,20211023,   22,    0,
474,20211024,    0,    0,
474,20211025,   14,    0,
474,20211026,    1,    0,
474,20211027,    0,    0,
474,20211028,    0,    0,
474,20211029,    0,    0,
474,20211030,   29,    0,
474,20211031,   80,    0,
474,20211101,  159,    0,
474,20211102,    4,    0,
474,20211103,   80,    0,
474,20211104,   78,    0,
474,20211105,   95,    0,
474,20211106,    0,    0,
474,20211107,    4,    0,
474,20211108,    7,    0,
474,20211109,    0,    0,
474,20211110,    3,    0,
474,20211111,    0,    0,
474,20211112,    0,    0,
474,20211113,   55,    0,
474,20211114,    9,    0,
474,20211115,    0,    0,
474,20211116,    0,    0,
474,20211117,   15,    0,
474,20211118,    1,    0,
474,20211119,    0,    0,
474,20211120,    0,    0,
474,20211121,   29,    0,
474,20211122,   27,    0,
474,20211123,    2,    0,
474,20211124,    0,    0,
474,20211125,   14,    0,
474,20211126,   45,    0,
474,20211127,  185,    0,
474,20211128,  120,    0,
474,20211129,   87,    0,
474,20211130,   70,    0,
474,20211201,   42,    0,
474,20211202,   67,    0,
474,20211203,   19,    0,
474,20211204,    2,    0,
474,20211205,  119,    0,
474,20211206,   13,    0,
474,20211207,   79,    0,
474,20211208,   65,    0,
474,20211209,    0,    0,
474,20211210,   44,    0,
474,20211211,   38,    0,
474,20211212,   32,    0,
474,20211213,   19,    0,
474,20211214,    0,    0,
474,20211215,    5,    0,
474,20211216,    1,    0,
474,20211217,    2,    0,
474,20211218,    2,    0,
474,20211219,    4,    0,
474,20211220,    1,    0,
474,20211221,    0,    0,
474,20211222,    0,    0,
474,20211223,    2,    0,
474,20211224,   16,    0,
474,20211225,   40,    0,
474,20211226,    0,    0,
474,20211227,    4,    0,
474,20211228,   38,    0,
474,20211229,   49,    0,
474,20211230,   37,    0,
474,20211231,    1,    0,
474,20220101,    0,    0,
474,20220102,   14,    0,
474,20220103,   31,    0,
474,20220104,    8,    0,
474,20220105,   11,    0,
474,20220106,   41,    0,
474,20220107,   20,    0,
474,20220108,   54,    0,
474,20220109,  199,    0,
474,20220110,   13,    0,
474,20220111,    0,    0,
474,20220112,   14,    0,
474,20220113,    2,    0,
474,20220114,    0,    0,
474,20220115,    2,    0,
474,20220116,    0,    0,
474,20220117,    1,    0,
474,20220118,    0,    0,
474,20220119,    2,    0,
474,20220120,   18,    0,
474,20220121,    5,    0,
474,20220122,    0,    0,
474,20220123,    0,    0,
474,20220124,    0,    0,
474,20220125,    0,    0,
474,20220126,    0,    0,
474,20220127,   13,    0,
474,20220128,    0,    0,
474,20220129,    0,    0,
474,20220130,    0,    0,
474,20220131,   66,    0,
474,20220201,    5,    0,
474,20220202,    6,    0,
474,20220203,    0,    0,
474,20220204,   12,    0,
474,20220205,   94,    0,
474,20220206,   71,    0,
474,20220207,   72,    0,
474,20220208,    0,    0,
474,20220209,    0,    0,
474,20220210,   35,    0,
474,20220211,    3,    0,
474,20220212,    0,    0,
474,20220213,    0,    0,
474,20220214,    5,    0,
474,20220215,    2,    0,
474,20220216,  144,    0,
474,20220217,   18,    0,
474,20220218,    5,    0,
474,20220219,   12,    0,
474,20220220,  181,    0,
474,20220221,  131,    0,
474,20220222,    3,    0,
474,20220223,   15,    0,
474,20220224,    0,    0,
474,20220225,   45,    0,
474,20220226,    4,    0,
474,20220227,    0,    0,
474,20220228,    0,    0,
474,20220301,   10,    0,
474,20220302,   24,    0,
474,20220303,    0,    0,
474,20220304,    0,    0,
474,20220305,    0,    0,
474,20220306,    0,    0,
474,20220307,    0,    0,
474,20220308,    0,    0,
474,20220309,    0,    0,
474,20220310,    0,    0,
474,20220311,    0,    0,
474,20220312,    9,    0,
474,20220313,    2,    0,
474,20220314,    0,    0,
474,20220315,    0,    0,
474,20220316,    0,    0,
474,20220317,   18,    0,
474,20220318,    0,    0,
474,20220319,    0,    0,
474,20220320,    0,    0,
474,20220321,   11,    0,
474,20220322,    0,    0,
474,20220323,    0,    0,
474,20220324,    0,    0,
474,20220325,    0,    0,
474,20220326,    0,    0,
474,20220327,    0,    0,
474,20220328,    0,    0,
474,20220329,    0,    0,
474,20220330,    0,    0,
474,20220331,   68,    0,
474,20220401,  113,  998,
474,20220402,    0,    0,
474,20220403,    0,    0,
474,20220404,    2,    0,
474,20220405,   88,    0,
474,20220406,    3,    0,
474,20220407,  121,    0,
474,20220408,   46,    0,
474,20220409,   26,    0,
474,20220410,   64,    0,
474,20220411,    0,    0,
474,20220412,    0,    0,
474,20220413,    0,    0,
474,20220414,    0,    0,
474,20220415,    0,    0,
474,20220416,    0,    0,
474,20220417,    0,    0,
474,20220418,    0,    0,
474,20220419,    0,    0,
474,20220420,    0,    0,
474,20220421,    0,    0,
474,20220422,    0,    0,
474,20220423,    0,    0,
474,20220424,    0,    0,
474,20220425,   15,    0,
474,20220426,   56,    0,
474,20220427,    0,    0,
474,20220428,    0,    0,
474,20220429,    0,    0,
474,20220430,    0,    0,
474,20220501,    4,    0,
474,20220502,    0,    0,
474,20220503,    0,    0,
474,20220504,    0,    0,
474,20220505,    0,    0,
474,20220506,    0,    0,
474,20220507,    2,    0,
474,20220508,    0,    0,
474,20220509,    0,    0,
474,20220510,    0,    0,
474,20220511,    2,    0,
474,20220512,   64,    0,
474,20220513,    0,    0,
474,20220514,    0,    0,
474,20220515,    0,    0,
474,20220516,    0,    0,
474,20220517,   22,    0,
474,20220518,    0,    0,
474,20220519,    9,    0,
474,20220520,   19,    0,
474,20220521,  133,    0,
474,20220522,    0,    0,
474,20220523,    0,    0,
474,20220524,  147,    0,
474,20220525,    0,    0,
474,20220526,    0,    0,
474,20220527,    7,    0,
474,20220528,    0,    0,
474,20220529,   24,    0,
474,20220530,    3,    0,
474,20220531,    0,    0,
474,20220601,   82,    0,
474,20220602,    0,    0,
474,20220603,    0,    0,
474,20220604,    0,    0,
474,20220605,   14,    0,
474,20220606,  129,    0,
474,20220607,   41,    0,
474,20220608,    0,    0,
474,20220609,  101,    0,
474,20220610,    4,    0,
474,20220611,    0,    0,
474,20220612,    0,    0,
474,20220613,    0,    0,
474,20220614,    0,    0,
474,20220615,    0,    0,
474,20220616,    0,    0,
474,20220617,    0,    0,
474,20220618,    0,    0,
474,20220619,   23,    0,
474,20220620,    2,    0,
474,20220621,    0,    0,
474,20220622,    0,    0,
474,20220623,    0,    0,
474,20220624,  158,    0,
474,20220625,    2,    0,
474,20220626,   24,    0,
474,20220627,    0,    0,
474,20220628,  361,    0,
474,20220629,    0,    0,
474,20220630,    0,    0,
474,20220701,  122,    0,
474,20220702,    0,    0,
474,20220703,    0,    0,
474,20220704,    0,    0,
474,20220705,    0,    0,
474,20220706,    0,    0,
474,20220707,    3,    0,
474,20220708,    0,    0,
474,20220709,    0,    0,
474,20220710,    0,    0,
474,20220711,    0,    0,
474,20220712,    0,    0,
474,20220713,   10,    0,
474,20220714,    0,    0,
474,20220715,    0,    0,
474,20220716,    0,    0,
474,20220717,    0,    0,
474,20220718,    0,    0,
474,20220719,    0,    0,
474,20220720,    0,    0,
474,20220721,   58,    0,
474,20220722,   61,    0,
474,20220723,    0,    0,
474,20220724,    0,    0,
474,20220725,    0,    0,
474,20220726,   13,    0,
474,20220727,    2,    0,
474,20220728,    0,    0,
474,20220729,    0,    0,
474,20220730,    0,    0,
474,20220731,    1,    0,
474,20220801,   57,    0,
474,20220802,    0,    0,
474,20220803,    0,    0,
474,20220804,    0,    0,
474,20220805,    0,    0,
474,20220806,    0,    0,
474,20220807,    0,    0,
474,20220808,    0,    0,
474,20220809,    0,    0,
474,20220810,    0,    0,
474,20220811,    0,    0,
474,20220812,    0,    0,
474,20220813,    0,    0,
474,20220814,    0,    0,
474,20220815,    0,    0,
474,20220816,   30,    0,
474,20220817,  269,    0,
474,20220818,  139,    0,
474,20220819,    0,    0,
474,20220820,    6,    0,
474,20220821,    1,    0,
474,20220822,    0,    0,
474,20220823,    0,    0,
474,20220824,    0,    0,
474,20220825,    0,    0,
474,20220826,    2,    0,
474,20220827,    0,    0,
474,20220828,    0,    0,
474,20220829,    0,    0,
474,20220830,    0,    0,
474,20220831,    0,    0,
474,20220901,    0,    0,
474,20220902,    0,    0,
474,20220903,    0,    0,
474,20220904,    0,    0,
474,20220905,    0,    0,
474,20220906,  134,    0,
474,20220907,  314,    0,
474,20220908,  110,    0,
474,20220909,   31,    0,
474,20220910,  259,    0,
474,20220911,    0,    0,
474,20220912,    0,    0,
474,20220913,    1,    0,
474,20220914,    0,    0,
474,20220915,    0,    0,
474,20220916,   42,    0,
474,20220917,   62,    0,
474,20220918,   80,    0,
474,20220919,   82,    0,
474,20220920,   19,    0,
474,20220921,    0,    0,
474,20220922,    0,    0,
474,20220923,    0,    0,
474,20220924,  119,    0,
474,20220925,   15,    0,
474,20220926,   12,    0,
474,20220927,  248,    0,
474,20220928,  262,    0,
474,20220929,   51,    0,
474,20220930,   29,    0,
474,20221001,  176,    0,
474,20221002,    0,    0,
474,20221003,    0,    0,
474,20221004,    0,    0,
474,20221005,    0,    0,
474,20221006,   21,    0,
474,20221007,    0,    0,
474,20221008,   25,    0,
474,20221009,    0,    0,
474,20221010,    0,    0,
474,20221011,   13,    0,
474,20221012,    0,    0,
474,20221013,   69,    0,
474,20221014,  123,    0,
474,20221015,   16,    0,
474,20221016,   33,    0,
474,20221017,   30,    0,
474,20221018,   28,    0,
474,20221019,    0,    0,
474,20221020,    0,    0,
474,20221021,   46,    0,
474,20221022,    0,    0,
474,20221023,    0,    0,
474,20221024,   43,    0,
474,20221025,   45,    0,
474,20221026,    0,    0,
474,20221027,    0,    0,
474,20221028,    3,    0,
474,20221029,    0,    0,
474,20221030,    0,    0,
474,20221031,    0,    0,
474,20221101,    9,    0,
474,20221102,   61,    0,
474,20221103,    0,    0,
474,20221104,  166,    0,
474,20221105,   41,    0,
474,20221106,   34,    0,
474,20221107,  170,    0,
474,20221108,   18,    0,
474,20221109,   50,    0,
474,20221110,   21,    0,
474,20221111,    1,    0,
474,20221112,    0,    0,
474,20221113,    0,    0,
474,20221114,    0,    0,
474,20221115,    0,    0,
474,20221116,   83,    0,
474,20221117,  208,    0,
474,20221118,   66,    0,
474,20221119,   30,    0,
474,20221120,    0,    0,
474,20221121,  148,    0,
474,20221122,   41,    0,
474,20221123,   17,    0,
474,20221124,   48,    0,
474,20221125,   55,    0,
474,20221126,   17,    0,
474,20221127,   24,    0,
474,20221128,  137,    0,
474,20221129,    3,    0,
474,20221130,    1,    0,
474,20221201,    0,    0,
474,20221202,    0,    0,
474,20221203,    0,    0,
474,20221204,    0,    0,
474,20221205,    0,    0,
474,20221206,    1,    0,
474,20221207,   38,    0,
474,20221208,   82,    0,
474,20221209,   25,    0,
474,20221210,    4,    0,
474,20221211,   36,    0,
474,20221212,    0,    0,
474,20221213,    0,    0,
474,20221214,    0,    0,
474,20221215,    0,    0,
474,20221216,   16,    0,
474,20221217,    0,    0,
474,20221218,    0,    0,
474,20221219,   77,    0,
474,20221220,   24,    0,
474,20221221,   22,    0,
474,20221222,   33,    0,
474,20221223,   76,    0,
474,20221224,   77,    0,
474,20221225,    4,    0,
474,20221226,   52,    0,
474,20221227,    1,    0,
474,20221228,   13,    0,
474,20221229,   60,    0,
474,20221230,   14,    0,
474,20221231,  147,    0,
474,20230101,   92,    0,
474,20230102,   74,    0,
474,20230103,   14,    0,
474,20230104,  111,    0,
474,20230105,    3,    0,
474,20230106,   30,    0,
474,20230107,    2,    0,
474,20230108,   10,    0,
474,20230109,   31,    0,
474,20230110,    8,    0,
474,20230111,   84,    0,
474,20230112,  132,    0,
474,20230113,   95,    0,
474,20230114,   76,    0,
474,20230115,  145,    0,
474,20230116,   78,    0,
474,20230117,  139,    0,
474,20230118,    0,    0,
474,20230119,   82,    0,
474,20230120,  114,    0,
474,20230121,   61,    0,
474,20230122,    0,    0,
474,20230123,    0,    0,
474,20230124,    0,    0,
474,20230125,    0,    0,
474,20230126,   37,    0,
474,20230127,    0,    0,
474,20230128,    0,    0,
474,20230129,    0,    0,
474,20230130,    0,    0,
474,20230131,    1,    0,
474,20230201,    0,    0,
474,20230202,    0,    0,
474,20230203,    5,    0,
474,20230204,   10,    0,
474,20230205,   18,    0,
474,20230206,    0,    0,
474,20230207,    0,    0,
474,20230208,    0,    0,
474,20230209,    0,    0,
474,20230210,    2,    0,
474,20230211,    1,    0,
474,20230212,    0,    0,
474,20230213,    0,    0,
474,20230214,    0,    0,
474,20230215,    2,    0,
474,20230216,    0,    0,
474,20230217,   24,    0,
474,20230218,    4,    0,
474,20230219,   39,    0,
474,20230220,    2,    0,
474,20230221,    0,    0,
474,20230222,    0,    0,
474,20230223,    8,    0,
474,20230224,    1,    0,
474,20230225,   12,    0,
474,20230226,    0,    0,
474,20230227,    0,    0,
474,20230228,    3,    0,
474,20230301,    0,    0,
474,20230302,    0,    0,
474,20230303,    3,    0,
474,20230304,    0,    0,
474,20230305,    7,    0,
474,20230306,   19,    0,
474,20230307,   62,    0,
474,20230308,   27,    0,
474,20230309,   26,    0,
474,20230310,  213,    0,
474,20230311,   93,    0,
474,20230312,    3,    0,
474,20230313,   42,    0,
474,20230314,   66,    0,
474,20230315,   35,    0,
474,20230316,    6,    0,
474,20230317,    0,    0,
474,20230318,    8,    0,
474,20230319,   46,    0,
474,20230320,    5,    0,
474,20230321,  108,    0,
474,20230322,    2,    0,
474,20230323,   69,    0,
474,20230324,   74,    0,
474,20230325,    4,    0,
474,20230326,   15,    0,
474,20230327,    9,    0,
474,20230328,    0,    0,
474,20230329,    4,    0,
474,20230330,    0,    0,
474,20230331,   49,    0,
474,20230401,  147,    0,
474,20230402,    6,    0,
474,20230403,    0,    0,
474,20230404,    0,    0,
474,20230405,    0,    0,
474,20230406,    1,    0,
474,20230407,   94,    0,
474,20230408,    3,    0,
474,20230409,    0,    0,
474,20230410,    0,    0,
474,20230411,   88,    0,
474,20230412,   94,    0,
474,20230413,    9,    0,
474,20230414,    0,    0,
474,20230415,    0,    0,
474,20230416,    1,    0,
474,20230417,    0,    0,
474,20230418,    0,    0,
474,20230419,    0,    0,
474,20230420,    2,    0,
474,20230421,   44,    0,
474,20230422,   65,    0,
474,20230423,   12,    0,
474,20230424,  288,    0,
474,20230425,    3,    0,
474,20230426,    2,    0,
474,20230427,    0,    0,
474,20230428,    4,    0,
474,20230429,    6,    0,
474,20230430,    0,    0,
474,20230501,    0,    0,
474,20230502,   10,    0,
474,20230503,    0,    0,
474,20230504,    0,    0,
474,20230505,    0,    0,
474,20230506,    7,    0,
474,20230507,    9,    0,
474,20230508,   38,    0,
474,20230509,   39,    0,
474,20230510,  115,    0,
474,20230511,   47,    0,
474,20230512,   58,    0,
474,20230513,   10,    0,
474,20230514,    0,    0,
474,20230515,    0,    0,
474,20230516,    0,    0,
474,20230517,    0,    0,
474,20230518,    0,    0,
474,20230519,    0,    0,
474,20230520,    0,    0,
474,20230521,    0,    0,
474,20230522,    0,    0,
474,20230523,    0,    0,
474,20230524,    0,    0,
474,20230525,    0,    0,
474,20230526,    0,    0,
474,20230527,    0,    0,
474,20230528,    0,    0,
474,20230529,    0,    0,
474,20230530,    0,    0,
474,20230531,    0,    0,
474,20230601,    0,    0,
474,20230602,    0,    0,
474,20230603,    0,    0,
474,20230604,    0,    0,
474,20230605,    0,    0,
474,20230606,    0,    0,
474,20230607,    0,    0,
474,20230608,    0,    0,
474,20230609,    0,    0,
474,20230610,    0,    0,
474,20230611,    0,    0,
474,20230612,    0,    0,
474,20230613,    0,    0,
474,20230614,    0,    0,
474,20230615,    0,    0,
474,20230616,    0,    0,
474,20230617,    0,    0,
474,20230618,    0,    0,
474,20230619,   21,    0,
474,20230620,    0,    0,
474,20230621,   44,    0,
474,20230622,    0,    0,
474,20230623,    0,    0,
474,20230624,    0,    0,
474,20230625,    0,    0,
474,20230626,    0,    0,
474,20230627,    0,    0,
474,20230628,   14,    0,
474,20230629,    2,    0,
474,20230630,    1,    0,
474,20230701,  138,    0,
474,20230702,    0,    0,
474,20230703,    0,    0,
474,20230704,   60,    0,
474,20230705,  283,    0,
474,20230706,   74,    0,
474,20230707,    0,    0,
474,20230708,    0,    0,
474,20230709,    0,    0,
474,20230710,   12,    0,
474,20230711,    0,    0,
474,20230712,    6,    0,
474,20230713,    0,    0,
474,20230714,    0,    0,
474,20230715,    0,    0,
474,20230716,   17,    0,
474,20230717,    2,    0,
474,20230718,    5,    0,
474,20230719,    5,    0,
474,20230720,    0,    0,
474,20230721,    0,    0,
474,20230722,    4,    0,
474,20230723,   61,    0,
474,20230724,    1,    0,
474,20230725,    1,    0,
474,20230726,    0,    0,
474,20230727,  125,    0,
474,20230728,   52,    0,
474,20230729,    1,    0,
474,20230730,    0,    0,
474,20230731,  267,    0,
474,20230801,   34,    0,
474,20230802,  106,    0,
474,20230803,  238,    0,
474,20230804,   22,    0,
474,20230805,    0,    0,
474,20230806,  223,    0,
474,20230807,   45,    0,
474,20230808,    2,    0,
474,20230809,   20,    0,
474,20230810,    0,    0,
474,20230811,    0,    0,
474,20230812,   69,    0,
474,20230813,    0,    0,
474,20230814,    0,    0,
474,20230815,    0,    0,
474,20230816,    0,    0,
474,20230817,    0,    0,
474,20230818,    0,    0,
474,20230819,    4,    0,
474,20230820,    0,    0,
474,20230821,    0,    0,
474,20230822,    0,    0,
474,20230823,    0,    0,
474,20230824,    0,    0,
474,20230825,    7,    0,
474,20230826,   49,    0,
474,20230827,   80,    0,
474,20230828,    4,    0,
474,20230829,    0,    0,
474,20230830,   47,    0,
474,20230831,    8,    0,
474,20230901,    0,    0,
474,20230902,   18,    0,
474,20230903,    0,    0,
474,20230904,    0,    0,
474,20230905,    0,    0,
474,20230906,    0,    0,
474,20230907,    0,    0,
474,20230908,    0,    0,
474,20230909,    0,    0,
474,20230910,    0,    0,
474,20230911,    0,    0,
474,20230912,   11,    0,
474,20230913,    7,    0,
474,20230914,    0,    0,
474,20230915,    0,    0,
474,20230916,    0,    0,
474,20230917,   12,    0,
474,20230918,   95,    0,
474,20230919,   40,    0,
474,20230920,   44,    0,
474,20230921,  126,    0,
474,20230922,  142,    0,
474,20230923,  207,    0,
474,20230924,   75,    0,
474,20230925,    0,    0,
474,20230926,    0,    0,
474,20230927,    0,    0,
474,20230928,    0,    0,
474,20230929,    5,    0,
474,20230930,   17,    0,
474,20231001,    0,    0,
474,20231002,    0,    0,
474,20231003,    2,    0,
474,20231004,   43,    0,
474,20231005,    1,    0,
474,20231006,    0,    0,
474,20231007,    0,    0,
474,20231008,    0,    0,
474,20231009,    0,    0,
474,20231010,    0,    0,
474,20231011,    0,    0,
474,20231012,  117,    0,
474,20231013,  391,    0,
474,20231014,   88,    0,
474,20231015,   35,    0,
474,20231016,   51,    0,
474,20231017,    0,    0,
474,20231018,    0,    0,
474,20231019,  165,    0,
474,20231020,   27,    0,
474,20231021,  138,    0,
474,20231022,  153,    0,
474,20231023,    1,    0,
474,20231024,   87,    0,
474,20231025,   46,    0,
474,20231026,   49,    0,
474,20231027,   61,    0,
474,20231028,   32,    0,
474,20231029,  123,    0,
474,20231030,   71,    0,
474,20231031,  169,    0,
474,20231101,  119,    0,
474,20231102,   28,    0,
474,20231103,  358,    0,
474,20231104,   28,    0,
474,20231105,   66,    0,
474,20231106,   67,    0,
474,20231107,   57,    0,
474,20231108,   48,    0,
474,20231109,  204,    0,
474,20231110,  121,    0,
474,20231111,  254,    0,
474,20231112,   31,    0,
474,20231113,   39,    0,
474,20231114,   25,    0,
474,20231115,  138,    0,
474,20231116,   31,    0,
474,20231117,    1,    0,
474,20231118,    1,    0,
474,20231119,  129,    0,
474,20231120,   30,    0,
474,20231121,   17,    0,
474,20231122,    1,    0,
474,20231123,    0,    0,
474,20231124,   64,    0,
474,20231125,   50,    0,
474,20231126,   80,    0,
474,20231127,   58,    0,
474,20231128,  131,    0,
474,20231129,   51,    0,
474,20231130,   12,    0,
474,20231201,    0,    0,
474,20231202,    0,    0,
474,20231203,   25,    0,
474,20231204,   35,    0,
474,20231205,   17,    0,
474,20231206,   15,    0,
474,20231207,    6,    0,
474,20231208,   36,    0,
474,20231209,    2,    0,
474,20231210,   79,    0,
474,20231211,   62,    0,
474,20231212,   25,    0,
474,20231213,   63,    0,
474,20231214,  109,    0,
474,20231215,    2,    0,
474,20231216,    0,    0,
474,20231217,    0,    0,
474,20231218,    0,    0,
474,20231219,   77,    0,
474,20231220,  140,    0,
474,20231221,    3,    0,
474,20231222,   92,    0,
474,20231223,  107,    0,
474,20231224,   55,    0,
474,20231225,   75,    0,
474,20231226,  161,    0,
474,20231227,   34,    0,
474,20231228,    4,    0,
474,20231229,   25,    0,
474,20231230,  114,    0,
474,20231231,    6,    0,
474,20240101,  112,    0,
474,20240102,  129,    0,
474,20240103,  142,    0,
474,20240104,  174,    0,
474,20240105,   80,    0,
474,20240106,   40,    0,
474,20240107,    1,    0,
474,20240108,    0,    0,
474,20240109,    0,    0,
474,20240110,    0,    0,
474,20240111,    0,    0,
474,20240112,    0,    0,
474,20240113,    5,    0,
474,20240114,    3,    0,
474,20240115,   64,    0,
474,20240116,   40,    0,
474,20240117,    1,    0,
474,20240118,    2,  998,
474,20240119,    5,    0,
474,20240120,    0,    0,
474,20240121,    0,    0,
474,20240122,   21,    0,
474,20240123,    6,    0,
474,20240124,   64,    0,
474,20240125,    0,    0,
474,20240126,   65,    0,
474,20240127,   12,    0,
474,20240128,    0,    0,
474,20240129,    0,    0,
474,20240130,    1,    0,
474,20240131,    9,    0,
474,20240201,   48,    0,
474,20240202,    0,    0,
474,20240203,    0,    0,
474,20240204,    8,    0,
474,20240205,    0,    0,
474,20240206,    0,    0,
474,20240207,  186,    0,
474,20240208,    1,    0,
474,20240209,  239,    0,
474,20240210,    5,    0,
474,20240211,   56,    0,
474,20240212,    1,    0,
474,20240213,    0,    0,
474,20240214,   74,    0,
474,20240215,  143,    0,
474,20240216,    3,    0,
474,20240217,   21,    0,
474,20240218,   60,    0,
474,20240219,  149,    0,
474,20240220,   14,    0,
474,20240221,    1,    0,
474,20240222,   86,    0,
474,20240223,  156,    0,
474,20240224,   15,    0,
474,20240225,  107,    0,
474,20240226,    0,    0,
474,20240227,    0,    0,
474,20240228,    0,    0,
474,20240229,   20,    0,
474,20240301,   28,    0,
474,20240302,   24,    0,
474,20240303,    0,    0,
474,20240304,    0,    0,
474,20240305,    0,    0,
474,20240306,    5,    0,
474,20240307,    0,    0,
474,20240308,    0,    0,
474,20240309,    0,    0,
474,20240310,    0,    0,
474,20240311,    0,    0,
474,20240312,   47,    0,
474,20240313,   34,    0,
474,20240314,    0,    0,
474,20240315,    9,    0,
474,20240316,    5,    0,
474,20240317,    0,    0,
474,20240318,   39,    0,
474,20240319,    0,    0,
474,20240320,    0,    0,
474,20240321,    0,    0,
474,20240322,    0,    0,
474,20240323,   10,    0,
474,20240324,   43,    0,
474,20240325,   37,    0,
474,20240326,    0,    0,
474,20240327,    3,    0,
474,20240328,    4,    0,
474,20240329,   20,    0,
474,20240330,   33,    0,
474,20240331,   43,    0,
474,20240401,   51,    0,
474,20240402,    0,    0,
474,20240403,   41,    0,
474,20240404,   71,    0,
474,20240405,   15,    0,
474,20240406,   12,    0,
474,20240407,   13,    0,
474,20240408,    0,    0,
474,20240409,   14,    0,
474,20240410,    4,    0,
474,20240411,    7,    0,
474,20240412,    0,    0,
474,20240413,    0,    0,
474,20240414,    0,    0,
474,20240415,    0,    0,
474,20240416,  234,    0,
474,20240417,   85,    0,
474,20240418,   32,    0,
474,20240419,   63,    0,
474,20240420,    7,    0,
474,20240421,   15,    0,
474,20240422,   24,    0,
474,20240423,    3,    0,
474,20240424,   29,    0,
474,20240425,    7,    0,
474,20240426,   65,    0,
474,20240427,   58,    0,
474,20240428,    3,    0,
474,20240429,    2,    0,
474,20240430,    3,    0,
474,20240501,    2,    0,
474,20240502,    0,    0,
474,20240503,  105,    0,
474,20240504,   46,    0,
474,20240505,   54,    0,
474,20240506,    0,    0,
474,20240507,    0,    0,
474,20240508,    0,    0,
474,20240509,    0,    0,
474,20240510,    0,    0,
474,20240511,    0,    0,
474,20240512,    0,    0,
474,20240513,    0,    0,
474,20240514,    3,    0,
474,20240515,   40,    0,
474,20240516,   67,    0,
474,20240517,    0,    0,
474,20240518,    9,    0,
474,20240519,    0,    0,
474,20240520,    3,    0,
474,20240521,   31,    0,
474,20240522,  420,    0,
474,20240523,    1,    0,
474,20240524,    0,    0,
474,20240525,  117,    0,
474,20240526,    1,    0,
474,20240527,   98,    0,
474,20240528,    0,    0,
474,20240529,  307,    0,
474,20240530,    6,    0,
474,20240531,   17,    0,
474,20240601,   28,    0,
474,20240602,    1,    0,
474,20240603,    0,    0,
474,20240604,    0,    0,
474,20240605,   24,    0,
474,20240606,    1,    0,
474,20240607,    0,    0,
474,20240608,    0,    0,
474,20240609,   12,    0,
474,20240610,  128,    0,
474,20240611,  144,    0,
474,20240612,   30,    0,
474,20240613,   12,    0,
474,20240614,    2,    0,
474,20240615,  106,    0,
474,20240616,   13,    0,
474,20240617,   22,    0,
474,20240618,    0,    0,
474,20240619,    1,    0,
474,20240620,    0,    0,
474,20240621,    0,    0,
474,20240622,   32,    0,
474,20240623,    0,    0,
474,20240624,    0,    0,
474,20240625,    0,    0,
474,20240626,    0,    0,
474,20240627,    0,    0,
474,20240628,    0,    0,
474,20240629,    0,    0,
474,20240630,    0,    0,
474,20240701,    2,    0,
474,20240702,   69,    0,
474,20240703,   46,    0,
474,20240704,  139,    0,
474,20240705,    0,    0,
474,20240706,  218,    0,
474,20240707,    8,    0,
474,20240708,   44,    0,
474,20240709,    1,    0,
474,20240710,  145,    0,
474,20240711,    9,    0,
474,20240712,    0,    0,
474,20240713,  134,    0,
474,20240714,   26,    0,
474,20240715,    0,    0,
474,20240716,    8,    0,
474,20240717,   14,    0,
474,20240718,    0,    0,
474,20240719,    0,    0,
474,20240720,    0,    0,
474,20240721,   44,    0,
474,20240722,   65,    0,
474,20240723,    3,    0,
474,20240724,    0,    0,
474,20240725,    0,    0,
474,20240726,   89,    0,
474,20240727,    0,    0,
474,20240728,    0,    0,
474,20240729,    0,    0,
474,20240730,    0,    0,
474,20240731,    0,    0,
474,20240801,    0,    0,
474,20240802,    0,    0,
474,20240803,    0,    0,
474,20240804,    0,    0,
474,20240805,    0,    0,
474,20240806,    0,    0,
474,20240807,    2,    0,
474,20240808,    0,    0,
474,20240809,    0,    0,
474,20240810,    0,    0,
474,20240811,    0,    0,
474,20240812,    0,    0,
474,20240813,    0,    0,
474,20240814,    4,    0,
474,20240815,    2,    0,
474,20240816,  127,    0,
474,20240817,    2,    0,
474,20240818,    0,    0,
474,20240819,    0,    0,
474,20240820,    0,    0,
474,20240821,  136,    0,
474,20240822,    0,    0,
474,20240823,    0,    0,
474,20240824,   89,    0,
474,20240825,  175,    0,
474,20240826,    4,    0,
474,20240827,    0,    0,
474,20240828,    0,    0,
474,20240829,    0,    0,
474,20240830,    0,    0,
474,20240831,    0,    0,
474,20240901,    0,    0,
474,20240902,    0,    0,
474,20240903,    0,    0,
474,20240904,    3,    0,
474,20240905,    0,    0,
474,20240906,    0,    0,
474,20240907,  263,    0,
474,20240908,   36,    0,
474,20240909,    0,    0,
474,20240910,    7,    0,
474,20240911,  339,    0,
474,20240912,  144,    0,
474,20240913,   73,    0,
474,20240914,    1,    0,
474,20240915,    0,    0,
474,20240916,    0,    0,
474,20240917,    0,    0,
474,20240918,    0,    0,
474,20240919,    0,    0,
474,20240920,    0,    0,
474,20240921,    0,    0,
474,20240922,    0,    0,
474,20240923,    1,    0,
474,20240924,    7,    0,
474,20240925,   35,    0,
474,20240926,  115,    0,
474,20240927,  143,    0,
474,20240928,  365,    0,
474,20240929,   15,    0,
474,20240930,    0,    0,
474,20241001,  249,    0,
474,20241002,   58,    0,
474,20241003,    1,    0,
474,20241004,    0,    0,
474,20241005,    0,    0,
474,20241006,    0,    0,
474,20241007,    7,    0,
474,20241008,   19,    0,
474,20241009,    0,    0,
474,20241010,   45,    0,
474,20241011,   39,    0,
474,20241012,    0,    0,
474,20241013,   72,    0,
474,20241014,    3,    0,
474,20241015,    0,    0,
474,20241016,    0,    0,
474,20241017,    9,    0,
474,20241018,    3,    0,
474,20241019,    1,    0,
474,20241020,    2,    0,
474,20241021,    6,    0,
474,20241022,  110,    0,
474,20241023,    3,    0,
474,20241024,    0,    0,
474,20241025,    0,    0,
474,20241026,    0,    0,
474,20241027,    0,    0,
474,20241028,   14,    0,
474,20241029,   50,    0,
474,20241030,   17,    0,
474,20241031,    2,    0,
474,20241101,    0,    0,
474,20241102,    2,    0,
474,20241103,    0,    0,
474,20241104,    0,    0,
474,20241105,    0,    0,
474,20241106,    0,    0,
474,20241107,    0,    0,
474,20241108,    0,    0,
474,20241109,    0,    0,
474,20241110,    5,    0,
474,20241111,   15,    0,
474,20241112,   21,    0,
474,20241113,    0,    0,
474,20241114,   19,    0,
474,20241115,   20,    0,
474,20241116,    1,    0,
474,20241117,   72,    0,
474,20241118,   59,    0,
474,20241119,   86,    0,
474,20241120,  121,    0,
474,20241121,  150,    0,
474,20241122,   11,    0,
474,20241123,   26,    0,
474,20241124,  105,    0,
474,20241125,   14,    0,
474,20241126,   31,    0,
474,20241127,   82,    0,
474,20241128,   89,    0,
474,20241129,    0,    0,
474,20241130,    0,    0,
474,20241201,    0,    0,
474,20241202,   17,    0,
474,20241203,  102,    0,
474,20241204,   13,    0,
474,20241205,   15,    0,
474,20241206,  222,    0,
474,20241207,   47,    0,
474,20241208,  159,    0,
474,20241209,    0,    0,
474,20241210,    0,    0,
474,20241211,    0,    0,
474,20241212,    0,    0,
474,20241213,    3,    0,
474,20241214,    2,    0,
474,20241215,   36,    0,
474,20241216,    2,    0,
474,20241217,    0,    0,
474,20241218,    3,    0,
474,20241219,  148,    0,
474,20241220,   82,    0,
474,20241221,   19,    0,
474,20241222,   33,    0,
474,20241223,   71,    0,
474,20241224,   39,    0,
474,20241225,   22,    0,
474,20241226,    2,    0,
474,20241227,    3,    0,
474,20241228,    1,    0,
474,20241229,    4,    0,
474,20241230,    2,    0,
474,20241231,    0,    0,
474,20250101,    0,    0,
474,20250102,  189,    0,
474,20250103,   46,    0,
474,20250104,   58,    0,
474,20250105,   55,  998,
474,20250106,  172,    0,
474,20250107,   26,    0,
474,20250108,   10,    0,
474,20250109,    0,    0,
474,20250110,   40,    0,
474,20250111,   17,    0,
474,20250112,    4,    0,
474,20250113,    0,    0,
474,20250114,    0,    0,
474,20250115,    2,    0,
474,20250116,    0,    0,
474,20250117,    1,    0,
474,20250118,    0,    0,
474,20250119,    0,    0,
474,20250120,    0,    0,
474,20250121,    0,    0,
474,20250122,    0,    0,
474,20250123,   66,    0,
474,20250124,   38,    0,
474,20250125,   50,    0,
474,20250126,    3,    0,
474,20250127,  122,    0,
474,20250128,    3,    0,
474,20250129,   88,    0,
474,20250130,    6,    0,
474,20250131,    5,    0,
474,20250201,    0,    0,
474,20250202,    0,    0,
474,20250203,    0,    0,
474,20250204,    0,    0,
474,20250205,    0,    0,
474,20250206,    1,    0,
474,20250207,    0,    0,
474,20250208,    0,    0,
474,20250209,    0,    0,
474,20250210,    0,    0,
474,20250211,   83,    0,
474,20250212,   25,    0,
474,20250213,    0,    0,
474,20250214,    0,    0,
474,20250215,    0,    0,
474,20250216,    0,    0,
474,20250217,    0,    0,
474,20250218,    0,    0,
474,20250219,    0,    0,
474,20250220,    5,    0,
474,20250221,    0,    0,
474,20250222,   12,    0,
474,20250223,   42,    0,
474,20250224,    7,    0,
474,20250225,   84,    0,
474,20250226,    0,    0,
474,20250227,   51,    0,
474,20250228,   22,    0,
474,20250301,    0,    0,
474,20250302,    0,    0,
474,20250303,    0,    0,
474,20250304,    0,    0,
474,20250305,    0,    0,
474,20250306,    0,    0,
474,20250307,    0,    0,
474,20250308,    0,    0,
474,20250309,    0,    0,
474,20250310,    0,    0,
474,20250311,    0,    0,
474,20250312,   10,    0,
474,20250313,   14,    0,
474,20250314,    0,    0,
474,20250315,    0,    0,
474,20250316,    0,    0,
474,20250317,    0,    0,
474,20250318,    0,    0,
474,20250319,    0,    0,
474,20250320,    0,    0,
474,20250321,    0,    0,
474,20250322,   10,    0,
474,20250323,   11,    0,
474,20250324,    0,    0,
474,20250325,    0,    0,
474,20250326,    2,    0,
474,20250327,    0,    0,
474,20250328,    0,    0,
474,20250329,    0,    0,
474,20250330,    5,    0,
474,20250331,    0,    0,
474,20250401,    0,    0,
474,20250402,    0,    0,
474,20250403,    0,    0,
474,20250404,    0,    0,
474,20250405,    0,    0,
474,20250406,    0,    0,
474,20250407,    0,    0,
474,20250408,    0,    0,
474,20250409,    0,    0,
474,20250410,    0,    0,
474,20250411,    0,    0,
474,20250412,    0,    0,
474,20250413,   29,    0,
474,20250414,    0,    0,
474,20250415,    0,    0,
474,20250416,   32,    0,
474,20250417,    0,    0,
474,20250418,    0,    0,
474,20250419,    0,    0,
474,20250420,    0,    0,
474,20250421,   38,    0,
474,20250422,    3,    0,
474,20250423,    0,    0,
474,20250424,   17,    0,
474,20250425,   21,    0,
474,20250426,    0,    0,
474,20250427,    0,    0,
474,20250428,    0,    0,
474,20250429,    0,    0,
474,20250430,    0,    0,
474,20250501,    0,    0,
474,20250502,    0,    0,
474,20250503,    0,    0,
474,20250504,    1,    0,
474,20250505,    2,    0,
474,20250506,    1,    0,
474,20250507,    0,    0,
474,20250508,    0,    0,
474,20250509,    0,    0,
474,20250510,    0,    0,
474,20250511,    0,    0,
474,20250512,    0,    0,
474,20250513,    0,    0,
474,20250514,    0,    0,
474,20250515,    0,    0,
474,20250516,    0,    0,
474,20250517,    0,    0,
474,20250518,    0,    0,
474,20250519,    0,    0,
474,20250520,    0,    0,
474,20250521,    0,    0,
474,20250522,    0,    0,
474,20250523,    3,    0,
474,20250524,    2,    0,
474,20250525,   99,    0,
474,20250526,    0,    0,
474,20250527,   47,    0,
474,20250528,  128,    0,
474,20250529,    9,    0,
474,20250530,    0,    0,
474,20250531,    0,    0,
474,20250601,    0,    0,
474,20250602,    2,    0,
474,20250603,    0,    0,
474,20250604,   36,    0,
474,20250605,    0,    0,
474,20250606,  135,    0,
474,20250607,  113,    0,
474,20250608,  389,    0,
474,20250609,   28,    0,
474,20250610,    6,    0,
474,20250611,    6,    0,
474,20250612,    0,    0,
474,20250613,    0,    0,
474,20250614,    2,    0,
474,20250615,    0,    0,
474,20250616,    0,    0,
474,20250617,    0,    0,
474,20250618,    0,    0,
474,20250619,    0,    0,
474,20250620,    0,    0,
474,20250621,    0,    0,
474,20250622,    0,    0,
474,20250623,    0,    0,
474,20250624,    0,    0,
474,20250625,    0,    0,
474,20250626,   32,    0,
474,20250627,   23,    0,
474,20250628,    0,    0,
474,20250629,    0,    0,
474,20250630,    0,    0,
474,20250701,    0,    0,
474,20250702,    0,    0,
474,20250703,   18,    0,
474,20250704,    0,    0,
474,20250705,    0,    0,
474,20250706,   10,    0,
474,20250707,  124,    0,
474,20250708,  154,    0,
474,20250709,    0,    0,
474,20250710,    0,    0,
474,20250711,    2,    0,
474,20250712,    0,    0,
474,20250713,    0,    0,
474,20250714,    0,    0,
474,20250715,    0,    0,
474,20250716,   92,    0,
474,20250717,   35,    0,
474,20250718,    0,    0,
474,20250719,    0,    0,
474,20250720,    4,    0,
474,20250721,    0,    0,
474,20250722,   73,    0,
474,20250723,    0,    0,
474,20250724,    0,    0,
474,20250725,   13,    0,
474,20250726,    0,    0,
474,20250727,   32,    0,
474,20250728,   10,    0,
474,20250729,    0,    0,
474,20250730,    0,    0,
474,20250731,    0,    0,
474,20250801,   26,    0,
474,20250802,  129,    0,
474,20250803,    7,    0,
474,20250804,   38,    0,
474,20250805,   40,    0,
474,20250806,   62,    0,
474,20250807,    0,    0,
474,20250808,    0,    0,
474,20250809,    0,    0,
474,20250810,    0,    0,
474,20250811,    0,    0,
474,20250812,    0,    0,
474,20250813,    0,    0,
474,20250814,    7,    0,
474,20250815,    0,    0,
474,20250816,    0,    0,
474,20250817,    0,    0,
474,20250818,    3,    0,
474,20250819,    0,    0,
474,20250820,    0,    0,
474,20250821,    0,    0,
474,20250822,    6,    0,
474,20250823,   51,    0,
474,20250824,    0,    0,
474,20250825,    0,    0,
474,20250826,    0,    0,
474,20250827,    0,    0,
474,20250828,    0,    0,
474,20250829,  156,    0,
474,20250830,  150,    0,
474,20250831,    5,    0,
474,20250901,   27,    0,
474,20250902,   12,    0,
474,20250903,   24,    0,
474,20250904,   64,    0,
474,20250905,   22,    0,
474,20250906,    0,    0,
474,20250907,    0,    0,
474,20250908,    0,    0,
474,20250909,    0,    0,
474,20250910,  121,    0,
